order_id,distance_km,prep_time_min,items_count,weather,traffic_level,time_of_day,vehicle_type,rider_experience_yrs,delivery_time_min
ORD_000001,6.77,15,2,Windy,Medium,Evening Peak,Motorcycle,3.8,35.0
ORD_000002,4.74,10,1,Clear,Low,Morning,Motorcycle,3.6,19.9
ORD_000003,4.48,20,1,Windy,Jam,Late Night,Scooter,1.6,44.6
ORD_000004,4.48,25,2,Clear,Low,Afternoon,Motorcycle,4.1,30.4
ORD_000005,11.64,10,1,Foggy,Medium,Evening Peak,Scooter,3.6,44.5
ORD_000006,7.81,20,3,Rainy,Medium,Afternoon,Motorcycle,4.7,47.7
ORD_000007,3.89,10,4,Clear,High,Evening Peak,Scooter,1.1,29.0
ORD_000008,6.93,10,2,Foggy,Medium,Afternoon,Scooter,2.9,38.3
ORD_000009,5.89,20,3,Clear,Medium,Evening Peak,Motorcycle,6.0,38.7
ORD_000010,1.59,20,1,Clear,High,Morning,Motorcycle,4.3,24.6
ORD_000011,2.78,20,2,Clear,High,Afternoon,Motorcycle,4.3,30.3
ORD_000012,6.13,25,3,Clear,Low,Evening Peak,Motorcycle,2.2,40.2
ORD_000013,11.04,10,5,Windy,Medium,Evening Peak,Motorcycle,1.0,42.5
ORD_000014,4.5,10,1,Windy,Low,Morning,Motorcycle,5.7,16.7
ORD_000015,3.72,25,3,Clear,High,Afternoon,Scooter,1.1,40.5
ORD_000016,5.47,20,3,Clear,Jam,Morning,Scooter,6.0,48.6
ORD_000017,3.59,15,3,Clear,Medium,Evening Peak,Motorcycle,1.2,24.3
ORD_000018,4.33,20,2,Heavy Storm,Medium,Late Night,Motorcycle,1.4,46.1
ORD_000019,5.09,25,8,Windy,Medium,Afternoon,Motorcycle,2.2,46.6
ORD_000020,2.71,20,2,Rainy,Medium,Evening Peak,Motorcycle,3.3,33.5
ORD_000021,8.03,25,2,Clear,Medium,Evening Peak,Motorcycle,4.8,45.1
ORD_000022,2.44,15,3,Clear,Medium,Morning,Scooter,5.8,23.6
ORD_000023,2.28,15,1,Windy,Low,Evening Peak,Scooter,2.5,29.4
ORD_000024,5.74,25,2,Clear,Low,Evening Peak,Electric Bike,0.6,40.5
ORD_000025,7.69,20,2,Clear,High,Evening Peak,Electric Bike,3.9,54.6
ORD_000026,5.66,15,1,Clear,High,Morning,Motorcycle,4.4,36.3
ORD_000027,4.8,20,1,Windy,High,Morning,Motorcycle,2.7,37.3
ORD_000028,4.31,20,8,Windy,Medium,Late Night,Motorcycle,1.5,36.6
ORD_000029,3.91,15,1,Clear,Jam,Late Night,Motorcycle,2.2,33.3
ORD_000030,9.05,20,2,Foggy,Low,Morning,Scooter,4.1,44.5
ORD_000031,6.16,10,1,Windy,Medium,Evening Peak,Motorcycle,3.2,24.4
ORD_000032,4.1,15,2,Clear,Medium,Morning,Motorcycle,4.6,23.7
ORD_000033,3.43,20,3,Foggy,Medium,Evening Peak,Motorcycle,1.7,36.0
ORD_000034,7.2,10,1,Clear,High,Morning,Motorcycle,5.1,29.9
ORD_000035,8.93,15,3,Rainy,Medium,Evening Peak,Electric Bike,1.4,57.8
ORD_000036,8.49,25,2,Clear,Medium,Evening Peak,Electric Bike,2.3,61.9
ORD_000037,3.1,20,2,Clear,Medium,Morning,Motorcycle,3.8,24.9
ORD_000038,4.29,15,2,Foggy,High,Evening Peak,Motorcycle,4.6,31.4
ORD_000039,3.87,15,4,Clear,Medium,Late Night,Scooter,2.0,29.2
ORD_000040,4.61,15,2,Rainy,Medium,Morning,Motorcycle,5.7,33.1
ORD_000041,7.99,20,1,Clear,High,Evening Peak,Motorcycle,4.4,45.7
ORD_000042,10.48,15,3,Windy,Medium,Afternoon,Motorcycle,1.7,45.8
ORD_000043,6.29,15,3,Clear,Medium,Afternoon,Scooter,4.5,34.6
ORD_000044,3.5,15,2,Foggy,Medium,Evening Peak,Motorcycle,4.3,26.3
ORD_000045,5.03,15,3,Clear,Low,Late Night,Scooter,4.6,25.2
ORD_000046,11.56,10,3,Rainy,Medium,Afternoon,Motorcycle,5.5,46.4
ORD_000047,5.39,10,1,Clear,Medium,Late Night,Scooter,4.4,27.3
ORD_000048,4.31,30,8,Clear,Low,Morning,Electric Bike,2.4,46.5
ORD_000049,4.52,35,3,Clear,Low,Late Night,Scooter,4.8,48.5
ORD_000050,6.27,15,3,Heavy Storm,Jam,Morning,Motorcycle,4.3,53.4
ORD_000051,3.16,25,4,Foggy,Medium,Morning,Electric Bike,3.7,44.0
ORD_000052,3.82,20,5,Clear,Medium,Late Night,Motorcycle,2.4,34.9
ORD_000053,8.43,10,3,Rainy,Medium,Afternoon,Motorcycle,5.6,38.1
ORD_000054,6.17,15,3,Rainy,Medium,Morning,Motorcycle,3.3,43.0
ORD_000055,5.43,15,1,Clear,Low,Late Night,Motorcycle,4.0,24.9
ORD_000056,8.66,20,2,Clear,High,Late Night,Scooter,2.8,53.4
ORD_000057,3.38,20,2,Clear,High,Evening Peak,Motorcycle,4.8,27.5
ORD_000058,4.24,30,2,Clear,Jam,Late Night,Motorcycle,2.4,49.6
ORD_000059,6.06,25,2,Clear,Low,Afternoon,Electric Bike,5.0,39.7
ORD_000060,5.95,25,2,Rainy,Medium,Evening Peak,Motorcycle,1.1,43.6
ORD_000061,2.16,25,2,Clear,High,Evening Peak,Motorcycle,4.4,33.6
ORD_000062,4.01,25,6,Rainy,Low,Late Night,Scooter,3.1,44.6
ORD_000063,4.68,15,3,Rainy,High,Late Night,Motorcycle,4.3,39.8
ORD_000064,6.43,15,2,Foggy,Medium,Morning,Motorcycle,3.4,35.7
ORD_000065,5.94,20,2,Clear,Medium,Afternoon,Scooter,1.2,34.8
ORD_000066,4.92,20,4,Windy,Jam,Evening Peak,Electric Bike,3.1,54.8
ORD_000067,1.58,15,3,Foggy,Medium,Late Night,Motorcycle,5.8,22.6
ORD_000068,5.06,25,4,Clear,Medium,Afternoon,Scooter,4.7,39.0
ORD_000069,5.31,30,3,Foggy,Medium,Morning,Scooter,2.2,50.2
ORD_000070,17.18,20,5,Clear,Low,Morning,Scooter,5.7,62.4
ORD_000071,4.59,15,2,Clear,Jam,Afternoon,Motorcycle,4.8,33.5
ORD_000072,6.08,25,4,Foggy,Low,Morning,Scooter,2.5,45.5
ORD_000073,9.44,10,1,Clear,Medium,Morning,Electric Bike,3.8,44.0
ORD_000074,7.75,10,3,Rainy,Medium,Afternoon,Motorcycle,2.8,37.9
ORD_000075,10.71,25,2,Windy,Medium,Evening Peak,Motorcycle,1.0,55.7
ORD_000076,2.18,20,2,Windy,Low,Evening Peak,Electric Bike,4.9,23.2
ORD_000077,2.82,15,3,Clear,Medium,Evening Peak,Scooter,1.6,22.5
ORD_000078,3.67,25,3,Clear,Medium,Afternoon,Motorcycle,3.0,34.5
ORD_000079,1.98,15,3,Windy,Medium,Morning,Scooter,4.4,18.8
ORD_000080,5.34,20,1,Foggy,High,Afternoon,Motorcycle,5.6,36.9
ORD_000081,2.95,20,2,Clear,Medium,Evening Peak,Scooter,0.8,31.0
ORD_000082,11.49,15,6,Clear,High,Afternoon,Motorcycle,2.7,54.3
ORD_000083,3.21,15,3,Rainy,High,Afternoon,Motorcycle,3.9,33.8
ORD_000084,4.25,30,2,Windy,Jam,Afternoon,Scooter,4.8,53.8
ORD_000085,8.0,15,3,Windy,Low,Morning,Motorcycle,5.6,29.0
ORD_000086,2.43,15,1,Clear,Medium,Evening Peak,Scooter,0.5,27.1
ORD_000087,1.91,15,2,Windy,Medium,Late Night,Motorcycle,4.0,20.6
ORD_000088,5.7,10,5,Foggy,Low,Afternoon,Motorcycle,0.5,26.3
ORD_000089,5.94,25,2,Clear,Jam,Evening Peak,Scooter,4.8,55.6
ORD_000090,7.87,10,6,Clear,Low,Morning,Motorcycle,1.3,30.4
ORD_000091,6.86,20,2,Clear,Medium,Late Night,Electric Bike,5.4,38.6
ORD_000092,6.07,15,4,Clear,Low,Late Night,Motorcycle,1.4,28.3
ORD_000093,3.42,25,1,Windy,High,Morning,Scooter,4.7,36.2
ORD_000094,5.85,20,1,Clear,High,Evening Peak,Motorcycle,2.1,41.2
ORD_000095,6.05,15,1,Clear,High,Evening Peak,Motorcycle,3.6,32.5
ORD_000096,3.35,35,2,Windy,Medium,Evening Peak,Electric Bike,3.8,47.5
ORD_000097,13.27,10,1,Clear,High,Evening Peak,Motorcycle,1.6,54.8
ORD_000098,6.68,20,2,Clear,Medium,Morning,Motorcycle,2.1,37.3
ORD_000099,2.85,35,4,Windy,High,Evening Peak,Motorcycle,1.1,47.9
ORD_000100,7.89,20,5,Foggy,Low,Morning,Motorcycle,0.5,46.9
ORD_000101,8.63,20,1,Windy,Medium,Afternoon,Motorcycle,1.8,45.3
ORD_000102,6.47,10,2,Foggy,Low,Late Night,Electric Bike,3.3,31.3
ORD_000103,4.45,10,3,Windy,High,Afternoon,Electric Bike,4.4,35.3
ORD_000104,3.27,10,3,Rainy,Low,Evening Peak,Scooter,4.9,27.7
ORD_000105,4.91,35,1,Rainy,Low,Morning,Motorcycle,0.9,54.2
ORD_000106,6.22,35,5,Foggy,Jam,Evening Peak,Scooter,2.0,74.2
ORD_000107,5.17,15,2,Windy,Medium,Evening Peak,Electric Bike,4.7,36.8
ORD_000108,10.98,15,2,Heavy Storm,Jam,Evening Peak,Electric Bike,3.1,95.0
ORD_000109,7.25,10,1,Clear,Medium,Late Night,Motorcycle,1.5,32.1
ORD_000110,3.07,15,2,Clear,Medium,Late Night,Scooter,2.7,23.3
ORD_000111,2.68,15,3,Foggy,High,Afternoon,Scooter,2.0,29.2
ORD_000112,6.71,20,2,Rainy,Medium,Late Night,Electric Bike,0.8,50.3
ORD_000113,4.51,25,4,Foggy,Low,Morning,Motorcycle,4.7,36.3
ORD_000114,7.59,20,1,Rainy,High,Morning,Scooter,2.1,53.5
ORD_000115,6.68,20,1,Clear,Medium,Evening Peak,Scooter,5.7,36.4
ORD_000116,4.92,25,2,Rainy,High,Evening Peak,Scooter,5.4,47.9
ORD_000117,3.09,20,3,Clear,Low,Afternoon,Motorcycle,4.4,30.5
ORD_000118,2.03,15,2,Rainy,Medium,Morning,Scooter,2.3,27.5
ORD_000119,5.79,15,4,Windy,Low,Evening Peak,Motorcycle,2.0,31.4
ORD_000120,2.4,15,2,Clear,Medium,Late Night,Motorcycle,3.1,17.1
ORD_000121,3.02,20,2,Foggy,High,Evening Peak,Electric Bike,2.5,36.2
ORD_000122,5.6,30,4,Clear,Medium,Late Night,Motorcycle,5.5,41.9
ORD_000123,5.31,20,2,Clear,Medium,Evening Peak,Scooter,1.2,39.1
ORD_000124,2.56,30,3,Clear,Medium,Afternoon,Motorcycle,4.5,37.0
ORD_000125,9.17,10,2,Clear,High,Morning,Scooter,3.9,41.7
ORD_000126,9.03,25,2,Foggy,Medium,Evening Peak,Scooter,4.9,57.1
ORD_000127,6.83,25,1,Clear,Low,Evening Peak,Scooter,3.5,41.4
ORD_000128,6.83,20,4,Heavy Storm,Jam,Evening Peak,Motorcycle,4.0,68.2
ORD_000129,6.83,30,4,Clear,Jam,Evening Peak,Motorcycle,5.8,60.7
ORD_000130,8.59,20,2,Rainy,Medium,Evening Peak,Scooter,1.0,57.9
ORD_000131,7.35,15,1,Heavy Storm,High,Late Night,Electric Bike,1.1,59.5
ORD_000132,3.23,15,2,Clear,Low,Evening Peak,Scooter,2.7,23.1
ORD_000133,4.47,20,1,Clear,Low,Morning,Motorcycle,3.1,29.2
ORD_000134,16.14,30,2,Clear,High,Evening Peak,Scooter,1.6,88.4
ORD_000135,1.63,10,1,Rainy,Low,Evening Peak,Motorcycle,1.0,21.5
ORD_000136,3.89,20,2,Rainy,Low,Morning,Motorcycle,0.6,34.7
ORD_000137,9.19,25,1,Clear,Medium,Afternoon,Scooter,4.7,47.7
ORD_000138,3.35,10,2,Clear,Low,Evening Peak,Scooter,3.2,21.1
ORD_000139,7.46,10,2,Foggy,Low,Evening Peak,Scooter,5.1,30.3
ORD_000140,5.27,15,2,Windy,Low,Afternoon,Scooter,2.5,28.1
ORD_000141,3.48,15,2,Clear,Medium,Evening Peak,Motorcycle,4.4,22.1
ORD_000142,1.49,15,1,Foggy,High,Evening Peak,Motorcycle,3.2,19.2
ORD_000143,5.71,15,3,Heavy Storm,Low,Evening Peak,Motorcycle,3.9,45.0
ORD_000144,3.19,10,6,Clear,Medium,Evening Peak,Scooter,2.5,19.5
ORD_000145,4.8,20,3,Clear,Low,Evening Peak,Motorcycle,0.9,31.5
ORD_000146,6.8,20,2,Foggy,Medium,Evening Peak,Motorcycle,5.7,40.7
ORD_000147,8.21,20,3,Windy,Low,Morning,Electric Bike,5.1,45.5
ORD_000148,3.88,20,1,Heavy Storm,Low,Afternoon,Motorcycle,2.2,38.5
ORD_000149,3.48,30,2,Rainy,Low,Morning,Motorcycle,5.8,46.2
ORD_000150,2.38,25,2,Clear,High,Evening Peak,Motorcycle,2.2,29.6
ORD_000151,8.44,30,1,Windy,Jam,Late Night,Motorcycle,2.9,68.3
ORD_000152,14.86,15,6,Windy,High,Evening Peak,Motorcycle,4.7,67.0
ORD_000153,8.94,25,2,Clear,Low,Evening Peak,Electric Bike,2.2,54.1
ORD_000154,10.04,25,8,Clear,Medium,Evening Peak,Scooter,2.3,58.4
ORD_000155,3.37,15,2,Windy,High,Evening Peak,Scooter,2.8,29.6
ORD_000156,6.58,10,6,Clear,Low,Evening Peak,Electric Bike,3.1,35.9
ORD_000157,7.84,20,3,Clear,Medium,Late Night,Motorcycle,1.2,41.8
ORD_000158,0.88,10,2,Clear,Medium,Afternoon,Motorcycle,0.6,12.0
ORD_000159,2.76,15,4,Windy,Medium,Evening Peak,Electric Bike,5.6,29.2
ORD_000160,11.93,20,2,Clear,Medium,Morning,Motorcycle,2.4,51.4
ORD_000161,2.14,20,4,Rainy,Low,Morning,Scooter,1.1,39.0
ORD_000162,10.91,30,2,Clear,Medium,Late Night,Motorcycle,4.7,55.3
ORD_000163,2.13,20,2,Rainy,High,Evening Peak,Motorcycle,2.1,28.4
ORD_000164,2.84,20,3,Clear,Medium,Evening Peak,Motorcycle,1.5,28.2
ORD_000165,6.64,15,3,Windy,Low,Late Night,Motorcycle,5.8,31.4
ORD_000166,5.34,20,1,Clear,High,Late Night,Scooter,5.6,37.4
ORD_000167,4.1,15,2,Foggy,Medium,Morning,Electric Bike,1.1,35.2
ORD_000168,11.68,25,1,Rainy,Medium,Evening Peak,Motorcycle,5.4,63.5
ORD_000169,2.42,15,5,Foggy,Medium,Evening Peak,Motorcycle,5.4,23.4
ORD_000170,4.7,15,6,Windy,Medium,Evening Peak,Motorcycle,4.0,30.4
ORD_000171,7.11,15,5,Clear,Medium,Morning,Motorcycle,3.4,36.7
ORD_000172,6.01,25,2,Windy,Low,Evening Peak,Motorcycle,1.7,40.2
ORD_000173,3.55,30,3,Heavy Storm,High,Afternoon,Scooter,1.2,60.7
ORD_000174,3.62,15,5,Windy,Medium,Afternoon,Scooter,3.8,28.9
ORD_000175,8.15,15,4,Heavy Storm,High,Evening Peak,Scooter,5.0,62.8
ORD_000176,8.36,20,2,Clear,Jam,Afternoon,Motorcycle,4.3,56.2
ORD_000177,6.1,25,1,Rainy,Medium,Evening Peak,Motorcycle,1.5,50.5
ORD_000178,3.12,15,5,Foggy,Low,Afternoon,Motorcycle,2.1,27.0
ORD_000179,3.68,10,4,Foggy,Medium,Evening Peak,Scooter,3.5,27.2
ORD_000180,5.07,15,2,Foggy,Medium,Late Night,Motorcycle,3.9,31.3
ORD_000181,5.49,20,2,Clear,Medium,Evening Peak,Motorcycle,0.9,34.9
ORD_000182,6.95,15,8,Windy,Medium,Afternoon,Motorcycle,3.9,41.1
ORD_000183,4.56,15,3,Rainy,Medium,Morning,Motorcycle,4.5,34.3
ORD_000184,8.05,10,1,Clear,Medium,Evening Peak,Motorcycle,1.5,30.6
ORD_000185,8.0,20,1,Heavy Storm,Medium,Late Night,Motorcycle,1.9,54.6
ORD_000186,10.22,35,1,Clear,Low,Afternoon,Motorcycle,1.9,58.1
ORD_000187,5.2,30,3,Clear,Medium,Morning,Motorcycle,5.7,42.4
ORD_000188,6.16,20,1,Clear,Low,Morning,Scooter,2.7,29.8
ORD_000189,4.76,25,4,Rainy,High,Afternoon,Motorcycle,3.4,47.1
ORD_000190,3.14,15,2,Clear,High,Evening Peak,Scooter,4.5,23.8
ORD_000191,14.67,20,2,Windy,High,Afternoon,Electric Bike,2.5,93.9
ORD_000192,9.52,10,3,Clear,Jam,Evening Peak,Motorcycle,1.1,52.8
ORD_000193,7.91,20,1,Clear,Low,Late Night,Motorcycle,4.1,36.0
ORD_000194,5.1,30,2,Clear,Medium,Morning,Scooter,4.2,42.4
ORD_000195,2.99,25,2,Clear,High,Evening Peak,Scooter,1.9,36.2
ORD_000196,8.68,20,1,Clear,Medium,Evening Peak,Motorcycle,0.7,45.8
ORD_000197,4.71,25,2,Clear,High,Evening Peak,Motorcycle,4.2,41.3
ORD_000198,6.47,30,3,Clear,Medium,Late Night,Scooter,4.4,51.4
ORD_000199,3.68,15,3,Heavy Storm,Jam,Evening Peak,Motorcycle,0.6,46.6
ORD_000200,5.9,25,1,Foggy,Medium,Morning,Motorcycle,4.3,43.8
ORD_000201,3.81,15,5,Clear,Medium,Evening Peak,Electric Bike,5.7,26.2
ORD_000202,3.89,25,1,Clear,Low,Afternoon,Motorcycle,1.5,34.3
ORD_000203,5.85,10,3,Clear,Low,Late Night,Scooter,3.4,21.7
ORD_000204,2.12,15,2,Windy,High,Morning,Scooter,4.3,22.6
ORD_000205,2.17,20,3,Heavy Storm,Medium,Afternoon,Scooter,1.8,39.0
ORD_000206,3.34,15,4,Rainy,Medium,Late Night,Motorcycle,4.6,32.9
ORD_000207,4.53,15,1,Clear,High,Late Night,Scooter,5.3,32.3
ORD_000208,8.18,20,3,Clear,Medium,Afternoon,Motorcycle,5.0,36.7
ORD_000209,4.68,25,1,Heavy Storm,Jam,Evening Peak,Electric Bike,1.9,66.2
ORD_000210,5.08,15,2,Clear,Jam,Morning,Scooter,4.9,38.1
ORD_000211,4.34,25,2,Windy,High,Morning,Scooter,2.8,35.3
ORD_000212,6.15,25,2,Clear,Jam,Morning,Scooter,2.0,58.1
ORD_000213,3.13,20,1,Rainy,Low,Morning,Electric Bike,1.4,35.4
ORD_000214,4.82,20,3,Clear,Low,Evening Peak,Scooter,5.5,26.5
ORD_000215,6.43,10,2,Windy,Low,Afternoon,Motorcycle,2.8,25.8
ORD_000216,5.83,15,2,Clear,Jam,Evening Peak,Motorcycle,5.3,35.3
ORD_000217,5.17,15,1,Clear,Medium,Evening Peak,Motorcycle,1.4,27.5
ORD_000218,5.21,15,3,Clear,Jam,Evening Peak,Motorcycle,4.7,40.1
ORD_000219,6.77,15,3,Clear,Low,Afternoon,Motorcycle,1.1,29.1
ORD_000220,15.07,15,1,Clear,Low,Morning,Electric Bike,0.6,61.9
ORD_000221,3.24,20,2,Clear,Medium,Evening Peak,Motorcycle,6.0,28.3
ORD_000222,15.31,20,3,Clear,Low,Afternoon,Electric Bike,0.9,72.4
ORD_000223,3.16,30,1,Heavy Storm,High,Afternoon,Motorcycle,3.0,54.6
ORD_000224,1.41,10,1,Clear,Medium,Evening Peak,Motorcycle,5.3,12.0
ORD_000225,3.76,10,1,Rainy,High,Afternoon,Motorcycle,5.0,26.3
ORD_000226,6.22,20,2,Clear,Medium,Afternoon,Motorcycle,3.1,33.6
ORD_000227,13.34,10,2,Clear,Medium,Evening Peak,Scooter,3.9,46.2
ORD_000228,2.99,25,1,Windy,High,Evening Peak,Motorcycle,4.0,35.1
ORD_000229,6.75,20,6,Clear,Medium,Late Night,Motorcycle,1.1,42.0
ORD_000230,2.29,15,3,Windy,Jam,Evening Peak,Electric Bike,2.1,33.5
ORD_000231,13.07,15,1,Clear,Medium,Morning,Electric Bike,2.2,64.5
ORD_000232,9.62,15,3,Windy,Medium,Evening Peak,Motorcycle,2.6,40.1
ORD_000233,3.89,15,2,Rainy,High,Morning,Motorcycle,2.0,34.5
ORD_000234,10.47,10,2,Heavy Storm,Medium,Late Night,Scooter,1.9,54.3
ORD_000235,4.8,10,1,Clear,Jam,Morning,Motorcycle,2.5,31.8
ORD_000236,9.89,20,2,Clear,High,Late Night,Scooter,2.6,56.4
ORD_000237,5.15,15,1,Clear,Medium,Late Night,Scooter,3.2,27.5
ORD_000238,5.27,25,3,Foggy,Low,Evening Peak,Motorcycle,1.5,40.0
ORD_000239,3.94,15,2,Heavy Storm,Low,Morning,Electric Bike,4.8,37.5
ORD_000240,7.24,10,2,Clear,Medium,Evening Peak,Motorcycle,5.2,22.5
ORD_000241,5.5,15,3,Foggy,Medium,Afternoon,Electric Bike,1.9,44.3
ORD_000242,6.83,15,3,Foggy,Medium,Evening Peak,Scooter,1.2,41.6
ORD_000243,2.0,10,3,Foggy,High,Afternoon,Motorcycle,4.5,17.8
ORD_000244,10.09,10,3,Foggy,Jam,Evening Peak,Motorcycle,5.6,60.3
ORD_000245,11.49,15,3,Clear,Medium,Evening Peak,Scooter,0.7,52.0
ORD_000246,5.48,15,5,Foggy,Medium,Morning,Motorcycle,0.6,36.8
ORD_000247,14.47,25,3,Clear,Medium,Evening Peak,Motorcycle,1.5,63.6
ORD_000248,12.63,25,4,Foggy,Medium,Afternoon,Motorcycle,4.3,61.4
ORD_000249,7.32,15,6,Clear,Low,Evening Peak,Electric Bike,5.8,41.1
ORD_000250,10.54,10,1,Rainy,Low,Morning,Scooter,4.6,41.1
ORD_000251,9.06,20,3,Rainy,High,Afternoon,Scooter,3.7,61.5
ORD_000252,1.74,25,3,Windy,High,Evening Peak,Motorcycle,4.4,30.1
ORD_000253,4.39,30,4,Clear,High,Evening Peak,Motorcycle,1.8,45.0
ORD_000254,7.61,10,2,Rainy,High,Morning,Scooter,4.3,44.5
ORD_000255,11.91,15,2,Rainy,Low,Afternoon,Electric Bike,2.3,60.8
ORD_000256,2.21,20,1,Windy,Medium,Evening Peak,Scooter,1.7,31.0
ORD_000257,1.8,25,3,Heavy Storm,Low,Morning,Motorcycle,1.8,45.5
ORD_000258,4.97,10,2,Clear,High,Evening Peak,Electric Bike,4.2,32.5
ORD_000259,1.45,20,5,Foggy,Low,Afternoon,Scooter,4.7,30.5
ORD_000260,4.88,15,3,Clear,High,Late Night,Electric Bike,3.7,41.2
ORD_000261,6.3,10,2,Clear,Medium,Afternoon,Motorcycle,0.9,29.8
ORD_000262,2.91,15,4,Windy,Medium,Evening Peak,Electric Bike,0.7,32.1
ORD_000263,4.95,15,4,Foggy,High,Evening Peak,Motorcycle,1.7,37.8
ORD_000264,8.6,20,1,Clear,Medium,Evening Peak,Scooter,2.1,44.8
ORD_000265,3.75,20,2,Foggy,Medium,Late Night,Scooter,2.7,34.1
ORD_000266,3.19,25,1,Clear,High,Evening Peak,Electric Bike,0.9,42.9
ORD_000267,4.83,15,2,Windy,High,Morning,Motorcycle,4.5,31.7
ORD_000268,2.74,10,3,Foggy,Medium,Late Night,Motorcycle,4.4,18.7
ORD_000269,13.87,15,2,Clear,Medium,Morning,Scooter,2.4,57.0
ORD_000270,5.24,15,1,Windy,Medium,Afternoon,Electric Bike,3.6,36.1
ORD_000271,3.38,20,3,Clear,Medium,Evening Peak,Motorcycle,1.1,30.0
ORD_000272,5.79,15,6,Windy,Low,Late Night,Motorcycle,2.8,30.1
ORD_000273,4.81,20,2,Clear,High,Evening Peak,Motorcycle,5.2,36.6
ORD_000274,4.51,20,5,Clear,Medium,Late Night,Scooter,4.1,36.8
ORD_000275,3.75,15,5,Clear,Medium,Late Night,Scooter,1.1,25.0
ORD_000276,3.65,20,3,Rainy,Medium,Evening Peak,Electric Bike,5.2,40.4
ORD_000277,2.03,15,1,Clear,Low,Evening Peak,Scooter,4.2,19.1
ORD_000278,10.53,25,3,Clear,Low,Afternoon,Scooter,3.0,53.1
ORD_000279,7.06,20,3,Clear,Medium,Afternoon,Motorcycle,4.3,35.4
ORD_000280,6.12,10,3,Clear,Low,Evening Peak,Scooter,1.5,24.7
ORD_000281,4.77,15,2,Clear,High,Morning,Motorcycle,3.5,32.4
ORD_000282,2.89,20,3,Clear,High,Afternoon,Electric Bike,3.9,34.3
ORD_000283,3.27,10,4,Clear,Jam,Afternoon,Scooter,5.6,26.4
ORD_000284,2.15,25,3,Clear,High,Late Night,Scooter,0.9,39.5
ORD_000285,3.49,15,1,Clear,Jam,Afternoon,Motorcycle,2.6,33.7
ORD_000286,2.67,20,3,Clear,Low,Afternoon,Electric Bike,5.7,25.1
ORD_000287,12.24,30,1,Clear,Medium,Evening Peak,Scooter,1.7,67.3
ORD_000288,8.28,20,3,Foggy,Low,Late Night,Scooter,5.0,41.2
ORD_000289,5.37,15,3,Windy,Low,Evening Peak,Scooter,0.5,32.8
ORD_000290,3.06,10,2,Windy,High,Morning,Scooter,0.6,27.6
ORD_000291,2.74,10,3,Clear,Medium,Afternoon,Motorcycle,2.3,17.6
ORD_000292,4.6,20,4,Windy,Low,Evening Peak,Motorcycle,4.7,32.4
ORD_000293,8.47,15,2,Rainy,Medium,Morning,Motorcycle,1.1,41.1
ORD_000294,2.18,15,2,Windy,Low,Evening Peak,Motorcycle,2.6,21.8
ORD_000295,7.01,30,2,Clear,Low,Afternoon,Motorcycle,1.2,45.2
ORD_000296,3.49,15,2,Windy,Low,Evening Peak,Scooter,1.7,26.4
ORD_000297,3.85,20,2,Clear,Low,Evening Peak,Electric Bike,3.3,29.8
ORD_000298,5.28,20,1,Clear,High,Evening Peak,Electric Bike,2.3,41.9
ORD_000299,3.12,20,3,Windy,Medium,Evening Peak,Scooter,1.7,35.0
ORD_000300,4.47,15,4,Windy,Medium,Evening Peak,Motorcycle,2.7,27.9
ORD_000301,2.97,15,3,Clear,Low,Morning,Motorcycle,4.4,18.6
ORD_000302,3.65,30,2,Clear,Low,Late Night,Motorcycle,1.2,38.9
ORD_000303,7.76,15,1,Foggy,Low,Evening Peak,Scooter,3.1,42.2
ORD_000304,5.43,20,2,Clear,High,Morning,Scooter,2.0,40.9
ORD_000305,7.74,20,1,Clear,Jam,Evening Peak,Motorcycle,2.6,52.6
ORD_000306,3.46,10,3,Foggy,High,Evening Peak,Motorcycle,5.0,23.2
ORD_000307,7.04,25,1,Rainy,High,Afternoon,Scooter,5.6,56.6
ORD_000308,1.89,20,1,Rainy,High,Evening Peak,Motorcycle,1.8,34.4
ORD_000309,5.28,20,2,Clear,Medium,Morning,Scooter,4.0,33.4
ORD_000310,7.3,25,2,Clear,High,Late Night,Electric Bike,4.2,53.4
ORD_000311,1.85,25,2,Windy,High,Evening Peak,Motorcycle,5.1,30.8
ORD_000312,3.48,15,6,Foggy,Medium,Evening Peak,Motorcycle,5.4,32.8
ORD_000313,5.27,25,2,Windy,Jam,Afternoon,Motorcycle,3.1,48.9
ORD_000314,8.82,15,5,Clear,Jam,Evening Peak,Motorcycle,5.9,54.3
ORD_000315,3.65,20,2,Rainy,Medium,Evening Peak,Motorcycle,5.8,31.2
ORD_000316,6.89,10,4,Rainy,Medium,Afternoon,Electric Bike,3.3,44.2
ORD_000317,10.91,10,2,Clear,Medium,Evening Peak,Scooter,3.5,40.6
ORD_000318,7.06,10,1,Clear,Medium,Afternoon,Scooter,4.2,29.2
ORD_000319,4.56,15,2,Windy,Low,Evening Peak,Scooter,2.6,26.3
ORD_000320,6.32,10,2,Clear,Medium,Evening Peak,Scooter,4.1,24.5
ORD_000321,3.59,20,2,Foggy,Low,Evening Peak,Motorcycle,3.3,30.5
ORD_000322,5.39,15,3,Clear,Medium,Evening Peak,Motorcycle,0.7,35.3
ORD_000323,4.69,20,2,Clear,Medium,Morning,Scooter,5.2,35.0
ORD_000324,6.21,10,2,Rainy,Medium,Morning,Motorcycle,5.7,32.2
ORD_000325,4.03,15,3,Windy,Low,Afternoon,Motorcycle,0.6,25.9
ORD_000326,6.4,15,2,Clear,Jam,Afternoon,Scooter,4.8,45.1
ORD_000327,4.01,15,1,Windy,Medium,Evening Peak,Scooter,2.6,30.4
ORD_000328,8.24,10,2,Foggy,Medium,Late Night,Electric Bike,3.7,44.1
ORD_000329,4.24,35,2,Clear,Medium,Evening Peak,Scooter,3.2,46.5
ORD_000330,1.48,15,1,Heavy Storm,Medium,Afternoon,Scooter,3.5,31.3
ORD_000331,2.79,20,2,Clear,Jam,Afternoon,Motorcycle,3.2,31.9
ORD_000332,5.19,15,1,Rainy,Medium,Morning,Scooter,5.2,40.8
ORD_000333,12.18,25,2,Clear,Medium,Morning,Motorcycle,4.3,54.7
ORD_000334,8.06,15,4,Windy,High,Afternoon,Electric Bike,2.8,55.3
ORD_000335,1.34,30,1,Clear,Medium,Evening Peak,Scooter,4.3,32.6
ORD_000336,2.08,15,1,Heavy Storm,Low,Late Night,Motorcycle,5.8,33.2
ORD_000337,9.45,10,2,Clear,Medium,Afternoon,Electric Bike,0.9,51.7
ORD_000338,7.28,20,5,Clear,Low,Morning,Motorcycle,2.6,40.0
ORD_000339,15.84,20,3,Rainy,Medium,Afternoon,Electric Bike,5.3,83.2
ORD_000340,3.92,10,3,Clear,Medium,Afternoon,Motorcycle,4.6,21.3
ORD_000341,3.08,15,3,Rainy,Medium,Evening Peak,Scooter,5.6,32.2
ORD_000342,5.35,25,3,Clear,Medium,Evening Peak,Motorcycle,0.7,40.4
ORD_000343,3.87,10,2,Windy,Medium,Evening Peak,Scooter,5.2,19.9
ORD_000344,8.96,15,3,Foggy,Medium,Morning,Motorcycle,4.9,43.0
ORD_000345,3.8,20,5,Clear,Low,Late Night,Motorcycle,5.0,29.5
ORD_000346,4.39,20,2,Rainy,High,Late Night,Motorcycle,3.8,41.2
ORD_000347,2.84,10,2,Windy,Low,Morning,Motorcycle,0.8,15.5
ORD_000348,7.77,20,1,Clear,Medium,Morning,Scooter,3.5,42.8
ORD_000349,2.95,10,1,Clear,Low,Evening Peak,Motorcycle,2.7,18.0
ORD_000350,6.47,15,3,Clear,Jam,Evening Peak,Scooter,3.4,49.0
ORD_000351,13.34,15,3,Windy,Medium,Evening Peak,Motorcycle,4.6,50.7
ORD_000352,1.72,30,3,Clear,Low,Afternoon,Scooter,3.8,34.9
ORD_000353,11.2,10,1,Clear,Medium,Evening Peak,Scooter,2.1,45.4
ORD_000354,6.01,15,3,Rainy,High,Evening Peak,Motorcycle,3.8,42.0
ORD_000355,2.59,20,2,Clear,Medium,Morning,Electric Bike,1.0,30.5
ORD_000356,5.46,15,3,Rainy,High,Evening Peak,Motorcycle,0.5,41.9
ORD_000357,7.64,20,4,Heavy Storm,Medium,Evening Peak,Scooter,2.7,58.9
ORD_000358,3.2,35,3,Rainy,Medium,Morning,Motorcycle,4.7,48.2
ORD_000359,6.67,35,1,Clear,High,Evening Peak,Electric Bike,5.0,66.3
ORD_000360,11.72,15,2,Rainy,Low,Afternoon,Motorcycle,3.5,47.5
ORD_000361,3.8,20,2,Clear,Jam,Evening Peak,Scooter,5.3,39.0
ORD_000362,2.82,30,3,Clear,High,Evening Peak,Scooter,1.2,41.1
ORD_000363,4.77,10,1,Heavy Storm,High,Evening Peak,Motorcycle,5.8,38.4
ORD_000364,5.3,15,8,Clear,Low,Afternoon,Motorcycle,5.6,30.1
ORD_000365,9.22,15,3,Windy,Low,Evening Peak,Motorcycle,3.8,38.6
ORD_000366,4.68,15,2,Clear,Low,Morning,Scooter,0.8,26.5
ORD_000367,3.99,35,2,Clear,Medium,Morning,Scooter,3.0,45.1
ORD_000368,2.78,20,3,Windy,Low,Morning,Motorcycle,1.5,27.7
ORD_000369,1.86,15,3,Rainy,Jam,Morning,Scooter,4.0,30.7
ORD_000370,2.34,25,2,Clear,High,Morning,Motorcycle,1.5,34.4
ORD_000371,2.33,15,3,Clear,High,Morning,Motorcycle,3.1,23.3
ORD_000372,4.41,25,4,Clear,Medium,Evening Peak,Motorcycle,1.6,40.3
ORD_000373,2.04,15,4,Clear,Medium,Morning,Motorcycle,1.5,23.3
ORD_000374,4.98,15,1,Clear,Low,Evening Peak,Electric Bike,1.9,29.7
ORD_000375,13.17,15,2,Clear,Jam,Afternoon,Scooter,0.7,85.4
ORD_000376,9.37,20,3,Windy,Medium,Afternoon,Scooter,4.4,47.8
ORD_000377,4.39,15,2,Clear,Medium,Late Night,Motorcycle,2.2,28.7
ORD_000378,17.98,10,3,Clear,High,Evening Peak,Scooter,4.3,79.2
ORD_000379,5.31,35,3,Clear,High,Evening Peak,Scooter,4.1,53.5
ORD_000380,5.74,30,1,Rainy,Low,Evening Peak,Motorcycle,0.9,52.2
ORD_000381,4.72,20,3,Clear,Jam,Afternoon,Motorcycle,2.2,43.1
ORD_000382,5.04,25,4,Clear,Medium,Evening Peak,Electric Bike,3.6,41.4
ORD_000383,3.72,30,5,Rainy,Medium,Morning,Motorcycle,5.6,47.6
ORD_000384,4.43,20,2,Clear,Low,Afternoon,Scooter,2.7,32.0
ORD_000385,11.24,20,8,Rainy,High,Evening Peak,Electric Bike,3.3,85.0
ORD_000386,9.93,25,2,Clear,Medium,Morning,Electric Bike,4.6,67.3
ORD_000387,1.45,20,2,Clear,Jam,Morning,Motorcycle,4.9,25.6
ORD_000388,2.17,10,3,Clear,High,Afternoon,Electric Bike,5.6,19.1
ORD_000389,3.22,15,3,Windy,High,Afternoon,Motorcycle,3.2,27.3
ORD_000390,8.51,15,3,Clear,Jam,Evening Peak,Motorcycle,1.6,56.2
ORD_000391,10.06,30,1,Clear,High,Evening Peak,Motorcycle,4.7,63.9
ORD_000392,7.62,20,1,Windy,Low,Morning,Scooter,1.2,39.3
ORD_000393,2.59,25,3,Clear,Low,Afternoon,Motorcycle,2.8,30.9
ORD_000394,3.77,25,2,Windy,Medium,Late Night,Motorcycle,4.0,38.9
ORD_000395,6.74,15,1,Foggy,Low,Afternoon,Motorcycle,4.3,33.2
ORD_000396,4.46,20,5,Foggy,High,Morning,Motorcycle,4.5,36.8
ORD_000397,4.12,15,5,Clear,Jam,Evening Peak,Motorcycle,1.6,32.2
ORD_000398,4.16,15,3,Clear,Low,Evening Peak,Scooter,5.9,24.6
ORD_000399,9.52,25,2,Foggy,Low,Afternoon,Scooter,1.5,50.0
ORD_000400,7.12,20,8,Rainy,Medium,Afternoon,Scooter,1.0,54.4
ORD_000401,4.28,25,2,Windy,High,Evening Peak,Motorcycle,4.2,43.1
ORD_000402,6.17,15,1,Clear,Medium,Afternoon,Motorcycle,5.5,30.9
ORD_000403,2.4,20,4,Windy,Medium,Late Night,Motorcycle,3.6,29.8
ORD_000404,3.77,15,1,Windy,Medium,Afternoon,Scooter,3.8,27.3
ORD_000405,9.01,20,3,Heavy Storm,High,Evening Peak,Motorcycle,3.5,65.2
ORD_000406,1.98,15,2,Clear,High,Morning,Motorcycle,0.7,23.5
ORD_000407,7.17,20,2,Clear,Medium,Evening Peak,Scooter,4.2,42.6
ORD_000408,1.44,10,2,Heavy Storm,Medium,Evening Peak,Electric Bike,2.5,27.8
ORD_000409,12.29,15,2,Clear,Medium,Afternoon,Motorcycle,5.6,44.6
ORD_000410,3.72,20,2,Windy,Medium,Afternoon,Motorcycle,1.5,32.5
ORD_000411,6.42,20,1,Foggy,High,Morning,Motorcycle,2.2,43.2
ORD_000412,5.48,20,2,Foggy,Medium,Evening Peak,Scooter,3.3,39.3
ORD_000413,5.59,20,8,Windy,Jam,Late Night,Scooter,3.1,51.9
ORD_000414,6.1,30,1,Clear,Medium,Evening Peak,Motorcycle,2.7,46.8
ORD_000415,1.8,30,1,Windy,High,Evening Peak,Motorcycle,2.2,35.5
ORD_000416,5.66,15,1,Foggy,High,Evening Peak,Electric Bike,1.3,44.6
ORD_000417,4.61,15,2,Rainy,Medium,Afternoon,Motorcycle,5.0,31.7
ORD_000418,3.73,20,1,Clear,Medium,Morning,Scooter,3.0,30.6
ORD_000419,3.22,10,2,Clear,Medium,Evening Peak,Motorcycle,3.7,21.0
ORD_000420,5.74,15,2,Clear,Medium,Morning,Motorcycle,3.5,29.0
ORD_000421,2.84,15,4,Windy,High,Morning,Scooter,3.7,25.9
ORD_000422,8.92,15,2,Clear,Medium,Afternoon,Scooter,4.4,40.2
ORD_000423,6.68,20,4,Clear,Medium,Morning,Motorcycle,4.0,40.1
ORD_000424,5.93,15,3,Clear,High,Evening Peak,Electric Bike,2.0,47.1
ORD_000425,8.72,15,6,Rainy,High,Evening Peak,Motorcycle,3.5,50.5
ORD_000426,1.66,25,2,Clear,Low,Late Night,Scooter,1.8,28.0
ORD_000427,2.35,25,6,Clear,Jam,Afternoon,Motorcycle,3.7,38.7
ORD_000428,6.84,25,3,Clear,Medium,Afternoon,Scooter,2.9,43.8
ORD_000429,3.33,15,2,Clear,Medium,Evening Peak,Motorcycle,0.7,25.1
ORD_000430,3.57,10,2,Clear,Low,Afternoon,Electric Bike,4.5,17.0
ORD_000431,2.17,10,3,Foggy,High,Afternoon,Electric Bike,2.0,25.0
ORD_000432,2.85,15,4,Foggy,Jam,Evening Peak,Motorcycle,5.6,32.5
ORD_000433,9.03,15,2,Foggy,Low,Afternoon,Electric Bike,2.0,49.2
ORD_000434,6.75,25,5,Clear,Medium,Morning,Motorcycle,6.0,40.3
ORD_000435,5.7,35,2,Clear,High,Afternoon,Scooter,3.0,57.4
ORD_000436,3.65,25,3,Rainy,Jam,Morning,Scooter,0.6,55.3
ORD_000437,5.5,20,5,Clear,Low,Evening Peak,Scooter,0.9,37.5
ORD_000438,9.47,20,2,Foggy,High,Morning,Motorcycle,1.0,56.9
ORD_000439,3.38,25,2,Rainy,Medium,Evening Peak,Scooter,0.8,42.8
ORD_000440,5.03,30,3,Clear,Medium,Late Night,Motorcycle,2.0,41.1
ORD_000441,12.72,20,3,Clear,High,Late Night,Scooter,2.3,65.2
ORD_000442,7.57,15,4,Clear,Medium,Morning,Motorcycle,1.1,39.2
ORD_000443,3.68,15,2,Clear,Low,Evening Peak,Scooter,2.9,23.0
ORD_000444,7.23,20,3,Rainy,Medium,Evening Peak,Electric Bike,2.5,56.7
ORD_000445,1.96,15,1,Clear,Low,Afternoon,Motorcycle,4.0,14.1
ORD_000446,4.92,30,2,Clear,Medium,Morning,Scooter,1.6,47.1
ORD_000447,7.23,20,1,Rainy,Medium,Late Night,Scooter,5.5,44.5
ORD_000448,6.35,20,3,Clear,Jam,Evening Peak,Motorcycle,3.3,49.0
ORD_000449,7.19,10,6,Rainy,High,Evening Peak,Scooter,3.9,45.2
ORD_000450,8.08,15,1,Clear,Medium,Evening Peak,Electric Bike,0.7,48.3
ORD_000451,6.63,15,1,Rainy,High,Afternoon,Scooter,3.6,46.8
ORD_000452,6.53,20,2,Clear,Low,Afternoon,Scooter,2.5,32.2
ORD_000453,5.77,15,2,Clear,Medium,Evening Peak,Electric Bike,5.6,32.0
ORD_000454,2.67,35,2,Clear,Medium,Afternoon,Electric Bike,5.4,47.7
ORD_000455,9.03,20,2,Clear,Medium,Afternoon,Scooter,4.0,47.2
ORD_000456,5.02,20,1,Clear,High,Morning,Scooter,4.7,37.1
ORD_000457,7.47,30,5,Clear,High,Late Night,Motorcycle,4.0,54.6
ORD_000458,8.52,35,2,Foggy,High,Evening Peak,Scooter,0.6,71.1
ORD_000459,3.78,15,2,Rainy,Medium,Morning,Motorcycle,4.4,32.9
ORD_000460,3.98,25,2,Rainy,Low,Morning,Motorcycle,1.5,41.7
ORD_000461,4.29,15,1,Foggy,High,Evening Peak,Motorcycle,4.3,31.0
ORD_000462,9.98,15,1,Clear,Low,Morning,Motorcycle,0.6,32.6
ORD_000463,3.0,10,1,Clear,Medium,Afternoon,Scooter,2.2,19.0
ORD_000464,10.94,20,2,Clear,Medium,Late Night,Electric Bike,3.3,59.6
ORD_000465,5.74,15,3,Clear,Medium,Evening Peak,Scooter,2.3,30.2
ORD_000466,5.97,20,2,Foggy,Low,Late Night,Motorcycle,4.3,33.9
ORD_000467,8.32,20,2,Foggy,Medium,Morning,Electric Bike,3.4,55.0
ORD_000468,5.38,20,3,Foggy,Jam,Afternoon,Scooter,5.8,53.3
ORD_000469,9.09,15,2,Rainy,Jam,Evening Peak,Scooter,2.5,63.3
ORD_000470,3.78,25,2,Windy,Medium,Evening Peak,Motorcycle,4.5,36.6
ORD_000471,10.75,20,3,Heavy Storm,Medium,Afternoon,Scooter,5.1,65.8
ORD_000472,3.95,15,3,Clear,Low,Afternoon,Scooter,1.9,28.9
ORD_000473,10.97,35,2,Rainy,High,Afternoon,Scooter,4.6,85.7
ORD_000474,4.01,15,4,Clear,Low,Evening Peak,Scooter,2.7,25.7
ORD_000475,4.36,20,1,Clear,Low,Afternoon,Motorcycle,1.2,29.6
ORD_000476,2.8,20,2,Windy,Medium,Morning,Electric Bike,0.5,33.9
ORD_000477,3.24,10,3,Clear,Medium,Evening Peak,Scooter,4.6,12.7
ORD_000478,5.03,15,2,Clear,Low,Morning,Motorcycle,1.5,26.7
ORD_000479,5.86,25,2,Clear,Low,Evening Peak,Scooter,0.8,44.0
ORD_000480,8.73,15,2,Foggy,Jam,Morning,Motorcycle,3.2,54.1
ORD_000481,4.53,15,2,Rainy,High,Afternoon,Motorcycle,2.4,40.1
ORD_000482,2.6,20,2,Clear,Medium,Evening Peak,Motorcycle,4.3,26.1
ORD_000483,6.36,20,3,Heavy Storm,Medium,Late Night,Scooter,1.1,53.1
ORD_000484,5.64,20,2,Foggy,Medium,Morning,Motorcycle,1.2,36.5
ORD_000485,6.75,25,1,Clear,Medium,Evening Peak,Motorcycle,2.7,44.2
ORD_000486,3.51,15,1,Windy,High,Late Night,Scooter,3.4,32.0
ORD_000487,3.75,20,2,Heavy Storm,Jam,Afternoon,Motorcycle,5.0,52.5
ORD_000488,3.51,20,5,Rainy,Low,Afternoon,Scooter,3.7,39.7
ORD_000489,9.66,15,2,Clear,Low,Late Night,Electric Bike,5.5,40.3
ORD_000490,10.8,30,1,Clear,Medium,Evening Peak,Motorcycle,1.7,56.7
ORD_000491,3.66,25,4,Foggy,Jam,Evening Peak,Electric Bike,3.8,53.0
ORD_000492,3.7,15,3,Clear,Medium,Evening Peak,Motorcycle,4.1,26.9
ORD_000493,7.28,20,4,Clear,Medium,Afternoon,Motorcycle,4.5,39.4
ORD_000494,11.47,20,2,Clear,Medium,Morning,Electric Bike,5.9,59.7
ORD_000495,12.86,15,1,Windy,High,Evening Peak,Scooter,3.1,64.6
ORD_000496,3.57,25,1,Clear,Medium,Evening Peak,Motorcycle,2.5,31.3
ORD_000497,4.09,20,6,Windy,Medium,Evening Peak,Motorcycle,5.2,32.7
ORD_000498,6.03,20,4,Foggy,Medium,Evening Peak,Motorcycle,1.5,43.0
ORD_000499,6.19,15,3,Clear,High,Morning,Motorcycle,0.7,40.9
ORD_000500,4.63,15,1,Clear,Low,Morning,Electric Bike,2.9,31.7
ORD_000501,3.18,15,1,Rainy,Medium,Afternoon,Motorcycle,1.9,31.5
ORD_000502,5.04,20,1,Foggy,Medium,Afternoon,Motorcycle,2.7,32.7
ORD_000503,12.85,20,3,Foggy,Jam,Evening Peak,Motorcycle,5.9,82.6
ORD_000504,3.78,10,6,Clear,Low,Afternoon,Scooter,2.4,22.1
ORD_000505,5.83,15,3,Clear,Low,Afternoon,Scooter,4.4,30.1
ORD_000506,17.64,15,4,Windy,Medium,Evening Peak,Motorcycle,1.9,64.3
ORD_000507,3.75,20,3,Foggy,Medium,Evening Peak,Motorcycle,2.2,35.9
ORD_000508,7.47,20,2,Clear,Medium,Afternoon,Motorcycle,1.8,43.1
ORD_000509,13.16,15,3,Clear,High,Evening Peak,Scooter,3.6,62.5
ORD_000510,7.12,10,3,Clear,Low,Evening Peak,Motorcycle,1.7,29.1
ORD_000511,9.29,15,2,Clear,Medium,Afternoon,Motorcycle,4.5,36.6
ORD_000512,8.03,15,3,Heavy Storm,Medium,Afternoon,Motorcycle,4.2,53.3
ORD_000513,6.8,25,1,Clear,Low,Late Night,Motorcycle,2.8,38.5
ORD_000514,10.61,15,4,Clear,Medium,Evening Peak,Scooter,0.6,47.3
ORD_000515,7.34,15,2,Foggy,Jam,Afternoon,Scooter,0.6,58.9
ORD_000516,4.66,20,2,Windy,Medium,Evening Peak,Scooter,3.4,34.5
ORD_000517,5.58,30,3,Windy,High,Evening Peak,Motorcycle,5.1,47.4
ORD_000518,6.31,35,3,Foggy,Medium,Morning,Scooter,3.8,56.0
ORD_000519,4.08,30,3,Clear,Medium,Late Night,Scooter,2.9,39.7
ORD_000520,5.72,20,2,Rainy,High,Evening Peak,Motorcycle,5.4,44.0
ORD_000521,5.27,20,5,Clear,Medium,Afternoon,Motorcycle,1.6,35.0
ORD_000522,7.32,25,3,Clear,Medium,Late Night,Scooter,2.5,44.9
ORD_000523,15.13,25,2,Clear,High,Morning,Scooter,3.6,83.4
ORD_000524,5.91,30,2,Foggy,Low,Evening Peak,Scooter,2.1,50.8
ORD_000525,11.63,15,1,Clear,Medium,Evening Peak,Motorcycle,6.0,46.1
ORD_000526,7.18,15,1,Clear,High,Evening Peak,Scooter,3.0,40.6
ORD_000527,5.71,15,3,Clear,Low,Evening Peak,Electric Bike,0.8,31.6
ORD_000528,3.95,20,2,Clear,Medium,Morning,Scooter,1.5,30.0
ORD_000529,5.73,25,2,Clear,Medium,Afternoon,Scooter,3.4,42.9
ORD_000530,5.54,25,1,Clear,High,Evening Peak,Scooter,3.5,49.3
ORD_000531,3.38,15,4,Clear,High,Late Night,Motorcycle,5.9,29.0
ORD_000532,3.69,15,2,Clear,Medium,Morning,Scooter,3.8,26.5
ORD_000533,6.34,35,2,Clear,Jam,Morning,Scooter,4.2,66.8
ORD_000534,11.57,15,8,Foggy,Low,Morning,Scooter,1.7,50.8
ORD_000535,4.94,15,2,Clear,High,Evening Peak,Motorcycle,1.1,34.0
ORD_000536,2.12,20,2,Clear,Medium,Afternoon,Motorcycle,3.8,23.3
ORD_000537,1.35,15,1,Foggy,High,Morning,Scooter,5.3,16.6
ORD_000538,2.77,15,2,Heavy Storm,Medium,Morning,Electric Bike,3.7,36.9
ORD_000539,7.57,15,2,Windy,Low,Evening Peak,Motorcycle,2.9,32.5
ORD_000540,2.35,15,4,Clear,High,Evening Peak,Motorcycle,3.7,20.5
ORD_000541,8.24,20,2,Windy,Medium,Late Night,Scooter,3.1,48.5
ORD_000542,7.34,15,4,Clear,Medium,Afternoon,Motorcycle,1.3,34.8
ORD_000543,4.85,15,3,Clear,Low,Evening Peak,Scooter,4.6,28.1
ORD_000544,3.4,15,1,Clear,High,Evening Peak,Electric Bike,3.4,31.0
ORD_000545,4.46,25,6,Heavy Storm,High,Late Night,Scooter,2.7,58.2
ORD_000546,6.25,15,1,Windy,Jam,Late Night,Motorcycle,3.6,44.5
ORD_000547,2.39,15,1,Clear,High,Evening Peak,Scooter,1.8,25.1
ORD_000548,10.92,15,2,Rainy,High,Afternoon,Scooter,2.9,61.9
ORD_000549,6.22,15,2,Clear,Medium,Late Night,Scooter,3.9,36.6
ORD_000550,6.62,15,2,Clear,Medium,Afternoon,Motorcycle,1.7,30.0
ORD_000551,7.31,20,2,Windy,Medium,Evening Peak,Scooter,4.6,41.6
ORD_000552,10.34,30,6,Windy,Low,Morning,Motorcycle,3.4,56.3
ORD_000553,5.74,30,3,Clear,Jam,Evening Peak,Motorcycle,5.2,59.6
ORD_000554,7.57,20,1,Clear,High,Evening Peak,Motorcycle,5.2,40.8
ORD_000555,3.43,10,5,Clear,Low,Morning,Motorcycle,3.2,22.7
ORD_000556,12.89,20,1,Foggy,Jam,Afternoon,Motorcycle,1.6,80.3
ORD_000557,5.52,10,2,Clear,High,Evening Peak,Electric Bike,4.6,36.4
ORD_000558,3.42,20,2,Foggy,Jam,Evening Peak,Motorcycle,2.8,38.6
ORD_000559,3.95,15,3,Clear,Medium,Evening Peak,Scooter,3.8,24.0
ORD_000560,1.61,25,3,Clear,Medium,Morning,Scooter,1.1,34.1
ORD_000561,3.93,30,3,Clear,Medium,Evening Peak,Motorcycle,4.0,39.7
ORD_000562,1.2,15,3,Heavy Storm,Low,Late Night,Motorcycle,2.6,30.3
ORD_000563,7.88,15,3,Windy,Medium,Late Night,Motorcycle,2.3,38.1
ORD_000564,6.51,20,1,Foggy,Low,Morning,Scooter,5.9,34.0
ORD_000565,2.86,15,6,Windy,High,Late Night,Motorcycle,2.9,27.8
ORD_000566,4.99,30,2,Heavy Storm,Low,Evening Peak,Motorcycle,4.2,53.6
ORD_000567,5.12,15,3,Clear,Medium,Evening Peak,Motorcycle,4.0,29.2
ORD_000568,2.54,15,3,Windy,Jam,Morning,Motorcycle,1.1,32.3
ORD_000569,4.51,25,4,Foggy,High,Evening Peak,Scooter,4.6,46.8
ORD_000570,5.21,15,3,Windy,High,Morning,Scooter,2.3,30.7
ORD_000571,4.45,10,1,Rainy,Medium,Evening Peak,Scooter,4.9,29.6
ORD_000572,3.42,20,4,Windy,Medium,Evening Peak,Scooter,3.8,30.3
ORD_000573,2.8,20,1,Rainy,Medium,Evening Peak,Motorcycle,2.2,34.5
ORD_000574,4.36,20,2,Clear,Low,Morning,Motorcycle,2.5,30.3
ORD_000575,3.66,20,2,Clear,Low,Afternoon,Electric Bike,4.5,32.2
ORD_000576,7.05,10,1,Clear,High,Evening Peak,Motorcycle,3.5,33.9
ORD_000577,10.7,15,1,Rainy,Medium,Evening Peak,Motorcycle,4.2,47.6
ORD_000578,8.47,15,4,Clear,Low,Afternoon,Scooter,1.4,40.6
ORD_000579,5.31,35,2,Windy,High,Morning,Scooter,4.8,54.1
ORD_000580,3.49,10,2,Clear,High,Evening Peak,Scooter,2.3,21.1
ORD_000581,8.34,15,3,Foggy,Low,Evening Peak,Motorcycle,3.9,38.7
ORD_000582,7.29,30,4,Clear,Medium,Late Night,Scooter,1.1,55.1
ORD_000583,10.28,35,4,Windy,Medium,Evening Peak,Motorcycle,2.3,65.7
ORD_000584,5.74,25,3,Windy,Medium,Evening Peak,Motorcycle,4.1,43.8
ORD_000585,12.52,10,3,Clear,Medium,Afternoon,Motorcycle,2.0,43.9
ORD_000586,5.74,20,3,Foggy,Medium,Evening Peak,Scooter,5.3,40.5
ORD_000587,3.48,15,4,Clear,Low,Evening Peak,Scooter,4.1,26.7
ORD_000588,3.86,25,2,Rainy,Low,Evening Peak,Motorcycle,5.3,39.2
ORD_000589,6.86,10,2,Clear,Medium,Afternoon,Motorcycle,2.7,26.9
ORD_000590,3.65,15,1,Foggy,Low,Afternoon,Motorcycle,0.7,26.3
ORD_000591,12.47,15,3,Clear,Jam,Evening Peak,Motorcycle,3.7,75.2
ORD_000592,6.55,15,2,Clear,Medium,Late Night,Motorcycle,2.4,31.2
ORD_000593,5.25,20,1,Clear,Medium,Afternoon,Electric Bike,3.0,38.5
ORD_000594,5.5,25,6,Foggy,Medium,Afternoon,Scooter,4.2,45.0
ORD_000595,4.42,20,2,Foggy,Medium,Late Night,Scooter,4.4,31.8
ORD_000596,1.84,15,4,Clear,Low,Morning,Scooter,0.7,20.7
ORD_000597,3.86,25,3,Rainy,Low,Evening Peak,Motorcycle,4.7,38.4
ORD_000598,11.61,10,2,Clear,Medium,Evening Peak,Scooter,3.2,44.5
ORD_000599,5.83,15,1,Clear,High,Evening Peak,Motorcycle,3.6,29.0
ORD_000600,9.0,15,4,Clear,High,Morning,Motorcycle,2.1,46.4
ORD_000601,9.15,10,4,Clear,High,Evening Peak,Electric Bike,2.8,51.9
ORD_000602,5.02,10,1,Clear,High,Morning,Electric Bike,4.4,31.9
ORD_000603,7.35,15,3,Clear,Jam,Afternoon,Scooter,4.8,46.4
ORD_000604,1.95,30,3,Clear,Jam,Morning,Scooter,2.6,43.1
ORD_000605,11.1,30,5,Rainy,Medium,Evening Peak,Scooter,4.3,71.7
ORD_000606,10.6,15,3,Clear,Low,Morning,Scooter,1.9,43.8
ORD_000607,6.76,10,2,Clear,Low,Morning,Motorcycle,5.1,21.9
ORD_000608,5.95,15,3,Clear,Jam,Afternoon,Scooter,3.9,45.3
ORD_000609,5.06,15,2,Clear,Medium,Morning,Motorcycle,4.8,24.2
ORD_000610,9.58,15,2,Clear,Low,Evening Peak,Motorcycle,3.1,33.1
ORD_000611,7.83,10,3,Windy,Medium,Afternoon,Scooter,1.8,33.9
ORD_000612,4.15,20,6,Windy,High,Evening Peak,Scooter,2.9,38.1
ORD_000613,2.6,20,4,Clear,High,Evening Peak,Motorcycle,2.6,27.5
ORD_000614,2.33,15,3,Clear,Medium,Evening Peak,Motorcycle,2.3,25.5
ORD_000615,9.53,25,1,Windy,Medium,Evening Peak,Scooter,1.7,52.1
ORD_000616,5.0,25,1,Foggy,High,Evening Peak,Electric Bike,4.7,48.6
ORD_000617,6.69,15,3,Clear,Medium,Afternoon,Scooter,1.0,36.8
ORD_000618,5.36,10,1,Clear,Low,Afternoon,Motorcycle,5.4,22.3
ORD_000619,2.35,30,3,Foggy,High,Evening Peak,Motorcycle,1.5,43.3
ORD_000620,1.98,20,2,Clear,High,Afternoon,Motorcycle,5.9,27.2
ORD_000621,3.99,15,1,Rainy,Low,Afternoon,Scooter,5.9,31.6
ORD_000622,4.19,20,1,Clear,Low,Morning,Scooter,2.7,29.2
ORD_000623,4.18,15,2,Foggy,Low,Evening Peak,Motorcycle,5.9,23.9
ORD_000624,4.25,20,3,Clear,High,Evening Peak,Scooter,5.3,36.6
ORD_000625,14.57,15,2,Windy,Medium,Evening Peak,Scooter,1.0,59.8
ORD_000626,8.93,15,1,Clear,Medium,Afternoon,Scooter,5.7,39.4
ORD_000627,5.88,20,1,Clear,Low,Evening Peak,Scooter,0.7,33.1
ORD_000628,4.93,20,3,Windy,Medium,Morning,Electric Bike,1.5,41.8
ORD_000629,5.02,10,4,Clear,Low,Morning,Motorcycle,3.7,18.9
ORD_000630,7.67,10,3,Clear,Medium,Evening Peak,Scooter,0.9,34.6
ORD_000631,4.9,15,2,Windy,Medium,Evening Peak,Motorcycle,1.4,29.5
ORD_000632,8.43,15,2,Clear,High,Evening Peak,Electric Bike,5.7,49.4
ORD_000633,6.24,15,2,Windy,High,Afternoon,Motorcycle,6.0,38.5
ORD_000634,14.65,20,4,Clear,Low,Morning,Scooter,4.9,54.8
ORD_000635,4.74,15,1,Foggy,Low,Afternoon,Electric Bike,3.3,33.4
ORD_000636,9.28,20,2,Windy,Medium,Afternoon,Scooter,5.5,50.0
ORD_000637,2.74,25,2,Clear,High,Evening Peak,Scooter,1.1,34.6
ORD_000638,3.54,10,3,Clear,High,Morning,Electric Bike,5.7,26.5
ORD_000639,13.56,20,3,Clear,High,Late Night,Motorcycle,2.4,64.4
ORD_000640,8.23,30,2,Clear,Low,Morning,Motorcycle,5.2,45.0
ORD_000641,6.76,15,8,Clear,Low,Afternoon,Electric Bike,4.2,39.8
ORD_000642,16.76,30,2,Heavy Storm,Medium,Evening Peak,Motorcycle,5.8,85.5
ORD_000643,4.97,20,1,Rainy,High,Evening Peak,Motorcycle,5.3,45.2
ORD_000644,9.27,20,3,Clear,High,Evening Peak,Motorcycle,5.4,53.9
ORD_000645,9.65,10,2,Clear,Low,Morning,Scooter,4.0,35.5
ORD_000646,11.94,20,6,Rainy,Jam,Late Night,Electric Bike,5.1,95.0
ORD_000647,2.56,15,4,Foggy,Low,Evening Peak,Motorcycle,4.7,23.7
ORD_000648,4.95,20,3,Clear,Medium,Evening Peak,Scooter,1.4,36.1
ORD_000649,6.18,25,3,Clear,Low,Afternoon,Motorcycle,4.1,38.7
ORD_000650,11.83,20,3,Windy,Low,Afternoon,Motorcycle,1.3,49.5
ORD_000651,6.61,15,3,Clear,High,Evening Peak,Scooter,5.3,37.2
ORD_000652,9.66,10,2,Clear,Low,Evening Peak,Motorcycle,0.9,35.9
ORD_000653,2.43,15,2,Clear,Medium,Evening Peak,Scooter,5.9,19.5
ORD_000654,4.32,25,2,Clear,Low,Evening Peak,Electric Bike,2.7,34.7
ORD_000655,10.58,10,3,Clear,Low,Morning,Electric Bike,1.4,43.0
ORD_000656,4.64,15,1,Clear,Jam,Afternoon,Scooter,5.6,33.0
ORD_000657,5.18,15,2,Rainy,High,Evening Peak,Motorcycle,0.7,40.0
ORD_000658,11.73,25,1,Foggy,Medium,Evening Peak,Motorcycle,3.1,59.0
ORD_000659,3.09,15,5,Clear,Medium,Evening Peak,Scooter,4.7,26.8
ORD_000660,3.51,35,3,Clear,High,Evening Peak,Scooter,2.2,51.1
ORD_000661,2.29,20,2,Windy,High,Morning,Motorcycle,3.4,27.5
ORD_000662,11.99,25,2,Clear,High,Evening Peak,Motorcycle,4.4,61.1
ORD_000663,8.84,10,1,Clear,Medium,Morning,Scooter,5.7,34.1
ORD_000664,8.71,15,3,Foggy,Medium,Afternoon,Scooter,1.1,45.9
ORD_000665,4.25,10,2,Clear,Medium,Morning,Motorcycle,1.4,20.8
ORD_000666,2.19,15,1,Clear,Medium,Evening Peak,Motorcycle,3.3,19.0
ORD_000667,1.87,20,3,Rainy,Medium,Evening Peak,Motorcycle,2.8,35.8
ORD_000668,10.62,15,1,Clear,High,Evening Peak,Electric Bike,2.8,60.5
ORD_000669,7.01,10,2,Foggy,Low,Afternoon,Motorcycle,2.1,27.8
ORD_000670,7.77,20,2,Clear,Low,Evening Peak,Scooter,3.6,35.7
ORD_000671,6.01,15,4,Heavy Storm,Low,Evening Peak,Scooter,5.4,44.6
ORD_000672,3.27,15,8,Windy,Medium,Afternoon,Scooter,1.4,32.5
ORD_000673,4.36,10,1,Heavy Storm,High,Late Night,Scooter,1.7,39.4
ORD_000674,2.83,20,3,Windy,Low,Morning,Electric Bike,4.2,30.7
ORD_000675,2.63,20,4,Clear,High,Late Night,Scooter,0.8,28.7
ORD_000676,8.44,20,2,Rainy,Medium,Evening Peak,Electric Bike,4.2,59.3
ORD_000677,1.96,15,2,Windy,Medium,Evening Peak,Motorcycle,2.2,20.2
ORD_000678,2.84,15,1,Windy,Low,Afternoon,Motorcycle,2.5,20.7
ORD_000679,4.51,25,3,Clear,High,Evening Peak,Scooter,2.7,43.7
ORD_000680,5.45,20,1,Clear,Medium,Evening Peak,Motorcycle,2.4,28.2
ORD_000681,2.27,20,1,Clear,High,Afternoon,Electric Bike,5.1,27.7
ORD_000682,6.56,20,1,Clear,Jam,Morning,Motorcycle,5.7,47.2
ORD_000683,5.83,10,6,Rainy,Low,Afternoon,Motorcycle,3.5,31.6
ORD_000684,10.52,25,4,Clear,Medium,Afternoon,Electric Bike,3.7,66.4
ORD_000685,5.5,25,6,Clear,Medium,Afternoon,Scooter,0.9,45.9
ORD_000686,6.94,20,5,Rainy,Low,Evening Peak,Scooter,4.4,44.5
ORD_000687,3.38,30,3,Clear,High,Morning,Motorcycle,3.7,36.9
ORD_000688,3.46,15,3,Clear,Low,Evening Peak,Motorcycle,0.8,21.8
ORD_000689,2.41,20,4,Clear,Low,Morning,Scooter,1.6,27.0
ORD_000690,3.4,30,5,Windy,Low,Late Night,Motorcycle,1.6,38.1
ORD_000691,4.32,15,3,Clear,Jam,Evening Peak,Scooter,1.4,34.2
ORD_000692,9.94,10,1,Heavy Storm,Medium,Late Night,Scooter,4.1,54.9
ORD_000693,3.11,20,1,Windy,High,Late Night,Motorcycle,5.6,31.2
ORD_000694,15.01,10,3,Windy,Low,Late Night,Scooter,4.7,46.1
ORD_000695,7.28,25,1,Rainy,Low,Morning,Scooter,3.1,49.3
ORD_000696,6.47,10,3,Clear,High,Evening Peak,Motorcycle,2.7,29.0
ORD_000697,5.26,20,6,Windy,Medium,Afternoon,Electric Bike,2.6,45.6
ORD_000698,4.71,15,1,Clear,Low,Evening Peak,Motorcycle,3.8,23.4
ORD_000699,3.69,15,1,Clear,Medium,Afternoon,Electric Bike,2.5,31.4
ORD_000700,2.22,25,5,Rainy,Medium,Morning,Motorcycle,1.7,42.4
ORD_000701,3.17,20,2,Foggy,Low,Afternoon,Scooter,3.8,30.0
ORD_000702,11.97,15,2,Rainy,Medium,Evening Peak,Motorcycle,2.6,57.9
ORD_000703,7.03,15,2,Heavy Storm,Low,Afternoon,Motorcycle,0.6,46.8
ORD_000704,11.91,20,4,Clear,High,Evening Peak,Motorcycle,0.6,64.0
ORD_000705,3.64,25,2,Foggy,Medium,Evening Peak,Scooter,2.0,39.8
ORD_000706,2.78,20,3,Windy,High,Afternoon,Electric Bike,3.3,38.8
ORD_000707,5.23,20,2,Heavy Storm,Medium,Morning,Scooter,2.4,49.4
ORD_000708,3.24,15,2,Clear,Medium,Late Night,Motorcycle,0.6,24.2
ORD_000709,5.86,25,3,Clear,High,Late Night,Scooter,1.7,50.5
ORD_000710,1.98,20,2,Clear,Medium,Afternoon,Motorcycle,1.0,26.0
ORD_000711,1.52,20,2,Clear,Medium,Morning,Motorcycle,5.7,21.6
ORD_000712,6.33,20,2,Clear,Medium,Late Night,Scooter,2.2,42.0
ORD_000713,12.16,20,3,Clear,Medium,Afternoon,Scooter,0.6,57.7
ORD_000714,6.49,25,2,Clear,High,Afternoon,Scooter,4.1,52.0
ORD_000715,6.99,20,2,Clear,Medium,Morning,Motorcycle,1.8,38.8
ORD_000716,5.36,25,2,Clear,Jam,Afternoon,Motorcycle,3.6,47.6
ORD_000717,5.65,20,2,Clear,High,Evening Peak,Motorcycle,1.3,40.3
ORD_000718,2.16,20,1,Clear,High,Evening Peak,Motorcycle,5.9,25.9
ORD_000719,3.31,25,2,Clear,High,Morning,Motorcycle,5.8,32.2
ORD_000720,9.89,15,4,Clear,Medium,Late Night,Motorcycle,4.1,38.8
ORD_000721,4.27,15,2,Clear,High,Evening Peak,Scooter,4.4,27.5
ORD_000722,9.78,20,4,Clear,Low,Afternoon,Motorcycle,2.8,42.9
ORD_000723,5.56,30,2,Clear,Low,Evening Peak,Electric Bike,5.8,44.8
ORD_000724,5.72,10,4,Rainy,High,Evening Peak,Motorcycle,2.8,38.4
ORD_000725,4.29,15,2,Foggy,Medium,Late Night,Motorcycle,1.8,28.9
ORD_000726,7.57,15,2,Heavy Storm,Medium,Evening Peak,Motorcycle,1.1,52.6
ORD_000727,8.6,15,2,Clear,Low,Evening Peak,Motorcycle,1.6,35.6
ORD_000728,3.21,15,2,Clear,Jam,Afternoon,Scooter,3.6,33.8
ORD_000729,2.28,20,1,Heavy Storm,Medium,Late Night,Scooter,1.8,40.9
ORD_000730,1.66,25,3,Clear,Low,Evening Peak,Scooter,4.1,28.6
ORD_000731,6.81,20,8,Clear,Medium,Afternoon,Scooter,2.6,44.4
ORD_000732,6.38,15,2,Rainy,High,Morning,Motorcycle,5.4,42.0
ORD_000733,17.4,25,2,Clear,High,Evening Peak,Scooter,3.6,86.8
ORD_000734,5.38,20,3,Foggy,Medium,Evening Peak,Electric Bike,3.9,43.1
ORD_000735,4.85,15,2,Clear,Low,Afternoon,Electric Bike,3.6,32.3
ORD_000736,5.97,15,1,Clear,Jam,Morning,Scooter,5.4,42.8
ORD_000737,6.15,25,2,Clear,Jam,Evening Peak,Motorcycle,0.8,53.7
ORD_000738,4.64,20,4,Clear,Low,Evening Peak,Electric Bike,0.9,36.0
ORD_000739,3.27,20,1,Rainy,Low,Evening Peak,Scooter,4.4,33.3
ORD_000740,5.22,10,2,Foggy,Medium,Afternoon,Motorcycle,4.7,27.8
ORD_000741,5.11,25,6,Clear,Medium,Morning,Scooter,2.9,40.2
ORD_000742,5.06,15,2,Windy,Medium,Evening Peak,Motorcycle,2.4,28.5
ORD_000743,8.01,25,4,Foggy,Medium,Afternoon,Motorcycle,2.0,52.0
ORD_000744,5.16,20,4,Foggy,Low,Evening Peak,Motorcycle,1.8,36.1
ORD_000745,2.31,15,3,Clear,Medium,Evening Peak,Electric Bike,5.5,21.1
ORD_000746,3.58,15,2,Rainy,Low,Morning,Motorcycle,2.1,29.3
ORD_000747,4.61,10,6,Rainy,Medium,Morning,Motorcycle,4.1,29.6
ORD_000748,5.3,15,6,Clear,Medium,Late Night,Motorcycle,4.8,29.2
ORD_000749,6.89,15,3,Rainy,Low,Evening Peak,Motorcycle,0.6,35.9
ORD_000750,5.33,20,3,Foggy,Medium,Afternoon,Scooter,0.7,43.3
ORD_000751,1.53,20,4,Rainy,High,Evening Peak,Motorcycle,2.3,33.5
ORD_000752,2.46,20,1,Clear,Low,Evening Peak,Scooter,4.3,26.5
ORD_000753,7.15,20,3,Windy,Medium,Morning,Electric Bike,1.9,49.2
ORD_000754,4.53,25,4,Clear,Medium,Evening Peak,Electric Bike,0.5,48.7
ORD_000755,5.59,30,5,Foggy,Low,Late Night,Motorcycle,2.1,50.2
ORD_000756,4.21,15,8,Windy,High,Morning,Motorcycle,1.0,33.9
ORD_000757,3.57,20,3,Clear,Medium,Afternoon,Motorcycle,1.7,29.5
ORD_000758,4.3,10,2,Windy,Low,Morning,Motorcycle,2.3,24.5
ORD_000759,5.62,10,3,Windy,Medium,Afternoon,Scooter,1.2,29.2
ORD_000760,5.14,20,8,Foggy,Medium,Afternoon,Scooter,4.4,47.7
ORD_000761,8.57,15,3,Rainy,Medium,Afternoon,Motorcycle,1.9,48.5
ORD_000762,2.07,25,2,Foggy,Low,Afternoon,Motorcycle,4.1,32.6
ORD_000763,2.23,15,2,Clear,Jam,Morning,Motorcycle,3.8,24.7
ORD_000764,4.5,10,2,Heavy Storm,Medium,Morning,Scooter,5.4,38.5
ORD_000765,6.93,25,3,Windy,Medium,Evening Peak,Motorcycle,1.0,51.7
ORD_000766,7.77,10,2,Clear,Low,Evening Peak,Scooter,1.7,30.2
ORD_000767,3.65,15,3,Clear,Low,Morning,Motorcycle,5.3,21.8
ORD_000768,1.11,15,3,Heavy Storm,Jam,Evening Peak,Motorcycle,5.0,32.6
ORD_000769,3.72,35,2,Windy,High,Morning,Scooter,1.6,51.1
ORD_000770,6.39,15,2,Clear,High,Evening Peak,Motorcycle,1.1,37.3
ORD_000771,5.09,20,4,Clear,Medium,Afternoon,Motorcycle,5.2,32.9
ORD_000772,7.07,25,3,Clear,Medium,Late Night,Motorcycle,1.5,44.9
ORD_000773,9.7,20,3,Heavy Storm,Jam,Evening Peak,Scooter,5.3,81.6
ORD_000774,4.68,25,3,Clear,Low,Evening Peak,Scooter,5.8,32.0
ORD_000775,3.95,15,1,Clear,Medium,Late Night,Electric Bike,1.7,25.8
ORD_000776,3.02,35,1,Foggy,Low,Morning,Scooter,5.1,47.1
ORD_000777,2.22,25,2,Clear,Medium,Morning,Scooter,2.8,31.6
ORD_000778,1.91,15,2,Clear,High,Evening Peak,Scooter,4.8,18.8
ORD_000779,3.45,15,2,Foggy,Medium,Evening Peak,Motorcycle,2.7,28.4
ORD_000780,8.97,30,3,Rainy,High,Evening Peak,Scooter,0.9,73.3
ORD_000781,7.45,20,3,Clear,Low,Afternoon,Scooter,4.4,39.0
ORD_000782,3.85,20,3,Rainy,Medium,Morning,Motorcycle,1.3,39.5
ORD_000783,15.09,25,2,Clear,High,Evening Peak,Motorcycle,5.6,76.4
ORD_000784,3.58,20,1,Clear,Medium,Evening Peak,Motorcycle,2.8,25.9
ORD_000785,10.21,15,6,Clear,High,Evening Peak,Scooter,1.0,55.9
ORD_000786,11.55,15,3,Clear,Medium,Evening Peak,Motorcycle,1.8,45.2
ORD_000787,6.63,20,2,Clear,Medium,Late Night,Scooter,5.2,35.7
ORD_000788,3.43,10,1,Clear,High,Evening Peak,Motorcycle,2.3,23.2
ORD_000789,4.14,15,1,Clear,High,Late Night,Scooter,5.2,29.4
ORD_000790,5.7,25,1,Foggy,Medium,Afternoon,Motorcycle,1.4,45.1
ORD_000791,2.25,15,2,Windy,Low,Late Night,Scooter,3.1,23.8
ORD_000792,2.86,10,2,Foggy,Low,Evening Peak,Electric Bike,5.3,19.7
ORD_000793,2.72,25,2,Clear,High,Afternoon,Motorcycle,0.8,31.0
ORD_000794,6.91,20,1,Clear,High,Evening Peak,Scooter,2.2,43.9
ORD_000795,9.65,15,3,Clear,Medium,Afternoon,Motorcycle,5.5,33.9
ORD_000796,7.61,25,1,Clear,High,Morning,Motorcycle,3.8,49.7
ORD_000797,8.78,20,2,Foggy,Jam,Evening Peak,Motorcycle,4.4,62.0
ORD_000798,3.27,15,3,Clear,High,Late Night,Electric Bike,5.1,26.7
ORD_000799,4.25,15,1,Rainy,Medium,Late Night,Motorcycle,3.4,28.5
ORD_000800,4.44,15,6,Clear,Low,Morning,Scooter,5.1,25.3
ORD_000801,6.62,25,1,Clear,High,Late Night,Motorcycle,4.0,46.9
ORD_000802,3.5,20,1,Clear,Low,Evening Peak,Scooter,4.3,23.1
ORD_000803,8.48,20,3,Clear,High,Morning,Motorcycle,1.3,50.7
ORD_000804,11.37,25,2,Windy,Medium,Late Night,Motorcycle,5.7,55.7
ORD_000805,6.81,10,6,Clear,Low,Late Night,Scooter,4.9,27.4
ORD_000806,4.15,10,1,Foggy,Medium,Evening Peak,Motorcycle,1.9,24.3
ORD_000807,3.1,15,2,Clear,Medium,Evening Peak,Motorcycle,3.7,20.1
ORD_000808,2.73,10,3,Rainy,Medium,Afternoon,Scooter,2.6,25.6
ORD_000809,1.54,20,2,Clear,Medium,Afternoon,Motorcycle,4.1,22.6
ORD_000810,4.51,20,2,Clear,Low,Late Night,Motorcycle,6.0,28.1
ORD_000811,4.37,15,2,Clear,Medium,Afternoon,Motorcycle,0.8,26.2
ORD_000812,8.19,10,4,Clear,High,Afternoon,Scooter,5.7,38.2
ORD_000813,3.63,10,1,Foggy,Low,Evening Peak,Scooter,0.9,23.6
ORD_000814,4.66,30,2,Foggy,Medium,Evening Peak,Scooter,3.0,46.3
ORD_000815,6.02,20,3,Foggy,Medium,Afternoon,Motorcycle,3.2,41.7
ORD_000816,6.75,20,4,Clear,High,Afternoon,Scooter,2.0,45.3
ORD_000817,7.68,15,2,Heavy Storm,Medium,Afternoon,Motorcycle,3.6,48.1
ORD_000818,5.69,15,2,Clear,Medium,Afternoon,Scooter,5.1,30.4
ORD_000819,2.33,10,4,Clear,High,Evening Peak,Motorcycle,2.1,22.1
ORD_000820,6.42,35,2,Heavy Storm,Medium,Morning,Electric Bike,0.9,73.4
ORD_000821,3.48,25,1,Heavy Storm,High,Evening Peak,Motorcycle,4.0,51.3
ORD_000822,9.9,20,2,Windy,Medium,Afternoon,Scooter,4.6,48.5
ORD_000823,5.2,20,3,Clear,Medium,Morning,Scooter,5.7,29.3
ORD_000824,5.88,20,1,Clear,Medium,Morning,Motorcycle,1.4,30.3
ORD_000825,18.19,15,3,Clear,Low,Afternoon,Scooter,5.5,56.8
ORD_000826,7.75,15,2,Foggy,Medium,Evening Peak,Motorcycle,3.2,36.1
ORD_000827,6.36,20,5,Clear,Low,Evening Peak,Scooter,1.8,31.6
ORD_000828,4.74,10,1,Windy,High,Afternoon,Scooter,5.8,26.8
ORD_000829,2.44,10,2,Clear,Jam,Morning,Scooter,1.8,25.2
ORD_000830,4.55,20,2,Rainy,Low,Evening Peak,Scooter,4.5,35.6
ORD_000831,3.08,30,4,Clear,Low,Evening Peak,Scooter,4.8,37.5
ORD_000832,12.14,30,2,Heavy Storm,Medium,Morning,Motorcycle,2.9,78.1
ORD_000833,6.4,10,2,Foggy,Medium,Afternoon,Motorcycle,4.3,28.6
ORD_000834,9.7,10,3,Clear,Low,Afternoon,Motorcycle,3.6,33.5
ORD_000835,3.57,20,5,Clear,Jam,Afternoon,Scooter,1.6,38.6
ORD_000836,3.21,25,3,Clear,Jam,Afternoon,Motorcycle,4.7,38.8
ORD_000837,7.34,30,5,Clear,High,Afternoon,Motorcycle,5.6,53.5
ORD_000838,3.01,25,3,Rainy,Medium,Evening Peak,Motorcycle,3.2,39.9
ORD_000839,3.97,20,1,Clear,Low,Late Night,Electric Bike,6.0,33.3
ORD_000840,12.46,15,3,Rainy,Medium,Morning,Scooter,2.9,58.3
ORD_000841,4.06,10,2,Clear,Medium,Evening Peak,Electric Bike,3.1,21.2
ORD_000842,2.16,10,2,Clear,Low,Morning,Motorcycle,4.2,17.5
ORD_000843,1.74,20,4,Clear,Medium,Afternoon,Electric Bike,1.5,28.7
ORD_000844,2.01,10,2,Foggy,High,Evening Peak,Scooter,5.5,18.7
ORD_000845,10.01,20,2,Clear,Medium,Evening Peak,Scooter,4.9,46.2
ORD_000846,3.7,20,8,Clear,Medium,Afternoon,Motorcycle,5.3,32.8
ORD_000847,17.87,10,1,Clear,Medium,Late Night,Motorcycle,3.9,59.9
ORD_000848,11.44,30,3,Clear,Medium,Evening Peak,Motorcycle,5.4,56.1
ORD_000849,14.13,20,2,Clear,Low,Morning,Motorcycle,4.2,45.4
ORD_000850,8.9,30,2,Rainy,Medium,Evening Peak,Motorcycle,3.3,59.1
ORD_000851,7.12,30,1,Windy,Medium,Afternoon,Electric Bike,5.6,52.9
ORD_000852,3.14,15,2,Clear,Low,Evening Peak,Motorcycle,2.9,20.9
ORD_000853,5.12,15,3,Clear,Medium,Afternoon,Scooter,3.3,30.2
ORD_000854,7.52,10,3,Clear,Medium,Morning,Scooter,1.4,31.9
ORD_000855,8.6,25,3,Foggy,High,Evening Peak,Electric Bike,5.7,61.4
ORD_000856,2.57,20,2,Rainy,Medium,Evening Peak,Scooter,1.7,36.1
ORD_000857,4.59,30,2,Foggy,Medium,Evening Peak,Motorcycle,1.6,50.7
ORD_000858,4.89,15,1,Foggy,Low,Afternoon,Scooter,1.1,30.2
ORD_000859,4.78,20,2,Clear,Jam,Afternoon,Scooter,3.0,45.3
ORD_000860,2.76,35,1,Heavy Storm,Jam,Late Night,Scooter,2.0,61.2
ORD_000861,13.2,20,1,Clear,Medium,Evening Peak,Motorcycle,4.6,53.0
ORD_000862,4.5,10,1,Rainy,Jam,Afternoon,Motorcycle,2.2,38.8
ORD_000863,2.88,20,1,Clear,Medium,Evening Peak,Electric Bike,4.5,28.7
ORD_000864,13.39,15,2,Clear,High,Morning,Electric Bike,1.6,82.3
ORD_000865,11.45,10,2,Clear,Low,Evening Peak,Motorcycle,1.8,35.9
ORD_000866,5.56,15,1,Clear,Low,Morning,Motorcycle,4.9,20.1
ORD_000867,3.9,15,2,Clear,Medium,Afternoon,Scooter,2.5,28.3
ORD_000868,1.93,25,1,Clear,Low,Evening Peak,Scooter,1.1,27.4
ORD_000869,6.83,15,2,Windy,High,Afternoon,Scooter,5.8,40.8
ORD_000870,3.75,20,1,Foggy,High,Evening Peak,Electric Bike,1.5,44.3
ORD_000871,5.05,10,1,Clear,High,Evening Peak,Electric Bike,1.3,31.3
ORD_000872,12.72,10,3,Clear,Low,Afternoon,Scooter,2.5,44.6
ORD_000873,3.59,10,3,Foggy,Medium,Late Night,Motorcycle,1.0,26.1
ORD_000874,6.67,15,2,Clear,Low,Evening Peak,Scooter,1.4,28.8
ORD_000875,7.8,15,3,Clear,Jam,Afternoon,Scooter,5.2,52.9
ORD_000876,9.84,20,3,Heavy Storm,Medium,Evening Peak,Motorcycle,1.4,63.2
ORD_000877,4.85,35,3,Clear,Low,Afternoon,Motorcycle,1.1,45.2
ORD_000878,4.56,15,2,Clear,Medium,Morning,Motorcycle,5.3,23.0
ORD_000879,4.5,10,2,Windy,Low,Afternoon,Scooter,2.9,18.6
ORD_000880,6.31,15,2,Foggy,Low,Afternoon,Motorcycle,1.4,32.0
ORD_000881,11.18,25,4,Clear,Low,Afternoon,Scooter,3.7,53.7
ORD_000882,4.38,20,3,Windy,High,Evening Peak,Scooter,0.7,39.6
ORD_000883,1.2,25,1,Clear,Medium,Morning,Electric Bike,2.9,28.8
ORD_000884,8.29,10,2,Clear,Medium,Morning,Motorcycle,3.7,30.5
ORD_000885,5.33,10,1,Clear,Low,Evening Peak,Motorcycle,5.8,16.5
ORD_000886,6.84,10,8,Clear,Medium,Morning,Electric Bike,2.3,41.1
ORD_000887,1.97,25,4,Clear,Medium,Afternoon,Scooter,4.7,32.7
ORD_000888,3.75,15,2,Clear,Medium,Evening Peak,Scooter,1.2,25.4
ORD_000889,7.92,20,2,Rainy,Medium,Late Night,Scooter,2.9,51.7
ORD_000890,2.39,20,2,Clear,Low,Morning,Scooter,1.7,25.5
ORD_000891,6.66,20,3,Clear,Jam,Evening Peak,Scooter,3.2,52.0
ORD_000892,5.03,15,2,Clear,Medium,Evening Peak,Motorcycle,2.8,31.8
ORD_000893,3.31,20,2,Windy,Jam,Morning,Electric Bike,5.9,41.2
ORD_000894,3.16,10,2,Windy,Medium,Morning,Motorcycle,5.5,20.3
ORD_000895,2.78,35,3,Windy,High,Evening Peak,Motorcycle,3.7,46.8
ORD_000896,5.32,10,1,Clear,Medium,Late Night,Scooter,1.5,24.2
ORD_000897,5.67,10,2,Clear,High,Morning,Motorcycle,3.6,28.4
ORD_000898,4.14,15,2,Foggy,Low,Afternoon,Motorcycle,4.9,29.7
ORD_000899,2.68,25,3,Windy,Low,Afternoon,Motorcycle,0.7,34.0
ORD_000900,6.55,15,1,Clear,Medium,Late Night,Electric Bike,2.9,36.1
ORD_000901,8.38,15,1,Clear,Medium,Evening Peak,Scooter,0.7,40.3
ORD_000902,7.22,10,3,Rainy,Jam,Afternoon,Motorcycle,1.8,52.8
ORD_000903,14.45,10,2,Clear,Medium,Afternoon,Scooter,1.0,56.2
ORD_000904,4.62,20,1,Rainy,Jam,Afternoon,Motorcycle,5.8,43.4
ORD_000905,10.57,15,2,Clear,High,Morning,Motorcycle,1.4,53.3
ORD_000906,3.5,20,2,Clear,High,Late Night,Scooter,1.3,36.1
ORD_000907,3.18,25,2,Clear,Medium,Late Night,Motorcycle,5.8,33.4
ORD_000908,5.5,25,1,Clear,Low,Morning,Scooter,3.3,34.0
ORD_000909,11.89,10,1,Windy,Low,Afternoon,Electric Bike,4.7,41.6
ORD_000910,4.33,15,2,Foggy,High,Morning,Scooter,2.3,40.5
ORD_000911,1.97,30,1,Clear,Jam,Afternoon,Scooter,3.4,38.2
ORD_000912,8.29,25,3,Clear,Low,Late Night,Scooter,0.5,44.8
ORD_000913,4.91,10,3,Clear,High,Late Night,Scooter,2.7,27.6
ORD_000914,6.07,20,4,Rainy,Medium,Evening Peak,Motorcycle,3.6,44.4
ORD_000915,3.28,30,1,Clear,Jam,Late Night,Motorcycle,3.3,39.9
ORD_000916,5.48,15,3,Clear,High,Evening Peak,Scooter,2.7,37.1
ORD_000917,2.13,25,3,Clear,Low,Afternoon,Scooter,4.8,30.1
ORD_000918,13.32,15,3,Windy,High,Evening Peak,Motorcycle,3.3,61.7
ORD_000919,9.15,10,2,Rainy,High,Evening Peak,Motorcycle,4.0,48.4
ORD_000920,5.34,10,2,Clear,High,Evening Peak,Scooter,1.5,29.5
ORD_000921,8.16,10,1,Clear,Low,Evening Peak,Scooter,5.2,28.5
ORD_000922,3.5,15,6,Clear,High,Evening Peak,Scooter,2.5,27.5
ORD_000923,8.93,25,1,Clear,Medium,Afternoon,Scooter,3.2,49.9
ORD_000924,4.22,20,3,Clear,Medium,Late Night,Motorcycle,2.4,32.8
ORD_000925,4.05,20,4,Clear,Low,Morning,Motorcycle,5.4,26.4
ORD_000926,2.89,20,5,Rainy,Medium,Evening Peak,Motorcycle,5.5,35.8
ORD_000927,6.5,15,5,Rainy,Jam,Evening Peak,Motorcycle,1.7,50.4
ORD_000928,5.21,15,3,Foggy,Low,Morning,Scooter,4.6,28.9
ORD_000929,10.76,30,1,Foggy,High,Afternoon,Scooter,1.1,70.6
ORD_000930,2.7,20,2,Clear,Medium,Afternoon,Electric Bike,0.7,33.0
ORD_000931,6.52,15,2,Clear,Medium,Late Night,Motorcycle,5.1,28.7
ORD_000932,9.65,35,3,Foggy,Low,Evening Peak,Motorcycle,1.2,61.3
ORD_000933,5.73,15,2,Windy,Medium,Afternoon,Scooter,1.4,33.2
ORD_000934,4.17,25,4,Windy,Low,Late Night,Scooter,3.8,40.7
ORD_000935,5.65,25,2,Foggy,Jam,Afternoon,Scooter,5.0,58.1
ORD_000936,10.28,15,3,Rainy,Low,Evening Peak,Motorcycle,1.5,46.0
ORD_000937,10.28,10,6,Windy,Medium,Evening Peak,Motorcycle,1.1,47.2
ORD_000938,4.79,35,3,Clear,Medium,Morning,Scooter,0.9,50.5
ORD_000939,10.18,15,3,Clear,Medium,Evening Peak,Motorcycle,0.6,41.9
ORD_000940,5.07,10,3,Clear,High,Afternoon,Motorcycle,1.1,30.5
ORD_000941,8.11,15,4,Foggy,Low,Afternoon,Motorcycle,5.7,32.7
ORD_000942,6.95,20,2,Clear,High,Afternoon,Motorcycle,1.0,44.0
ORD_000943,4.08,25,8,Clear,Low,Evening Peak,Motorcycle,3.8,37.7
ORD_000944,2.95,30,3,Heavy Storm,Low,Morning,Scooter,5.6,50.7
ORD_000945,9.79,30,3,Clear,Jam,Afternoon,Scooter,4.0,81.9
ORD_000946,11.33,30,1,Clear,Medium,Afternoon,Scooter,0.7,68.3
ORD_000947,6.43,10,2,Clear,Medium,Morning,Motorcycle,3.8,24.8
ORD_000948,5.06,20,2,Rainy,Medium,Morning,Electric Bike,5.5,44.9
ORD_000949,2.51,15,1,Foggy,Low,Evening Peak,Motorcycle,2.3,24.7
ORD_000950,9.65,15,5,Windy,High,Late Night,Electric Bike,2.2,65.6
ORD_000951,6.02,25,3,Clear,Medium,Evening Peak,Motorcycle,1.9,43.2
ORD_000952,4.41,15,4,Heavy Storm,Medium,Morning,Motorcycle,3.3,40.1
ORD_000953,8.24,30,2,Clear,Medium,Evening Peak,Scooter,1.8,54.0
ORD_000954,2.26,10,5,Clear,High,Evening Peak,Scooter,4.5,15.8
ORD_000955,2.81,25,5,Clear,High,Morning,Electric Bike,4.0,37.1
ORD_000956,3.43,10,3,Clear,Medium,Morning,Scooter,2.7,18.4
ORD_000957,6.83,15,2,Clear,High,Late Night,Scooter,4.5,38.5
ORD_000958,5.68,15,2,Rainy,Low,Afternoon,Electric Bike,1.0,42.6
ORD_000959,7.28,15,5,Clear,High,Evening Peak,Motorcycle,4.6,39.2
ORD_000960,9.29,15,3,Rainy,Low,Afternoon,Electric Bike,3.8,52.8
ORD_000961,7.43,30,2,Foggy,High,Morning,Scooter,4.0,56.6
ORD_000962,13.48,20,3,Clear,Medium,Evening Peak,Motorcycle,0.9,56.6
ORD_000963,9.28,15,3,Heavy Storm,Low,Afternoon,Motorcycle,3.9,48.5
ORD_000964,4.79,15,1,Windy,Medium,Evening Peak,Motorcycle,3.2,31.7
ORD_000965,3.74,15,5,Windy,Low,Late Night,Scooter,3.2,29.5
ORD_000966,4.87,15,1,Clear,Low,Morning,Motorcycle,2.3,27.1
ORD_000967,7.58,20,4,Windy,Medium,Morning,Electric Bike,0.5,53.3
ORD_000968,3.97,15,2,Clear,Jam,Late Night,Electric Bike,2.8,39.8
ORD_000969,7.69,25,4,Clear,High,Afternoon,Scooter,2.7,58.5
ORD_000970,7.21,10,3,Clear,High,Late Night,Electric Bike,2.8,43.7
ORD_000971,2.92,20,1,Clear,High,Afternoon,Scooter,3.9,29.1
ORD_000972,9.18,20,2,Foggy,Medium,Afternoon,Motorcycle,2.1,47.2
ORD_000973,6.31,15,4,Foggy,Medium,Evening Peak,Motorcycle,2.0,39.1
ORD_000974,13.11,25,2,Clear,High,Morning,Scooter,3.2,72.6
ORD_000975,5.08,20,1,Foggy,Low,Afternoon,Motorcycle,3.8,34.3
ORD_000976,4.3,20,2,Clear,Jam,Afternoon,Scooter,3.6,40.6
ORD_000977,2.71,15,4,Clear,Medium,Morning,Scooter,5.3,24.7
ORD_000978,2.69,30,3,Clear,Medium,Afternoon,Electric Bike,4.7,38.6
ORD_000979,8.58,20,8,Foggy,Medium,Afternoon,Motorcycle,0.8,51.6
ORD_000980,12.37,15,4,Foggy,Low,Morning,Electric Bike,3.6,57.9
ORD_000981,4.83,15,1,Clear,High,Morning,Motorcycle,2.8,31.7
ORD_000982,4.66,10,3,Clear,Medium,Evening Peak,Electric Bike,2.5,29.4
ORD_000983,5.34,15,3,Clear,Medium,Afternoon,Motorcycle,5.8,28.6
ORD_000984,9.53,35,1,Foggy,Low,Afternoon,Motorcycle,3.0,58.9
ORD_000985,2.94,15,3,Rainy,Medium,Morning,Scooter,4.5,29.8
ORD_000986,5.87,25,2,Windy,Medium,Morning,Electric Bike,5.8,50.4
ORD_000987,8.68,15,2,Clear,Medium,Morning,Motorcycle,1.3,38.2
ORD_000988,6.78,15,2,Clear,Low,Morning,Motorcycle,0.8,31.6
ORD_000989,1.05,30,2,Heavy Storm,Medium,Evening Peak,Electric Bike,2.2,49.0
ORD_000990,7.45,10,2,Rainy,Medium,Late Night,Motorcycle,0.7,34.4
ORD_000991,6.82,20,3,Heavy Storm,Low,Evening Peak,Scooter,1.1,51.1
ORD_000992,10.57,30,4,Windy,Medium,Evening Peak,Motorcycle,6.0,62.9
ORD_000993,11.82,30,1,Clear,High,Morning,Motorcycle,5.8,67.4
ORD_000994,10.27,25,2,Rainy,Medium,Afternoon,Scooter,4.3,65.8
ORD_000995,5.36,25,1,Rainy,Medium,Morning,Motorcycle,4.6,43.5
ORD_000996,1.92,20,1,Clear,Medium,Late Night,Motorcycle,1.3,25.6
ORD_000997,4.64,15,8,Foggy,Low,Morning,Electric Bike,3.8,37.9
ORD_000998,5.26,20,3,Rainy,Low,Afternoon,Motorcycle,1.3,38.4
ORD_000999,12.28,35,2,Rainy,Low,Morning,Motorcycle,2.6,67.3
ORD_001000,3.29,20,2,Foggy,Jam,Morning,Electric Bike,2.4,42.1
ORD_001001,2.29,15,4,Clear,Low,Evening Peak,Motorcycle,3.9,19.6
ORD_001002,3.99,20,3,Foggy,High,Morning,Motorcycle,0.9,39.4
ORD_001003,3.4,20,3,Clear,High,Morning,Motorcycle,1.1,36.9
ORD_001004,2.17,15,5,Clear,High,Late Night,Motorcycle,3.9,24.8
ORD_001005,4.89,20,4,Clear,Medium,Morning,Scooter,4.0,32.0
ORD_001006,5.38,20,1,Clear,Medium,Evening Peak,Motorcycle,2.4,34.2
ORD_001007,2.1,20,2,Clear,Low,Late Night,Scooter,1.3,24.0
ORD_001008,4.29,15,3,Clear,Low,Evening Peak,Scooter,5.4,21.5
ORD_001009,3.27,15,2,Clear,Medium,Morning,Scooter,0.8,28.3
ORD_001010,5.48,20,2,Windy,High,Morning,Scooter,4.4,40.9
ORD_001011,5.79,20,5,Windy,Medium,Morning,Scooter,1.3,40.8
ORD_001012,3.28,15,4,Foggy,High,Evening Peak,Motorcycle,4.0,33.3
ORD_001013,9.14,15,4,Windy,High,Morning,Motorcycle,4.2,45.5
ORD_001014,5.2,15,5,Foggy,Medium,Morning,Motorcycle,4.9,32.1
ORD_001015,3.36,15,3,Clear,Medium,Evening Peak,Scooter,2.7,29.5
ORD_001016,2.03,35,2,Clear,High,Evening Peak,Motorcycle,0.6,44.8
ORD_001017,5.97,25,2,Clear,Low,Evening Peak,Motorcycle,5.0,37.1
ORD_001018,6.81,25,4,Rainy,Low,Evening Peak,Scooter,2.9,52.1
ORD_001019,3.86,20,5,Windy,Low,Evening Peak,Motorcycle,5.2,30.4
ORD_001020,5.58,20,3,Clear,Medium,Afternoon,Motorcycle,4.8,31.2
ORD_001021,11.82,15,3,Foggy,High,Late Night,Motorcycle,3.2,58.5
ORD_001022,8.35,20,4,Clear,Medium,Evening Peak,Motorcycle,6.0,39.0
ORD_001023,1.38,15,3,Clear,Medium,Afternoon,Scooter,3.0,20.4
ORD_001024,3.34,20,5,Clear,Medium,Morning,Scooter,4.3,35.4
ORD_001025,4.76,15,4,Clear,High,Late Night,Motorcycle,4.2,31.1
ORD_001026,5.36,10,2,Clear,High,Evening Peak,Motorcycle,3.3,27.2
ORD_001027,5.65,15,1,Heavy Storm,Medium,Morning,Electric Bike,3.7,50.0
ORD_001028,6.57,25,3,Windy,Medium,Evening Peak,Motorcycle,4.9,45.8
ORD_001029,4.85,15,5,Windy,Low,Evening Peak,Scooter,3.6,33.8
ORD_001030,5.19,15,5,Windy,Medium,Morning,Scooter,3.0,35.8
ORD_001031,8.59,30,5,Clear,High,Evening Peak,Motorcycle,4.1,64.7
ORD_001032,6.03,20,4,Heavy Storm,Medium,Afternoon,Electric Bike,0.7,58.2
ORD_001033,2.56,10,2,Heavy Storm,Medium,Late Night,Scooter,1.1,32.4
ORD_001034,5.46,10,5,Foggy,Medium,Morning,Motorcycle,1.2,30.7
ORD_001035,4.77,15,3,Clear,Medium,Late Night,Motorcycle,2.8,29.7
ORD_001036,1.62,20,4,Rainy,Medium,Morning,Electric Bike,5.3,37.5
ORD_001037,5.62,25,2,Clear,Medium,Morning,Scooter,4.0,39.9
ORD_001038,2.76,15,2,Windy,Jam,Evening Peak,Motorcycle,5.8,28.1
ORD_001039,8.66,25,1,Clear,Medium,Evening Peak,Motorcycle,0.7,47.3
ORD_001040,6.52,10,1,Clear,Low,Morning,Motorcycle,4.5,20.3
ORD_001041,2.48,15,4,Rainy,High,Late Night,Scooter,2.2,32.7
ORD_001042,8.44,35,5,Heavy Storm,Medium,Evening Peak,Motorcycle,0.6,75.4
ORD_001043,10.66,10,2,Rainy,Jam,Afternoon,Motorcycle,5.0,60.9
ORD_001044,4.44,25,2,Clear,High,Afternoon,Motorcycle,1.4,42.2
ORD_001045,4.75,20,5,Clear,Medium,Evening Peak,Motorcycle,1.7,34.9
ORD_001046,7.99,10,4,Heavy Storm,Medium,Evening Peak,Scooter,2.4,51.5
ORD_001047,10.22,15,1,Clear,Medium,Evening Peak,Scooter,4.8,47.2
ORD_001048,1.85,20,1,Windy,Low,Afternoon,Motorcycle,3.9,24.6
ORD_001049,2.65,30,6,Clear,Medium,Evening Peak,Motorcycle,2.0,44.0
ORD_001050,4.03,15,2,Clear,Medium,Evening Peak,Electric Bike,1.4,31.6
ORD_001051,4.29,15,3,Rainy,Jam,Evening Peak,Motorcycle,1.1,42.7
ORD_001052,7.86,10,2,Clear,Medium,Late Night,Scooter,1.3,32.8
ORD_001053,10.25,20,3,Windy,High,Evening Peak,Electric Bike,5.3,66.8
ORD_001054,10.68,15,4,Clear,Low,Late Night,Scooter,5.6,40.5
ORD_001055,1.83,10,8,Clear,High,Evening Peak,Motorcycle,5.8,18.4
ORD_001056,3.17,35,2,Clear,Low,Morning,Scooter,5.1,38.4
ORD_001057,3.61,15,2,Windy,Medium,Afternoon,Motorcycle,5.4,22.0
ORD_001058,3.16,10,4,Heavy Storm,High,Evening Peak,Scooter,5.0,33.5
ORD_001059,6.51,20,2,Rainy,Medium,Afternoon,Scooter,5.8,44.6
ORD_001060,6.95,25,2,Windy,Low,Late Night,Electric Bike,5.2,42.9
ORD_001061,5.15,10,6,Foggy,Medium,Evening Peak,Scooter,3.0,30.6
ORD_001062,4.88,10,3,Rainy,High,Late Night,Scooter,2.3,35.8
ORD_001063,4.13,10,2,Clear,High,Afternoon,Motorcycle,3.7,19.0
ORD_001064,4.42,10,3,Windy,Medium,Late Night,Motorcycle,3.8,24.3
ORD_001065,11.75,20,2,Rainy,High,Evening Peak,Motorcycle,3.7,66.2
ORD_001066,7.53,20,3,Windy,High,Afternoon,Motorcycle,4.4,45.4
ORD_001067,4.22,20,3,Clear,Low,Afternoon,Electric Bike,4.3,29.9
ORD_001068,4.83,20,3,Foggy,High,Late Night,Scooter,1.0,43.9
ORD_001069,6.59,25,1,Clear,High,Late Night,Scooter,2.1,48.9
ORD_001070,2.48,20,8,Rainy,Medium,Morning,Motorcycle,5.4,35.9
ORD_001071,5.57,30,3,Foggy,Medium,Afternoon,Scooter,3.7,53.9
ORD_001072,7.3,15,3,Rainy,Jam,Late Night,Scooter,2.3,58.1
ORD_001073,6.78,25,3,Clear,High,Morning,Scooter,5.2,48.2
ORD_001074,3.2,15,2,Heavy Storm,Jam,Late Night,Scooter,1.9,44.3
ORD_001075,3.55,15,2,Windy,Medium,Afternoon,Motorcycle,2.8,24.1
ORD_001076,1.53,25,2,Foggy,Low,Morning,Motorcycle,2.0,29.7
ORD_001077,7.73,10,1,Windy,Low,Afternoon,Motorcycle,5.3,26.3
ORD_001078,14.56,20,5,Clear,High,Evening Peak,Motorcycle,4.5,69.6
ORD_001079,2.95,20,2,Clear,Medium,Late Night,Scooter,3.0,28.7
ORD_001080,9.25,25,1,Clear,Low,Morning,Motorcycle,5.6,37.3
ORD_001081,13.83,20,2,Clear,Low,Evening Peak,Motorcycle,5.6,48.7
ORD_001082,3.9,15,2,Clear,Medium,Late Night,Scooter,4.4,27.8
ORD_001083,4.83,15,1,Windy,Low,Late Night,Motorcycle,5.4,27.3
ORD_001084,5.92,30,1,Windy,High,Afternoon,Motorcycle,4.5,47.8
ORD_001085,6.66,15,1,Clear,High,Late Night,Motorcycle,4.0,34.6
ORD_001086,6.1,25,1,Clear,High,Morning,Motorcycle,2.8,42.1
ORD_001087,4.08,10,1,Clear,Low,Evening Peak,Motorcycle,2.0,14.2
ORD_001088,7.23,15,5,Rainy,Low,Evening Peak,Motorcycle,0.8,41.1
ORD_001089,4.13,15,3,Clear,Low,Evening Peak,Motorcycle,4.9,25.4
ORD_001090,6.34,20,4,Clear,Medium,Afternoon,Motorcycle,1.2,42.1
ORD_001091,5.05,15,1,Windy,Low,Evening Peak,Motorcycle,2.8,28.0
ORD_001092,1.73,10,3,Windy,Jam,Evening Peak,Electric Bike,1.8,25.8
ORD_001093,10.01,15,5,Clear,High,Morning,Scooter,3.0,57.0
ORD_001094,3.61,15,6,Clear,Low,Afternoon,Electric Bike,2.2,29.4
ORD_001095,10.57,15,1,Clear,Low,Afternoon,Motorcycle,5.1,35.0
ORD_001096,9.05,15,2,Clear,Medium,Late Night,Electric Bike,5.9,44.8
ORD_001097,5.82,25,2,Clear,High,Late Night,Electric Bike,5.7,49.2
ORD_001098,6.86,15,1,Clear,High,Afternoon,Electric Bike,3.9,47.2
ORD_001099,7.32,15,1,Clear,Medium,Evening Peak,Motorcycle,5.9,32.5
ORD_001100,4.58,30,2,Clear,Jam,Evening Peak,Scooter,2.7,55.9
ORD_001101,4.7,15,3,Foggy,Low,Late Night,Motorcycle,3.4,28.0
ORD_001102,7.13,30,3,Clear,Low,Morning,Motorcycle,1.9,42.5
ORD_001103,5.08,15,3,Rainy,Low,Evening Peak,Scooter,5.4,34.3
ORD_001104,4.09,15,3,Rainy,Low,Afternoon,Scooter,1.5,35.7
ORD_001105,3.23,15,3,Rainy,Medium,Evening Peak,Electric Bike,3.9,36.3
ORD_001106,6.45,20,3,Clear,Low,Late Night,Electric Bike,4.9,41.8
ORD_001107,3.54,20,6,Clear,Medium,Morning,Scooter,3.8,34.4
ORD_001108,8.2,15,3,Clear,High,Evening Peak,Motorcycle,0.9,41.5
ORD_001109,8.59,25,3,Rainy,Medium,Evening Peak,Scooter,3.9,56.0
ORD_001110,6.83,15,4,Windy,Medium,Morning,Motorcycle,4.7,31.4
ORD_001111,7.64,10,5,Clear,Medium,Afternoon,Electric Bike,1.5,43.2
ORD_001112,6.84,20,2,Clear,Medium,Evening Peak,Motorcycle,4.6,34.4
ORD_001113,7.94,25,5,Clear,High,Late Night,Electric Bike,5.3,60.9
ORD_001114,7.75,15,2,Rainy,Medium,Evening Peak,Electric Bike,5.9,46.1
ORD_001115,6.25,10,3,Windy,Low,Morning,Motorcycle,2.8,23.6
ORD_001116,9.11,25,2,Windy,Medium,Morning,Motorcycle,0.6,52.4
ORD_001117,4.67,35,8,Clear,Low,Late Night,Motorcycle,2.8,50.0
ORD_001118,3.29,10,2,Windy,Medium,Evening Peak,Scooter,4.1,20.1
ORD_001119,3.19,30,2,Clear,Medium,Morning,Scooter,5.4,37.9
ORD_001120,4.29,15,2,Windy,Low,Evening Peak,Scooter,5.7,26.4
ORD_001121,1.61,30,2,Rainy,Jam,Morning,Scooter,5.5,44.7
ORD_001122,5.79,20,3,Foggy,Medium,Late Night,Electric Bike,4.1,48.7
ORD_001123,7.38,25,8,Clear,Low,Morning,Motorcycle,4.3,44.0
ORD_001124,8.52,25,3,Rainy,Medium,Morning,Motorcycle,0.5,56.2
ORD_001125,1.91,10,3,Clear,Medium,Evening Peak,Motorcycle,2.5,13.0
ORD_001126,3.25,10,2,Clear,Medium,Evening Peak,Electric Bike,5.5,21.4
ORD_001127,8.06,20,5,Windy,Medium,Afternoon,Scooter,4.3,43.9
ORD_001128,4.59,10,2,Clear,High,Afternoon,Motorcycle,3.1,28.7
ORD_001129,7.29,15,1,Clear,Low,Afternoon,Motorcycle,1.1,34.7
ORD_001130,2.41,30,2,Clear,Medium,Evening Peak,Electric Bike,1.9,36.2
ORD_001131,10.5,15,4,Windy,High,Afternoon,Motorcycle,3.6,51.7
ORD_001132,2.31,15,1,Clear,Low,Morning,Scooter,5.4,17.6
ORD_001133,5.7,15,2,Clear,Medium,Afternoon,Motorcycle,1.0,29.6
ORD_001134,5.78,20,2,Clear,Jam,Late Night,Scooter,1.3,51.3
ORD_001135,3.84,15,1,Windy,High,Afternoon,Scooter,4.1,25.1
ORD_001136,6.69,15,3,Clear,Medium,Evening Peak,Electric Bike,2.1,39.0
ORD_001137,6.8,25,4,Heavy Storm,High,Evening Peak,Motorcycle,1.4,59.4
ORD_001138,6.39,25,2,Foggy,Medium,Evening Peak,Scooter,1.5,52.1
ORD_001139,3.8,25,1,Clear,Jam,Evening Peak,Scooter,3.2,44.7
ORD_001140,3.39,25,3,Windy,Low,Late Night,Motorcycle,3.7,33.4
ORD_001141,4.04,15,3,Clear,High,Afternoon,Motorcycle,5.5,24.4
ORD_001142,3.14,20,3,Rainy,Low,Morning,Motorcycle,3.4,36.4
ORD_001143,9.34,15,1,Clear,Low,Morning,Motorcycle,4.3,32.5
ORD_001144,4.24,10,1,Clear,High,Evening Peak,Electric Bike,1.5,30.6
ORD_001145,5.61,15,1,Foggy,High,Evening Peak,Electric Bike,4.4,43.1
ORD_001146,8.04,15,5,Clear,Low,Evening Peak,Motorcycle,4.1,33.5
ORD_001147,3.05,15,3,Windy,Medium,Late Night,Scooter,1.7,26.6
ORD_001148,2.26,15,2,Rainy,Low,Evening Peak,Scooter,4.2,28.7
ORD_001149,3.14,20,1,Foggy,High,Morning,Electric Bike,1.7,39.3
ORD_001150,5.95,15,3,Clear,Medium,Evening Peak,Motorcycle,3.8,30.4
ORD_001151,5.73,20,3,Rainy,Medium,Afternoon,Scooter,4.2,39.5
ORD_001152,6.39,20,4,Clear,High,Evening Peak,Scooter,4.3,44.9
ORD_001153,4.84,30,1,Clear,High,Morning,Scooter,5.5,46.7
ORD_001154,1.19,10,3,Windy,Jam,Evening Peak,Scooter,5.7,19.1
ORD_001155,4.75,20,1,Clear,Jam,Late Night,Motorcycle,5.0,38.5
ORD_001156,8.64,20,3,Windy,Medium,Morning,Scooter,5.3,53.0
ORD_001157,9.89,30,1,Windy,Medium,Afternoon,Scooter,0.6,58.4
ORD_001158,5.4,15,2,Rainy,Medium,Evening Peak,Scooter,2.5,34.1
ORD_001159,5.74,15,3,Clear,Medium,Evening Peak,Scooter,0.7,36.6
ORD_001160,7.21,15,3,Clear,Medium,Evening Peak,Motorcycle,1.7,37.6
ORD_001161,9.73,15,1,Clear,Low,Morning,Motorcycle,2.6,32.4
ORD_001162,5.13,20,1,Windy,High,Afternoon,Scooter,5.3,38.6
ORD_001163,7.16,25,2,Windy,Low,Late Night,Scooter,3.3,40.9
ORD_001164,3.71,15,4,Clear,Medium,Evening Peak,Motorcycle,4.1,23.1
ORD_001165,2.44,15,3,Clear,Medium,Late Night,Electric Bike,2.5,21.4
ORD_001166,3.93,15,1,Clear,Medium,Afternoon,Scooter,3.8,22.1
ORD_001167,10.97,10,2,Foggy,Jam,Afternoon,Motorcycle,5.0,61.4
ORD_001168,7.24,30,2,Rainy,Medium,Afternoon,Scooter,2.2,62.6
ORD_001169,2.57,25,1,Clear,Medium,Evening Peak,Motorcycle,5.6,29.1
ORD_001170,7.42,15,2,Clear,Low,Evening Peak,Electric Bike,1.7,38.9
ORD_001171,2.68,15,3,Windy,Medium,Afternoon,Motorcycle,5.6,22.0
ORD_001172,6.34,30,2,Clear,Jam,Morning,Electric Bike,0.7,74.4
ORD_001173,2.98,10,3,Clear,Jam,Evening Peak,Electric Bike,3.5,27.8
ORD_001174,2.49,20,3,Foggy,Medium,Evening Peak,Motorcycle,5.9,27.4
ORD_001175,11.99,30,2,Clear,High,Evening Peak,Scooter,3.9,77.4
ORD_001176,4.24,20,4,Rainy,Low,Evening Peak,Electric Bike,3.6,39.5
ORD_001177,7.16,10,2,Clear,Medium,Afternoon,Electric Bike,4.3,36.4
ORD_001178,5.25,15,3,Clear,High,Morning,Scooter,2.1,39.2
ORD_001179,2.8,30,3,Heavy Storm,Medium,Evening Peak,Scooter,0.8,50.9
ORD_001180,4.49,10,5,Clear,Jam,Late Night,Motorcycle,1.9,32.8
ORD_001181,2.82,15,2,Foggy,High,Morning,Motorcycle,1.5,31.2
ORD_001182,16.82,25,2,Clear,High,Evening Peak,Motorcycle,5.6,78.1
ORD_001183,7.88,25,2,Foggy,Low,Afternoon,Motorcycle,5.2,42.1
ORD_001184,5.2,15,4,Clear,Low,Evening Peak,Motorcycle,2.2,30.0
ORD_001185,6.95,15,2,Clear,High,Morning,Scooter,5.1,40.4
ORD_001186,7.6,20,2,Clear,Medium,Afternoon,Motorcycle,1.7,39.6
ORD_001187,7.61,15,1,Windy,Medium,Evening Peak,Motorcycle,1.6,39.6
ORD_001188,7.43,15,3,Windy,Low,Morning,Scooter,4.7,30.5
ORD_001189,7.12,25,3,Heavy Storm,Medium,Afternoon,Scooter,2.3,60.8
ORD_001190,5.44,15,4,Windy,High,Morning,Motorcycle,0.9,36.4
ORD_001191,11.48,10,2,Clear,High,Afternoon,Scooter,4.5,49.2
ORD_001192,5.64,15,4,Clear,Medium,Late Night,Scooter,5.9,33.2
ORD_001193,5.28,15,1,Foggy,High,Evening Peak,Scooter,3.6,40.9
ORD_001194,5.66,20,3,Rainy,High,Afternoon,Motorcycle,2.0,47.7
ORD_001195,5.89,25,2,Windy,High,Evening Peak,Electric Bike,2.6,54.8
ORD_001196,1.92,20,4,Clear,Medium,Afternoon,Motorcycle,4.1,25.9
ORD_001197,3.12,20,5,Rainy,Medium,Evening Peak,Scooter,4.4,36.1
ORD_001198,4.84,20,6,Clear,Medium,Morning,Scooter,5.4,32.1
ORD_001199,1.87,15,2,Clear,Medium,Afternoon,Electric Bike,5.5,18.6
ORD_001200,5.2,15,2,Clear,Low,Late Night,Electric Bike,5.2,27.0
ORD_001201,5.85,20,1,Clear,Medium,Morning,Motorcycle,4.1,31.0
ORD_001202,2.38,10,3,Windy,Medium,Morning,Motorcycle,3.0,21.1
ORD_001203,3.56,15,4,Clear,High,Evening Peak,Motorcycle,4.2,26.0
ORD_001204,10.11,15,4,Clear,Medium,Afternoon,Electric Bike,4.2,54.7
ORD_001205,6.99,20,8,Clear,Low,Evening Peak,Scooter,1.7,41.5
ORD_001206,6.77,15,3,Windy,High,Late Night,Electric Bike,3.3,46.1
ORD_001207,9.43,20,2,Clear,Low,Morning,Motorcycle,1.6,44.5
ORD_001208,3.16,15,3,Clear,Jam,Afternoon,Motorcycle,5.4,29.6
ORD_001209,2.39,30,2,Clear,Medium,Evening Peak,Motorcycle,2.3,36.5
ORD_001210,8.74,15,2,Clear,Low,Morning,Motorcycle,4.9,34.2
ORD_001211,4.91,20,3,Windy,Low,Evening Peak,Scooter,2.6,37.4
ORD_001212,3.11,10,2,Clear,Medium,Afternoon,Electric Bike,4.7,18.6
ORD_001213,1.91,15,2,Clear,Low,Evening Peak,Electric Bike,1.7,18.3
ORD_001214,5.7,25,1,Foggy,Jam,Evening Peak,Motorcycle,4.7,52.8
ORD_001215,4.6,15,4,Clear,High,Evening Peak,Motorcycle,1.5,30.7
ORD_001216,4.16,15,1,Rainy,Medium,Evening Peak,Motorcycle,3.2,34.8
ORD_001217,1.34,20,5,Windy,Jam,Morning,Motorcycle,1.1,32.5
ORD_001218,11.4,10,8,Clear,Medium,Afternoon,Motorcycle,3.4,43.1
ORD_001219,2.15,20,2,Clear,High,Evening Peak,Scooter,5.0,28.1
ORD_001220,4.39,15,1,Rainy,High,Late Night,Motorcycle,4.7,30.7
ORD_001221,3.99,15,1,Windy,Medium,Evening Peak,Motorcycle,0.8,28.6
ORD_001222,7.11,25,1,Windy,Medium,Evening Peak,Electric Bike,3.2,53.0
ORD_001223,1.93,20,5,Windy,Medium,Evening Peak,Electric Bike,5.2,26.6
ORD_001224,6.64,15,3,Clear,Jam,Afternoon,Scooter,4.1,45.8
ORD_001225,5.72,20,1,Clear,Low,Evening Peak,Motorcycle,0.8,33.1
ORD_001226,3.46,25,6,Clear,Low,Evening Peak,Motorcycle,2.3,33.2
ORD_001227,6.51,20,3,Windy,Medium,Morning,Motorcycle,3.6,39.5
ORD_001228,5.19,15,5,Rainy,High,Evening Peak,Motorcycle,1.4,42.8
ORD_001229,12.91,15,3,Clear,Low,Late Night,Motorcycle,4.3,45.2
ORD_001230,4.6,15,2,Clear,High,Late Night,Motorcycle,4.0,32.7
ORD_001231,2.88,15,1,Heavy Storm,Jam,Evening Peak,Electric Bike,1.6,48.4
ORD_001232,6.68,10,1,Clear,Low,Evening Peak,Scooter,3.5,23.3
ORD_001233,4.28,15,3,Clear,Jam,Morning,Motorcycle,5.0,32.1
ORD_001234,5.13,25,2,Clear,Medium,Afternoon,Electric Bike,2.6,45.7
ORD_001235,2.4,20,3,Clear,Medium,Evening Peak,Motorcycle,1.9,23.5
ORD_001236,7.17,15,6,Clear,Low,Evening Peak,Scooter,4.4,33.7
ORD_001237,3.89,20,5,Clear,Medium,Evening Peak,Motorcycle,0.9,36.3
ORD_001238,5.96,20,2,Clear,Jam,Evening Peak,Scooter,5.1,44.7
ORD_001239,14.72,15,2,Foggy,Low,Afternoon,Motorcycle,5.7,49.8
ORD_001240,4.45,15,2,Foggy,Medium,Late Night,Motorcycle,5.8,27.7
ORD_001241,7.71,10,5,Rainy,Medium,Afternoon,Scooter,2.9,41.0
ORD_001242,4.62,20,5,Rainy,Low,Late Night,Motorcycle,3.9,35.2
ORD_001243,3.49,15,5,Rainy,Jam,Morning,Motorcycle,5.2,38.2
ORD_001244,10.3,15,2,Clear,High,Evening Peak,Motorcycle,1.7,46.7
ORD_001245,1.63,15,2,Clear,High,Afternoon,Scooter,0.7,20.8
ORD_001246,8.83,20,2,Clear,High,Evening Peak,Scooter,2.6,51.1
ORD_001247,1.54,20,2,Clear,Low,Morning,Scooter,5.4,20.1
ORD_001248,8.33,15,1,Clear,Low,Morning,Scooter,3.3,31.6
ORD_001249,5.18,10,4,Windy,Medium,Morning,Electric Bike,3.4,28.6
ORD_001250,2.89,20,2,Foggy,Jam,Evening Peak,Electric Bike,4.3,39.3
ORD_001251,4.04,25,2,Clear,High,Afternoon,Motorcycle,3.7,34.4
ORD_001252,7.48,25,3,Windy,Medium,Afternoon,Scooter,0.8,48.9
ORD_001253,13.94,35,5,Clear,Medium,Afternoon,Scooter,3.6,78.9
ORD_001254,1.97,10,3,Clear,Jam,Afternoon,Motorcycle,4.1,16.4
ORD_001255,2.99,15,3,Clear,Low,Late Night,Scooter,4.0,21.1
ORD_001256,2.28,20,1,Heavy Storm,Medium,Evening Peak,Scooter,4.5,40.3
ORD_001257,4.6,15,3,Rainy,Medium,Afternoon,Motorcycle,3.4,35.3
ORD_001258,8.45,10,2,Clear,High,Evening Peak,Scooter,5.5,38.0
ORD_001259,2.11,15,3,Rainy,High,Late Night,Motorcycle,3.1,29.4
ORD_001260,5.1,15,2,Clear,Medium,Afternoon,Electric Bike,3.4,28.9
ORD_001261,8.3,15,1,Windy,Medium,Afternoon,Motorcycle,4.8,33.9
ORD_001262,4.01,30,4,Clear,Low,Afternoon,Scooter,5.1,40.5
ORD_001263,5.75,15,3,Foggy,Medium,Afternoon,Scooter,4.1,37.1
ORD_001264,9.88,10,2,Clear,Jam,Evening Peak,Motorcycle,1.2,54.1
ORD_001265,2.68,10,2,Clear,Jam,Evening Peak,Scooter,2.3,24.3
ORD_001266,1.72,25,3,Clear,Medium,Afternoon,Motorcycle,0.6,31.1
ORD_001267,6.14,20,3,Clear,Medium,Afternoon,Scooter,2.1,37.4
ORD_001268,6.24,10,2,Windy,High,Evening Peak,Motorcycle,3.6,33.9
ORD_001269,3.85,15,2,Foggy,Medium,Evening Peak,Motorcycle,4.9,30.3
ORD_001270,3.43,20,1,Clear,Low,Morning,Motorcycle,3.7,25.0
ORD_001271,5.23,15,1,Heavy Storm,Medium,Evening Peak,Scooter,0.7,45.6
ORD_001272,2.66,35,2,Heavy Storm,Medium,Late Night,Scooter,1.9,54.6
ORD_001273,2.66,20,2,Clear,Jam,Morning,Scooter,3.7,27.3
ORD_001274,7.46,15,2,Clear,Medium,Late Night,Motorcycle,4.4,34.7
ORD_001275,2.55,25,3,Windy,Low,Morning,Scooter,5.3,28.7
ORD_001276,1.78,15,1,Clear,Medium,Late Night,Motorcycle,5.8,18.5
ORD_001277,3.43,15,6,Clear,Low,Evening Peak,Motorcycle,5.4,21.5
ORD_001278,3.9,15,3,Clear,High,Evening Peak,Electric Bike,3.1,33.4
ORD_001279,6.64,25,1,Foggy,Low,Morning,Scooter,4.6,41.1
ORD_001280,3.6,15,2,Clear,Low,Morning,Motorcycle,1.8,21.9
ORD_001281,10.81,15,8,Clear,Medium,Late Night,Motorcycle,0.9,46.1
ORD_001282,5.39,10,6,Windy,Low,Late Night,Scooter,0.8,28.4
ORD_001283,3.16,25,1,Heavy Storm,Medium,Afternoon,Motorcycle,1.8,49.3
ORD_001284,6.49,15,4,Windy,Medium,Afternoon,Motorcycle,0.7,34.7
ORD_001285,10.71,15,3,Clear,High,Morning,Motorcycle,5.2,47.2
ORD_001286,7.34,20,1,Clear,Medium,Late Night,Electric Bike,3.2,49.3
ORD_001287,2.04,20,4,Clear,Jam,Late Night,Motorcycle,5.0,30.7
ORD_001288,4.1,25,3,Foggy,Medium,Morning,Electric Bike,5.7,43.0
ORD_001289,5.91,15,1,Clear,Jam,Afternoon,Electric Bike,6.0,48.1
ORD_001290,7.18,25,4,Windy,Medium,Late Night,Scooter,5.7,43.8
ORD_001291,4.62,15,3,Rainy,Medium,Morning,Scooter,4.4,32.4
ORD_001292,4.26,10,1,Clear,Jam,Late Night,Motorcycle,2.9,31.7
ORD_001293,12.86,25,2,Foggy,High,Afternoon,Scooter,3.8,74.4
ORD_001294,7.4,20,2,Foggy,Low,Morning,Scooter,5.0,37.9
ORD_001295,6.5,20,2,Foggy,Medium,Morning,Scooter,5.4,43.4
ORD_001296,3.69,30,2,Heavy Storm,Low,Evening Peak,Motorcycle,5.8,45.9
ORD_001297,2.63,20,4,Clear,Medium,Morning,Scooter,4.5,27.6
ORD_001298,6.56,10,3,Clear,High,Morning,Motorcycle,3.5,35.2
ORD_001299,7.85,25,1,Clear,High,Evening Peak,Motorcycle,5.8,47.2
ORD_001300,5.12,15,3,Clear,Medium,Evening Peak,Motorcycle,5.8,27.4
ORD_001301,7.42,20,6,Clear,Low,Late Night,Scooter,3.1,38.8
ORD_001302,7.52,15,2,Rainy,Medium,Evening Peak,Scooter,4.1,40.8
ORD_001303,8.14,15,1,Clear,Medium,Morning,Scooter,5.0,36.0
ORD_001304,2.02,20,4,Clear,Low,Morning,Scooter,2.9,26.6
ORD_001305,4.16,15,3,Windy,Low,Evening Peak,Scooter,5.1,27.2
ORD_001306,6.78,20,2,Foggy,High,Late Night,Motorcycle,1.1,49.0
ORD_001307,5.28,25,2,Windy,Medium,Evening Peak,Scooter,3.1,44.8
ORD_001308,7.53,15,2,Clear,Medium,Afternoon,Scooter,3.2,33.4
ORD_001309,6.49,20,1,Clear,High,Evening Peak,Motorcycle,4.3,41.8
ORD_001310,1.38,25,4,Clear,High,Morning,Electric Bike,1.1,35.6
ORD_001311,9.23,20,8,Heavy Storm,Medium,Evening Peak,Motorcycle,1.1,61.1
ORD_001312,3.87,20,5,Heavy Storm,Medium,Afternoon,Scooter,5.5,46.1
ORD_001313,3.06,15,1,Clear,Medium,Late Night,Scooter,2.2,23.5
ORD_001314,9.06,15,2,Windy,High,Afternoon,Motorcycle,2.3,47.4
ORD_001315,7.22,15,2,Foggy,Low,Afternoon,Motorcycle,4.8,30.9
ORD_001316,9.77,15,2,Clear,Medium,Afternoon,Electric Bike,2.8,51.2
ORD_001317,5.95,20,2,Windy,High,Evening Peak,Electric Bike,5.1,47.0
ORD_001318,4.13,10,5,Clear,High,Morning,Motorcycle,2.7,29.4
ORD_001319,5.57,30,5,Clear,Low,Morning,Motorcycle,4.7,40.3
ORD_001320,2.75,25,1,Rainy,Low,Evening Peak,Motorcycle,3.4,34.0
ORD_001321,2.25,15,2,Windy,Low,Late Night,Motorcycle,5.6,19.4
ORD_001322,3.53,10,3,Foggy,Jam,Evening Peak,Scooter,2.3,31.6
ORD_001323,11.4,20,2,Clear,Low,Afternoon,Motorcycle,2.5,41.8
ORD_001324,3.74,20,1,Clear,High,Afternoon,Scooter,5.8,32.6
ORD_001325,1.8,30,1,Clear,Jam,Afternoon,Scooter,4.6,36.0
ORD_001326,4.69,15,3,Rainy,Jam,Evening Peak,Motorcycle,4.7,41.5
ORD_001327,3.71,10,2,Clear,Medium,Afternoon,Scooter,2.1,16.8
ORD_001328,9.33,30,3,Clear,High,Evening Peak,Scooter,3.4,66.6
ORD_001329,10.95,15,2,Clear,High,Evening Peak,Motorcycle,2.2,51.2
ORD_001330,4.03,20,4,Clear,High,Evening Peak,Motorcycle,1.9,38.5
ORD_001331,5.95,10,1,Clear,Low,Evening Peak,Motorcycle,3.4,23.0
ORD_001332,6.23,25,1,Rainy,High,Late Night,Scooter,5.9,51.8
ORD_001333,4.99,10,2,Clear,Medium,Afternoon,Scooter,1.7,25.1
ORD_001334,4.49,20,2,Rainy,Medium,Evening Peak,Scooter,1.8,39.7
ORD_001335,2.94,20,1,Clear,High,Evening Peak,Scooter,1.8,29.7
ORD_001336,1.65,30,4,Clear,Medium,Morning,Scooter,4.9,39.5
ORD_001337,2.93,10,2,Clear,Low,Late Night,Motorcycle,3.3,12.0
ORD_001338,4.89,15,4,Foggy,Medium,Evening Peak,Motorcycle,2.6,32.5
ORD_001339,2.11,10,2,Foggy,Medium,Morning,Electric Bike,5.1,17.6
ORD_001340,5.77,25,3,Windy,Medium,Evening Peak,Motorcycle,2.1,39.3
ORD_001341,5.34,20,1,Foggy,Jam,Morning,Motorcycle,2.7,47.5
ORD_001342,3.71,20,3,Clear,Low,Afternoon,Scooter,0.9,29.9
ORD_001343,4.38,10,1,Clear,Low,Afternoon,Motorcycle,1.2,19.3
ORD_001344,2.32,15,2,Clear,Medium,Afternoon,Motorcycle,1.3,25.5
ORD_001345,8.06,15,2,Clear,Medium,Evening Peak,Scooter,2.4,36.4
ORD_001346,7.99,15,2,Windy,High,Evening Peak,Motorcycle,3.4,48.7
ORD_001347,2.56,25,1,Clear,Low,Evening Peak,Motorcycle,0.5,28.8
ORD_001348,2.6,10,3,Clear,Medium,Evening Peak,Scooter,1.5,16.3
ORD_001349,2.95,20,2,Clear,Medium,Afternoon,Scooter,1.5,28.7
ORD_001350,6.97,25,3,Clear,High,Morning,Motorcycle,1.9,50.4
ORD_001351,6.22,30,2,Foggy,Medium,Afternoon,Motorcycle,1.4,50.4
ORD_001352,9.01,20,2,Clear,High,Morning,Motorcycle,1.6,49.7
ORD_001353,9.57,15,2,Clear,High,Late Night,Electric Bike,5.9,59.0
ORD_001354,2.01,20,2,Heavy Storm,Jam,Evening Peak,Motorcycle,3.8,45.1
ORD_001355,6.83,10,6,Rainy,Jam,Late Night,Electric Bike,4.7,63.7
ORD_001356,9.36,10,2,Rainy,Medium,Morning,Scooter,5.0,48.9
ORD_001357,4.22,20,2,Clear,Medium,Evening Peak,Motorcycle,4.2,31.5
ORD_001358,5.06,25,6,Windy,Low,Morning,Scooter,4.4,43.7
ORD_001359,4.64,10,1,Clear,Low,Evening Peak,Motorcycle,4.0,16.2
ORD_001360,4.76,10,2,Clear,Medium,Evening Peak,Motorcycle,4.1,20.8
ORD_001361,8.05,20,2,Windy,High,Evening Peak,Motorcycle,5.6,47.6
ORD_001362,12.59,15,2,Windy,Low,Evening Peak,Electric Bike,1.5,53.9
ORD_001363,10.61,20,1,Clear,Medium,Evening Peak,Scooter,2.0,52.4
ORD_001364,3.81,15,2,Foggy,High,Evening Peak,Electric Bike,1.0,36.2
ORD_001365,5.96,10,2,Windy,Low,Morning,Scooter,5.1,26.9
ORD_001366,3.21,20,6,Rainy,Medium,Afternoon,Motorcycle,3.0,38.9
ORD_001367,3.4,25,1,Rainy,Medium,Afternoon,Electric Bike,5.5,40.7
ORD_001368,4.94,20,2,Foggy,Jam,Evening Peak,Scooter,2.8,53.9
ORD_001369,3.35,25,3,Clear,Medium,Afternoon,Electric Bike,2.9,34.3
ORD_001370,3.64,15,3,Clear,Low,Afternoon,Motorcycle,3.0,22.3
ORD_001371,5.88,25,2,Clear,Low,Evening Peak,Motorcycle,3.9,38.8
ORD_001372,6.78,15,2,Clear,Medium,Evening Peak,Motorcycle,4.7,30.2
ORD_001373,6.68,25,2,Foggy,Medium,Afternoon,Motorcycle,2.4,43.5
ORD_001374,6.71,15,1,Clear,High,Morning,Scooter,4.0,35.5
ORD_001375,2.42,15,2,Foggy,Medium,Evening Peak,Electric Bike,1.6,29.9
ORD_001376,3.25,15,3,Foggy,High,Evening Peak,Electric Bike,3.5,34.8
ORD_001377,5.25,20,8,Clear,Medium,Late Night,Scooter,3.5,39.7
ORD_001378,9.12,10,3,Clear,Medium,Evening Peak,Motorcycle,5.4,33.8
ORD_001379,16.48,30,5,Clear,Jam,Late Night,Motorcycle,5.4,95.0
ORD_001380,6.09,15,1,Clear,High,Evening Peak,Motorcycle,3.2,30.1
ORD_001381,7.62,15,3,Clear,Low,Evening Peak,Motorcycle,0.6,37.6
ORD_001382,2.27,15,2,Foggy,Medium,Evening Peak,Motorcycle,5.1,20.9
ORD_001383,7.51,10,3,Clear,Medium,Afternoon,Electric Bike,0.5,39.2
ORD_001384,14.04,20,2,Clear,High,Morning,Motorcycle,3.1,68.1
ORD_001385,3.25,20,2,Clear,Medium,Evening Peak,Scooter,0.6,30.0
ORD_001386,3.71,25,2,Clear,Medium,Late Night,Scooter,2.4,36.0
ORD_001387,8.19,10,3,Foggy,Medium,Evening Peak,Scooter,4.0,34.9
ORD_001388,5.21,30,3,Foggy,Low,Afternoon,Electric Bike,2.5,47.4
ORD_001389,1.58,15,3,Clear,Low,Evening Peak,Electric Bike,5.6,14.9
ORD_001390,3.84,30,2,Heavy Storm,Jam,Evening Peak,Motorcycle,4.0,60.6
ORD_001391,10.92,10,3,Windy,Low,Evening Peak,Electric Bike,4.1,45.0
ORD_001392,4.36,20,3,Clear,High,Morning,Motorcycle,2.6,35.5
ORD_001393,4.36,20,3,Clear,High,Evening Peak,Motorcycle,0.7,36.2
ORD_001394,7.9,15,1,Clear,Low,Evening Peak,Electric Bike,4.6,38.0
ORD_001395,6.21,10,2,Clear,Medium,Evening Peak,Electric Bike,4.4,35.1
ORD_001396,4.23,20,5,Foggy,High,Evening Peak,Motorcycle,3.4,33.3
ORD_001397,3.57,10,2,Clear,High,Afternoon,Motorcycle,2.8,24.8
ORD_001398,20.9,20,2,Rainy,Medium,Morning,Scooter,3.5,88.9
ORD_001399,9.93,20,4,Clear,Jam,Late Night,Scooter,4.6,72.6
ORD_001400,6.71,20,5,Rainy,Medium,Evening Peak,Motorcycle,4.4,42.5
ORD_001401,6.95,35,5,Foggy,Low,Evening Peak,Electric Bike,4.1,60.1
ORD_001402,4.77,15,2,Clear,Low,Afternoon,Scooter,5.5,23.9
ORD_001403,6.17,15,1,Clear,High,Late Night,Motorcycle,3.9,34.0
ORD_001404,4.49,15,2,Foggy,Low,Morning,Motorcycle,0.6,30.0
ORD_001405,3.08,20,3,Clear,High,Late Night,Motorcycle,3.9,26.3
ORD_001406,6.31,30,3,Clear,Medium,Afternoon,Scooter,3.9,49.0
ORD_001407,4.27,35,3,Rainy,Medium,Morning,Scooter,0.9,52.1
ORD_001408,6.49,30,1,Heavy Storm,High,Afternoon,Scooter,2.9,68.3
ORD_001409,7.18,25,2,Foggy,High,Evening Peak,Scooter,4.1,53.8
ORD_001410,6.68,35,1,Foggy,Medium,Afternoon,Motorcycle,4.4,54.4
ORD_001411,2.94,15,3,Clear,Medium,Evening Peak,Electric Bike,5.4,24.1
ORD_001412,4.02,30,1,Clear,High,Evening Peak,Motorcycle,5.1,35.7
ORD_001413,4.32,25,3,Windy,High,Evening Peak,Scooter,1.1,41.3
ORD_001414,8.69,15,2,Clear,Medium,Evening Peak,Motorcycle,3.8,40.1
ORD_001415,8.44,10,2,Clear,High,Morning,Motorcycle,3.8,39.4
ORD_001416,3.36,15,2,Foggy,High,Afternoon,Motorcycle,2.2,33.0
ORD_001417,2.38,25,3,Clear,High,Afternoon,Motorcycle,1.5,37.2
ORD_001418,16.92,20,2,Windy,Medium,Morning,Motorcycle,1.6,63.3
ORD_001419,6.54,15,3,Clear,Medium,Afternoon,Motorcycle,1.5,29.5
ORD_001420,2.21,20,2,Clear,Low,Evening Peak,Motorcycle,4.9,24.8
ORD_001421,3.67,10,2,Windy,High,Morning,Motorcycle,1.3,25.0
ORD_001422,8.89,25,2,Foggy,Low,Morning,Electric Bike,2.0,58.5
ORD_001423,14.65,25,2,Clear,Low,Evening Peak,Motorcycle,1.7,55.7
ORD_001424,13.3,35,3,Rainy,Jam,Afternoon,Motorcycle,4.4,95.0
ORD_001425,6.38,15,5,Clear,Low,Evening Peak,Scooter,1.4,37.1
ORD_001426,5.14,30,2,Clear,Low,Late Night,Motorcycle,0.6,41.3
ORD_001427,2.78,15,3,Clear,Jam,Afternoon,Scooter,2.6,28.8
ORD_001428,5.39,15,4,Clear,Medium,Morning,Motorcycle,2.2,32.4
ORD_001429,3.0,15,1,Clear,High,Evening Peak,Motorcycle,2.7,23.4
ORD_001430,4.04,20,3,Foggy,Medium,Late Night,Motorcycle,4.6,35.4
ORD_001431,8.18,35,1,Foggy,Medium,Evening Peak,Scooter,0.6,62.6
ORD_001432,4.48,20,3,Rainy,Low,Afternoon,Motorcycle,0.7,39.7
ORD_001433,4.31,30,2,Rainy,Jam,Evening Peak,Motorcycle,1.9,55.5
ORD_001434,4.99,15,2,Heavy Storm,High,Morning,Motorcycle,5.4,47.7
ORD_001435,18.33,15,2,Windy,Low,Evening Peak,Electric Bike,1.4,75.0
ORD_001436,2.61,20,3,Clear,High,Evening Peak,Motorcycle,6.0,28.5
ORD_001437,6.01,15,6,Clear,Low,Evening Peak,Electric Bike,4.9,35.8
ORD_001438,12.65,35,2,Clear,Medium,Afternoon,Motorcycle,3.0,70.5
ORD_001439,4.98,20,3,Clear,Medium,Evening Peak,Motorcycle,4.6,31.3
ORD_001440,9.83,15,6,Foggy,High,Late Night,Motorcycle,3.4,52.4
ORD_001441,2.29,25,3,Windy,Medium,Late Night,Motorcycle,3.6,31.5
ORD_001442,4.56,15,4,Clear,Jam,Evening Peak,Motorcycle,3.7,34.0
ORD_001443,3.18,10,1,Rainy,Medium,Afternoon,Electric Bike,4.1,28.2
ORD_001444,4.95,20,1,Windy,Medium,Afternoon,Scooter,0.8,35.6
ORD_001445,5.01,20,3,Clear,High,Evening Peak,Motorcycle,3.9,41.1
ORD_001446,5.31,35,5,Clear,High,Evening Peak,Motorcycle,4.4,52.6
ORD_001447,8.14,10,1,Clear,Low,Evening Peak,Scooter,2.2,30.4
ORD_001448,1.31,20,4,Clear,Medium,Morning,Motorcycle,5.9,22.9
ORD_001449,3.58,10,1,Rainy,High,Evening Peak,Electric Bike,1.3,34.2
ORD_001450,5.79,10,2,Foggy,Medium,Afternoon,Scooter,5.5,29.7
ORD_001451,1.62,20,4,Clear,Low,Evening Peak,Motorcycle,4.2,24.4
ORD_001452,7.23,15,1,Clear,Low,Afternoon,Scooter,4.2,28.8
ORD_001453,3.54,20,3,Windy,High,Evening Peak,Scooter,5.3,31.8
ORD_001454,4.61,20,4,Rainy,Low,Afternoon,Scooter,5.1,37.3
ORD_001455,8.35,15,3,Clear,Low,Afternoon,Motorcycle,2.4,31.0
ORD_001456,10.07,15,1,Clear,Medium,Evening Peak,Motorcycle,4.4,37.5
ORD_001457,7.35,10,3,Rainy,Low,Afternoon,Motorcycle,0.8,32.6
ORD_001458,2.57,25,1,Foggy,Low,Afternoon,Scooter,3.1,35.1
ORD_001459,7.15,10,1,Rainy,High,Evening Peak,Electric Bike,5.7,46.6
ORD_001460,7.41,10,2,Clear,Medium,Morning,Electric Bike,2.0,38.3
ORD_001461,6.62,20,3,Windy,Medium,Late Night,Scooter,0.8,46.2
ORD_001462,10.99,35,1,Clear,High,Late Night,Scooter,3.7,71.3
ORD_001463,5.38,25,2,Windy,Jam,Afternoon,Motorcycle,2.5,55.2
ORD_001464,10.75,15,4,Clear,High,Morning,Motorcycle,2.6,54.7
ORD_001465,10.72,15,2,Foggy,Jam,Late Night,Motorcycle,3.7,67.6
ORD_001466,7.53,20,2,Clear,Medium,Afternoon,Scooter,3.9,44.9
ORD_001467,6.07,25,2,Windy,High,Morning,Motorcycle,2.9,46.7
ORD_001468,6.64,15,8,Foggy,Jam,Late Night,Motorcycle,3.3,49.0
ORD_001469,12.31,15,1,Rainy,Low,Late Night,Motorcycle,6.0,48.3
ORD_001470,9.12,10,2,Windy,Medium,Morning,Scooter,5.8,35.2
ORD_001471,2.75,15,3,Clear,High,Afternoon,Motorcycle,4.4,25.0
ORD_001472,6.41,20,2,Foggy,Medium,Evening Peak,Scooter,1.4,41.0
ORD_001473,3.09,10,4,Clear,Low,Afternoon,Scooter,2.5,19.7
ORD_001474,3.48,15,3,Windy,High,Evening Peak,Electric Bike,5.4,28.5
ORD_001475,4.13,15,2,Foggy,Low,Morning,Electric Bike,2.8,28.4
ORD_001476,2.17,15,5,Clear,Medium,Evening Peak,Motorcycle,5.8,20.7
ORD_001477,2.97,10,2,Heavy Storm,Jam,Afternoon,Scooter,3.2,38.8
ORD_001478,11.32,15,6,Clear,Low,Evening Peak,Motorcycle,5.2,35.4
ORD_001479,3.47,30,1,Clear,High,Evening Peak,Motorcycle,0.7,44.2
ORD_001480,8.17,10,1,Clear,Medium,Evening Peak,Motorcycle,2.9,33.1
ORD_001481,5.66,20,1,Clear,Jam,Morning,Scooter,4.4,48.5
ORD_001482,6.97,25,1,Clear,High,Evening Peak,Motorcycle,5.2,45.1
ORD_001483,7.14,15,2,Clear,Medium,Evening Peak,Motorcycle,3.9,34.6
ORD_001484,2.9,10,2,Clear,Jam,Evening Peak,Motorcycle,1.5,23.6
ORD_001485,8.14,10,4,Foggy,Medium,Morning,Motorcycle,5.4,32.3
ORD_001486,2.42,20,2,Clear,Medium,Morning,Scooter,3.7,26.8
ORD_001487,3.39,20,1,Windy,Medium,Evening Peak,Motorcycle,1.1,26.4
ORD_001488,7.08,15,1,Clear,Low,Evening Peak,Motorcycle,3.1,26.6
ORD_001489,2.79,25,3,Rainy,High,Morning,Motorcycle,4.3,39.0
ORD_001490,1.54,20,2,Rainy,Medium,Evening Peak,Motorcycle,3.0,31.0
ORD_001491,6.25,15,2,Clear,Medium,Morning,Motorcycle,5.3,33.7
ORD_001492,1.97,25,2,Foggy,High,Evening Peak,Motorcycle,2.8,30.5
ORD_001493,7.46,15,2,Windy,Medium,Morning,Scooter,3.7,41.7
ORD_001494,4.3,20,6,Clear,Medium,Late Night,Electric Bike,1.7,40.7
ORD_001495,6.2,10,6,Clear,Medium,Late Night,Scooter,3.3,32.1
ORD_001496,6.13,20,3,Foggy,Medium,Morning,Scooter,1.7,42.0
ORD_001497,7.76,15,2,Clear,Low,Morning,Motorcycle,1.7,31.6
ORD_001498,7.2,20,4,Rainy,High,Morning,Scooter,2.0,54.8
ORD_001499,2.78,15,1,Heavy Storm,Medium,Evening Peak,Electric Bike,0.7,42.9
ORD_001500,4.45,20,2,Clear,Low,Morning,Scooter,1.4,33.9
ORD_001501,6.19,10,4,Windy,Low,Evening Peak,Scooter,2.8,29.0
ORD_001502,10.86,15,2,Clear,Medium,Evening Peak,Motorcycle,1.2,43.8
ORD_001503,7.23,15,2,Rainy,Medium,Afternoon,Motorcycle,1.2,39.7
ORD_001504,10.34,10,3,Windy,Jam,Evening Peak,Motorcycle,5.8,54.8
ORD_001505,6.37,20,4,Windy,Low,Evening Peak,Motorcycle,2.8,39.6
ORD_001506,9.2,35,3,Windy,High,Evening Peak,Motorcycle,2.7,71.0
ORD_001507,5.91,25,2,Clear,High,Morning,Electric Bike,2.0,51.1
ORD_001508,9.0,25,1,Heavy Storm,Medium,Afternoon,Motorcycle,3.3,63.2
ORD_001509,4.18,10,2,Clear,High,Morning,Motorcycle,3.8,26.2
ORD_001510,11.56,10,1,Clear,High,Evening Peak,Scooter,2.8,48.2
ORD_001511,6.78,20,6,Clear,High,Afternoon,Scooter,2.7,44.7
ORD_001512,2.18,35,2,Clear,Low,Late Night,Scooter,4.4,38.0
ORD_001513,6.31,20,6,Clear,Low,Morning,Electric Bike,5.7,39.2
ORD_001514,7.25,15,3,Clear,Medium,Evening Peak,Scooter,5.3,36.3
ORD_001515,8.3,10,3,Clear,Low,Evening Peak,Scooter,1.2,29.2
ORD_001516,13.81,15,5,Clear,Medium,Evening Peak,Motorcycle,4.1,54.8
ORD_001517,3.81,15,8,Clear,Medium,Afternoon,Scooter,0.5,28.7
ORD_001518,13.86,20,5,Clear,Medium,Evening Peak,Motorcycle,4.0,60.4
ORD_001519,5.14,10,2,Rainy,Medium,Late Night,Motorcycle,3.1,31.8
ORD_001520,3.29,25,3,Windy,Medium,Morning,Scooter,3.2,35.2
ORD_001521,3.86,30,2,Clear,Low,Morning,Electric Bike,3.7,38.4
ORD_001522,7.01,25,3,Clear,Medium,Evening Peak,Scooter,4.6,46.4
ORD_001523,3.03,30,2,Rainy,Medium,Evening Peak,Electric Bike,4.5,43.8
ORD_001524,4.22,10,1,Clear,Medium,Evening Peak,Motorcycle,0.7,20.3
ORD_001525,6.22,35,4,Clear,Low,Morning,Scooter,4.6,45.9
ORD_001526,11.51,15,2,Rainy,Low,Morning,Motorcycle,5.1,42.8
ORD_001527,8.16,25,2,Clear,Medium,Late Night,Motorcycle,0.9,49.6
ORD_001528,5.26,15,2,Foggy,Medium,Morning,Scooter,2.3,38.4
ORD_001529,6.99,15,2,Clear,Low,Afternoon,Scooter,4.9,29.1
ORD_001530,5.88,10,2,Rainy,Medium,Evening Peak,Motorcycle,3.2,31.4
ORD_001531,2.55,10,3,Clear,Medium,Afternoon,Motorcycle,4.3,16.3
ORD_001532,12.63,30,2,Heavy Storm,High,Afternoon,Motorcycle,3.3,83.1
ORD_001533,11.61,25,2,Foggy,High,Afternoon,Motorcycle,5.9,66.5
ORD_001534,4.92,20,2,Clear,Medium,Afternoon,Scooter,5.6,30.6
ORD_001535,3.94,20,2,Foggy,Medium,Afternoon,Scooter,2.0,37.0
ORD_001536,2.58,20,3,Rainy,High,Morning,Motorcycle,2.6,36.4
ORD_001537,7.24,15,3,Clear,Jam,Late Night,Motorcycle,2.9,50.8
ORD_001538,7.26,25,3,Rainy,Medium,Evening Peak,Electric Bike,1.1,59.3
ORD_001539,3.17,15,4,Clear,Low,Morning,Motorcycle,2.7,22.2
ORD_001540,5.92,20,2,Clear,Jam,Evening Peak,Motorcycle,4.8,45.6
ORD_001541,8.02,30,2,Clear,Medium,Evening Peak,Scooter,5.2,50.7
ORD_001542,3.78,15,3,Rainy,Medium,Late Night,Electric Bike,5.4,32.8
ORD_001543,4.58,15,2,Heavy Storm,Medium,Evening Peak,Scooter,0.6,40.4
ORD_001544,4.56,30,3,Rainy,Medium,Late Night,Scooter,4.8,47.8
ORD_001545,3.29,30,4,Clear,High,Evening Peak,Scooter,3.3,41.9
ORD_001546,4.63,35,1,Heavy Storm,Medium,Morning,Motorcycle,1.6,61.4
ORD_001547,1.99,20,2,Clear,Jam,Evening Peak,Motorcycle,3.2,28.0
ORD_001548,4.42,15,2,Clear,Low,Evening Peak,Scooter,5.1,27.4
ORD_001549,4.46,15,2,Clear,Medium,Evening Peak,Motorcycle,2.9,28.6
ORD_001550,4.95,10,1,Heavy Storm,Medium,Late Night,Motorcycle,5.9,35.4
ORD_001551,6.7,20,3,Windy,High,Morning,Motorcycle,3.9,46.6
ORD_001552,2.47,15,3,Clear,Low,Morning,Scooter,3.2,24.1
ORD_001553,2.73,20,2,Windy,High,Evening Peak,Motorcycle,2.1,31.0
ORD_001554,3.24,30,5,Clear,Medium,Afternoon,Scooter,0.6,46.1
ORD_001555,2.33,30,3,Clear,Medium,Afternoon,Scooter,3.9,38.8
ORD_001556,7.13,10,3,Clear,High,Afternoon,Motorcycle,3.7,30.0
ORD_001557,3.69,15,2,Clear,Medium,Evening Peak,Motorcycle,3.3,19.6
ORD_001558,5.04,25,8,Clear,High,Morning,Scooter,3.5,43.4
ORD_001559,3.08,20,2,Foggy,Medium,Evening Peak,Scooter,5.1,30.6
ORD_001560,4.16,25,1,Clear,Low,Evening Peak,Scooter,2.2,32.1
ORD_001561,6.08,25,1,Clear,Low,Evening Peak,Motorcycle,3.5,41.2
ORD_001562,6.25,15,2,Foggy,Medium,Morning,Electric Bike,4.2,41.5
ORD_001563,2.8,15,1,Clear,High,Evening Peak,Motorcycle,1.7,23.6
ORD_001564,4.9,15,1,Clear,Low,Morning,Motorcycle,5.6,19.8
ORD_001565,3.11,20,3,Clear,High,Evening Peak,Motorcycle,4.6,29.7
ORD_001566,4.8,15,2,Clear,Low,Afternoon,Motorcycle,0.8,24.6
ORD_001567,3.52,25,2,Clear,Medium,Afternoon,Scooter,5.3,33.8
ORD_001568,13.08,30,6,Clear,Low,Evening Peak,Scooter,5.6,59.0
ORD_001569,8.0,15,3,Clear,Low,Late Night,Motorcycle,4.9,32.9
ORD_001570,6.4,30,2,Clear,Medium,Evening Peak,Motorcycle,2.8,47.6
ORD_001571,4.36,20,2,Foggy,Jam,Evening Peak,Scooter,6.0,42.5
ORD_001572,8.13,25,5,Clear,Low,Afternoon,Motorcycle,1.2,45.5
ORD_001573,4.98,10,2,Clear,Low,Evening Peak,Scooter,3.5,21.6
ORD_001574,12.34,15,2,Foggy,High,Morning,Scooter,1.4,67.9
ORD_001575,8.58,15,2,Windy,Medium,Late Night,Scooter,2.9,42.7
ORD_001576,4.14,15,2,Clear,Medium,Evening Peak,Scooter,5.6,26.3
ORD_001577,11.55,15,3,Foggy,High,Afternoon,Motorcycle,4.9,59.9
ORD_001578,4.38,25,4,Foggy,High,Evening Peak,Motorcycle,4.8,40.4
ORD_001579,13.5,15,2,Clear,High,Late Night,Motorcycle,2.4,61.2
ORD_001580,11.9,30,5,Rainy,Medium,Evening Peak,Electric Bike,5.6,80.6
ORD_001581,6.06,20,2,Clear,High,Morning,Motorcycle,2.5,39.2
ORD_001582,2.03,10,3,Clear,Jam,Evening Peak,Electric Bike,0.7,27.0
ORD_001583,5.8,20,3,Windy,High,Afternoon,Electric Bike,4.0,51.2
ORD_001584,2.64,35,1,Rainy,Medium,Afternoon,Scooter,2.5,47.1
ORD_001585,3.58,20,4,Clear,Low,Evening Peak,Scooter,1.3,25.2
ORD_001586,3.73,10,3,Windy,Jam,Evening Peak,Motorcycle,5.6,26.2
ORD_001587,2.63,30,3,Clear,Low,Morning,Motorcycle,4.0,36.3
ORD_001588,5.82,15,3,Clear,Medium,Afternoon,Motorcycle,5.7,29.3
ORD_001589,3.34,20,3,Clear,Low,Late Night,Motorcycle,3.7,27.3
ORD_001590,4.49,20,1,Rainy,Low,Evening Peak,Motorcycle,0.9,34.9
ORD_001591,3.75,15,3,Clear,High,Late Night,Scooter,0.7,30.5
ORD_001592,6.72,15,2,Clear,Low,Afternoon,Motorcycle,5.5,26.7
ORD_001593,6.45,30,2,Clear,Low,Evening Peak,Motorcycle,0.7,49.2
ORD_001594,4.29,30,1,Clear,Low,Evening Peak,Scooter,3.9,40.3
ORD_001595,6.91,20,1,Clear,Medium,Morning,Scooter,2.1,40.3
ORD_001596,9.85,15,4,Clear,High,Morning,Scooter,4.3,51.3
ORD_001597,1.44,10,2,Heavy Storm,Medium,Evening Peak,Scooter,2.1,26.7
ORD_001598,3.63,15,3,Clear,High,Evening Peak,Motorcycle,0.7,26.8
ORD_001599,2.92,20,2,Clear,High,Morning,Scooter,4.5,30.4
ORD_001600,3.45,15,4,Clear,Low,Afternoon,Motorcycle,2.2,24.1
ORD_001601,1.32,10,2,Clear,High,Evening Peak,Scooter,3.5,15.7
ORD_001602,1.41,15,2,Clear,High,Afternoon,Motorcycle,4.8,16.0
ORD_001603,1.03,20,3,Rainy,Low,Morning,Scooter,4.4,29.5
ORD_001604,3.82,25,3,Rainy,Medium,Evening Peak,Motorcycle,2.4,44.2
ORD_001605,3.76,20,3,Clear,Low,Late Night,Motorcycle,4.6,26.2
ORD_001606,10.64,20,3,Foggy,Low,Afternoon,Motorcycle,5.6,47.3
ORD_001607,5.56,15,8,Foggy,Medium,Morning,Scooter,3.9,36.9
ORD_001608,6.81,15,2,Clear,Low,Afternoon,Motorcycle,4.4,26.2
ORD_001609,22.0,20,2,Clear,Low,Afternoon,Motorcycle,5.3,66.8
ORD_001610,1.44,20,2,Clear,Low,Evening Peak,Scooter,5.1,21.0
ORD_001611,12.45,15,2,Clear,Low,Morning,Motorcycle,2.4,44.6
ORD_001612,5.0,20,1,Clear,Low,Late Night,Motorcycle,6.0,27.2
ORD_001613,4.0,30,2,Foggy,Medium,Morning,Motorcycle,0.7,49.8
ORD_001614,3.66,20,1,Windy,Low,Afternoon,Electric Bike,5.9,29.3
ORD_001615,6.18,20,3,Clear,High,Evening Peak,Motorcycle,1.9,42.6
ORD_001616,4.02,25,1,Clear,High,Evening Peak,Electric Bike,2.9,43.4
ORD_001617,2.59,10,1,Clear,High,Afternoon,Scooter,5.4,17.0
ORD_001618,3.74,20,2,Windy,Low,Evening Peak,Motorcycle,1.8,30.7
ORD_001619,6.28,30,2,Foggy,High,Evening Peak,Scooter,1.7,55.4
ORD_001620,7.48,15,2,Foggy,Medium,Morning,Motorcycle,4.0,40.2
ORD_001621,13.17,15,2,Rainy,Low,Afternoon,Scooter,4.4,48.1
ORD_001622,5.43,20,2,Clear,High,Morning,Scooter,0.5,38.9
ORD_001623,10.18,15,1,Rainy,Medium,Morning,Scooter,3.0,51.6
ORD_001624,4.59,20,1,Clear,Medium,Morning,Motorcycle,3.2,26.8
ORD_001625,4.95,15,4,Clear,High,Afternoon,Motorcycle,2.0,35.1
ORD_001626,4.8,20,3,Clear,Low,Evening Peak,Scooter,3.5,30.1
ORD_001627,5.8,20,2,Clear,Low,Late Night,Motorcycle,1.4,32.1
ORD_001628,8.23,15,2,Clear,Jam,Evening Peak,Scooter,2.3,59.2
ORD_001629,3.93,15,2,Windy,High,Afternoon,Motorcycle,4.4,30.9
ORD_001630,3.01,15,1,Windy,Low,Afternoon,Motorcycle,5.3,22.0
ORD_001631,8.6,15,5,Clear,Medium,Evening Peak,Motorcycle,3.7,40.3
ORD_001632,8.26,15,3,Clear,Low,Morning,Motorcycle,0.9,38.4
ORD_001633,11.08,15,5,Windy,High,Afternoon,Motorcycle,4.2,58.6
ORD_001634,3.59,25,5,Clear,Medium,Evening Peak,Scooter,5.4,31.4
ORD_001635,4.49,20,2,Windy,High,Afternoon,Electric Bike,3.3,43.5
ORD_001636,8.78,15,2,Clear,Jam,Evening Peak,Motorcycle,3.2,54.6
ORD_001637,3.9,10,2,Rainy,Jam,Late Night,Motorcycle,6.0,29.7
ORD_001638,7.31,10,4,Clear,Low,Afternoon,Electric Bike,4.0,30.7
ORD_001639,4.6,20,5,Clear,Jam,Evening Peak,Scooter,4.9,48.0
ORD_001640,6.16,15,1,Windy,Medium,Late Night,Motorcycle,4.1,31.5
ORD_001641,2.56,10,3,Windy,Medium,Evening Peak,Motorcycle,1.7,20.6
ORD_001642,5.39,15,1,Clear,Low,Evening Peak,Scooter,2.1,27.8
ORD_001643,9.74,30,1,Rainy,Medium,Afternoon,Scooter,4.2,63.4
ORD_001644,7.85,20,2,Clear,Medium,Late Night,Electric Bike,3.0,50.5
ORD_001645,2.9,25,3,Clear,High,Afternoon,Scooter,2.7,41.0
ORD_001646,12.58,10,1,Foggy,Jam,Morning,Electric Bike,0.6,93.8
ORD_001647,9.41,10,2,Clear,Medium,Late Night,Scooter,5.4,36.6
ORD_001648,2.62,10,2,Heavy Storm,Medium,Afternoon,Motorcycle,5.4,30.1
ORD_001649,3.76,30,3,Clear,Medium,Evening Peak,Motorcycle,3.0,39.2
ORD_001650,2.71,15,2,Foggy,High,Evening Peak,Motorcycle,4.4,26.9
ORD_001651,6.26,15,2,Clear,Medium,Afternoon,Motorcycle,1.5,32.7
ORD_001652,3.66,15,3,Clear,Jam,Afternoon,Scooter,3.3,31.8
ORD_001653,1.59,20,2,Foggy,Low,Morning,Motorcycle,2.9,26.6
ORD_001654,4.93,15,5,Clear,High,Late Night,Scooter,4.1,36.0
ORD_001655,8.41,20,2,Windy,Low,Evening Peak,Motorcycle,3.1,35.9
ORD_001656,5.45,35,3,Clear,Medium,Late Night,Motorcycle,3.2,50.7
ORD_001657,6.94,15,3,Clear,High,Afternoon,Scooter,2.1,35.8
ORD_001658,5.75,20,3,Clear,Medium,Evening Peak,Electric Bike,0.8,41.7
ORD_001659,7.67,20,2,Foggy,High,Afternoon,Scooter,5.5,54.6
ORD_001660,6.04,25,4,Windy,Medium,Afternoon,Motorcycle,0.6,47.8
ORD_001661,4.78,15,3,Clear,High,Afternoon,Motorcycle,2.0,31.3
ORD_001662,5.41,15,3,Foggy,High,Evening Peak,Electric Bike,3.0,42.0
ORD_001663,11.31,25,2,Windy,Medium,Evening Peak,Scooter,2.3,62.6
ORD_001664,7.16,15,3,Windy,Jam,Afternoon,Motorcycle,3.5,45.9
ORD_001665,2.89,30,1,Clear,Low,Morning,Motorcycle,3.0,35.1
ORD_001666,5.37,20,2,Windy,Medium,Evening Peak,Scooter,1.9,39.2
ORD_001667,6.19,20,3,Clear,Jam,Evening Peak,Scooter,1.0,51.7
ORD_001668,4.69,10,5,Clear,Low,Afternoon,Motorcycle,1.3,21.4
ORD_001669,1.59,20,3,Rainy,Medium,Morning,Scooter,3.2,31.7
ORD_001670,3.06,20,2,Windy,Low,Morning,Scooter,5.2,27.5
ORD_001671,4.03,20,1,Windy,Low,Afternoon,Motorcycle,1.1,25.9
ORD_001672,13.4,15,2,Clear,Low,Evening Peak,Motorcycle,4.2,49.7
ORD_001673,6.73,30,2,Windy,Jam,Afternoon,Motorcycle,4.9,61.8
ORD_001674,1.99,15,1,Clear,Medium,Evening Peak,Scooter,2.0,23.4
ORD_001675,4.86,15,5,Windy,Low,Evening Peak,Motorcycle,4.2,28.6
ORD_001676,10.33,35,3,Clear,Jam,Evening Peak,Motorcycle,4.3,85.7
ORD_001677,3.63,20,5,Clear,Medium,Late Night,Scooter,4.4,32.5
ORD_001678,8.97,15,2,Rainy,High,Evening Peak,Motorcycle,5.4,50.9
ORD_001679,2.02,30,3,Clear,Medium,Morning,Scooter,2.7,41.2
ORD_001680,1.0,10,3,Foggy,High,Morning,Scooter,1.8,18.4
ORD_001681,9.71,10,2,Clear,Low,Afternoon,Motorcycle,3.5,28.5
ORD_001682,3.91,20,2,Windy,High,Afternoon,Motorcycle,0.8,38.9
ORD_001683,4.09,15,2,Clear,Jam,Evening Peak,Scooter,2.3,36.5
ORD_001684,5.72,30,1,Clear,Low,Evening Peak,Motorcycle,5.4,42.5
ORD_001685,6.59,25,2,Clear,Medium,Evening Peak,Motorcycle,3.4,38.6
ORD_001686,1.16,15,3,Rainy,Jam,Evening Peak,Scooter,2.9,25.9
ORD_001687,3.47,25,2,Clear,Low,Late Night,Motorcycle,2.0,32.3
ORD_001688,5.31,10,2,Clear,Low,Evening Peak,Motorcycle,1.9,23.8
ORD_001689,6.59,20,4,Windy,Low,Afternoon,Motorcycle,1.8,35.0
ORD_001690,2.87,30,2,Clear,Medium,Evening Peak,Scooter,5.1,39.0
ORD_001691,4.55,25,3,Rainy,Medium,Morning,Motorcycle,5.9,40.6
ORD_001692,3.63,15,2,Clear,Medium,Morning,Motorcycle,3.4,27.1
ORD_001693,5.83,15,3,Clear,Medium,Afternoon,Scooter,0.9,34.5
ORD_001694,9.52,15,3,Clear,High,Late Night,Scooter,4.6,51.3
ORD_001695,4.22,20,2,Rainy,High,Late Night,Motorcycle,5.3,40.1
ORD_001696,2.22,20,2,Windy,Medium,Evening Peak,Scooter,5.6,27.8
ORD_001697,3.36,10,4,Windy,Medium,Evening Peak,Motorcycle,4.0,17.5
ORD_001698,12.51,15,3,Foggy,Jam,Late Night,Motorcycle,3.3,78.6
ORD_001699,3.07,25,4,Rainy,Jam,Late Night,Motorcycle,3.9,45.0
ORD_001700,2.47,15,1,Rainy,Jam,Evening Peak,Scooter,0.6,36.3
ORD_001701,4.07,15,3,Rainy,Jam,Afternoon,Scooter,4.1,42.7
ORD_001702,4.86,30,1,Clear,Medium,Morning,Electric Bike,4.4,45.4
ORD_001703,3.75,15,2,Clear,Medium,Morning,Motorcycle,4.5,25.0
ORD_001704,2.03,25,1,Clear,Jam,Evening Peak,Electric Bike,3.6,33.5
ORD_001705,6.15,15,3,Rainy,High,Afternoon,Scooter,4.4,42.4
ORD_001706,5.83,15,2,Rainy,High,Morning,Electric Bike,4.0,46.4
ORD_001707,7.51,15,2,Windy,High,Afternoon,Scooter,1.1,45.7
ORD_001708,5.76,20,2,Clear,Medium,Evening Peak,Motorcycle,5.4,35.0
ORD_001709,11.93,20,1,Clear,Medium,Evening Peak,Motorcycle,3.9,49.9
ORD_001710,7.84,15,3,Foggy,Medium,Afternoon,Scooter,4.5,40.3
ORD_001711,6.97,20,3,Clear,Low,Evening Peak,Scooter,2.4,39.9
ORD_001712,9.72,15,3,Windy,Medium,Morning,Motorcycle,5.6,45.6
ORD_001713,5.56,15,8,Clear,Medium,Late Night,Motorcycle,3.3,32.4
ORD_001714,4.61,35,4,Clear,High,Late Night,Scooter,4.2,50.8
ORD_001715,6.11,25,2,Rainy,Medium,Evening Peak,Scooter,5.7,48.1
ORD_001716,1.55,25,1,Clear,High,Evening Peak,Motorcycle,5.5,28.3
ORD_001717,5.57,20,2,Rainy,Medium,Evening Peak,Electric Bike,4.0,45.4
ORD_001718,4.86,15,4,Clear,Jam,Late Night,Scooter,1.4,42.3
ORD_001719,6.49,20,1,Clear,Low,Evening Peak,Scooter,5.7,35.3
ORD_001720,8.98,25,3,Rainy,Medium,Evening Peak,Motorcycle,5.9,54.4
ORD_001721,7.09,10,5,Foggy,Medium,Morning,Electric Bike,1.1,39.7
ORD_001722,3.37,15,1,Rainy,Medium,Morning,Motorcycle,3.0,30.7
ORD_001723,8.17,15,3,Windy,Low,Evening Peak,Scooter,3.5,34.5
ORD_001724,12.03,15,2,Foggy,High,Late Night,Electric Bike,1.0,76.3
ORD_001725,9.11,15,8,Rainy,Medium,Evening Peak,Scooter,1.5,54.6
ORD_001726,2.33,35,4,Clear,Jam,Evening Peak,Scooter,3.5,45.7
ORD_001727,7.05,20,2,Clear,High,Evening Peak,Scooter,5.8,43.1
ORD_001728,2.53,15,1,Clear,Medium,Late Night,Motorcycle,0.7,20.7
ORD_001729,4.35,20,1,Rainy,Medium,Evening Peak,Motorcycle,5.5,38.7
ORD_001730,6.38,15,2,Windy,Low,Evening Peak,Scooter,5.4,29.1
ORD_001731,5.92,20,6,Clear,Medium,Morning,Scooter,5.2,39.3
ORD_001732,9.01,25,4,Clear,High,Evening Peak,Electric Bike,2.6,63.9
ORD_001733,12.06,20,2,Clear,Low,Evening Peak,Motorcycle,3.2,45.1
ORD_001734,6.75,20,2,Foggy,High,Morning,Motorcycle,2.7,48.4
ORD_001735,4.16,15,1,Foggy,Medium,Evening Peak,Scooter,5.7,32.2
ORD_001736,1.59,20,2,Rainy,Medium,Morning,Motorcycle,3.4,32.2
ORD_001737,10.29,20,4,Foggy,High,Afternoon,Motorcycle,0.9,60.3
ORD_001738,4.88,25,2,Clear,Medium,Evening Peak,Electric Bike,2.0,42.8
ORD_001739,5.02,20,2,Foggy,Low,Afternoon,Scooter,3.0,35.7
ORD_001740,5.26,35,2,Clear,Medium,Morning,Scooter,5.7,47.2
ORD_001741,6.57,25,2,Foggy,High,Evening Peak,Motorcycle,3.6,50.2
ORD_001742,6.68,25,4,Clear,Low,Evening Peak,Scooter,4.3,41.2
ORD_001743,4.39,25,3,Clear,High,Morning,Motorcycle,1.0,40.5
ORD_001744,4.85,15,2,Clear,Medium,Late Night,Motorcycle,5.3,28.2
ORD_001745,3.59,15,1,Rainy,High,Evening Peak,Scooter,3.5,31.4
ORD_001746,3.37,20,3,Clear,Medium,Evening Peak,Motorcycle,5.6,29.3
ORD_001747,3.36,15,6,Windy,Low,Morning,Motorcycle,3.0,29.3
ORD_001748,4.82,25,1,Clear,High,Late Night,Motorcycle,4.3,38.6
ORD_001749,2.99,10,1,Clear,Low,Evening Peak,Scooter,3.1,16.8
ORD_001750,0.97,15,3,Rainy,Low,Evening Peak,Motorcycle,1.3,26.7
ORD_001751,4.12,25,2,Clear,Medium,Evening Peak,Scooter,2.0,40.8
ORD_001752,2.42,10,1,Clear,Medium,Evening Peak,Scooter,0.9,15.3
ORD_001753,5.46,15,3,Clear,Low,Evening Peak,Motorcycle,2.9,26.7
ORD_001754,3.58,15,1,Windy,Jam,Morning,Scooter,4.1,34.2
ORD_001755,6.62,25,2,Clear,Low,Evening Peak,Motorcycle,1.8,39.8
ORD_001756,2.55,20,1,Clear,High,Evening Peak,Motorcycle,3.2,29.9
ORD_001757,1.75,30,2,Windy,Medium,Morning,Motorcycle,3.0,33.5
ORD_001758,4.86,15,8,Rainy,High,Evening Peak,Electric Bike,3.4,49.0
ORD_001759,4.02,25,2,Clear,High,Evening Peak,Motorcycle,1.5,39.5
ORD_001760,2.3,15,2,Windy,Low,Afternoon,Scooter,3.4,20.9
ORD_001761,7.84,15,2,Windy,High,Afternoon,Motorcycle,2.5,46.1
ORD_001762,2.8,15,3,Clear,Medium,Morning,Motorcycle,2.1,23.4
ORD_001763,3.27,10,1,Windy,High,Evening Peak,Electric Bike,3.7,25.6
ORD_001764,8.69,15,4,Clear,High,Morning,Electric Bike,1.3,52.7
ORD_001765,6.84,15,2,Rainy,Low,Evening Peak,Motorcycle,5.5,38.0
ORD_001766,2.63,15,4,Clear,Medium,Late Night,Electric Bike,5.6,23.4
ORD_001767,4.23,25,1,Windy,Medium,Afternoon,Motorcycle,4.1,36.8
ORD_001768,2.48,15,2,Clear,Medium,Afternoon,Motorcycle,2.2,21.1
ORD_001769,8.33,35,8,Rainy,Medium,Morning,Motorcycle,3.9,68.8
ORD_001770,8.33,25,1,Clear,Medium,Evening Peak,Scooter,3.8,47.9
ORD_001771,13.06,15,2,Foggy,High,Late Night,Motorcycle,2.7,61.6
ORD_001772,15.92,20,2,Rainy,Low,Afternoon,Scooter,2.1,68.4
ORD_001773,3.56,20,3,Clear,Medium,Morning,Motorcycle,1.4,31.9
ORD_001774,7.59,25,1,Rainy,Low,Evening Peak,Motorcycle,1.7,49.0
ORD_001775,1.62,25,4,Foggy,Medium,Late Night,Scooter,4.1,32.2
ORD_001776,5.7,20,3,Clear,High,Late Night,Electric Bike,5.4,46.4
ORD_001777,6.51,10,4,Clear,Medium,Afternoon,Scooter,2.6,29.1
ORD_001778,2.89,15,3,Foggy,Medium,Evening Peak,Motorcycle,1.2,29.9
ORD_001779,3.43,25,1,Clear,High,Evening Peak,Electric Bike,0.6,42.2
ORD_001780,8.36,20,4,Clear,High,Evening Peak,Motorcycle,2.7,47.8
ORD_001781,6.6,25,2,Rainy,Low,Evening Peak,Scooter,1.8,48.6
ORD_001782,12.13,20,2,Rainy,Low,Morning,Scooter,2.3,57.1
ORD_001783,11.34,10,1,Clear,Medium,Afternoon,Motorcycle,1.8,42.1
ORD_001784,1.86,30,2,Clear,High,Evening Peak,Scooter,4.2,35.4
ORD_001785,3.77,30,2,Rainy,Medium,Evening Peak,Motorcycle,4.0,48.3
ORD_001786,2.72,10,4,Foggy,Low,Morning,Electric Bike,5.5,25.4
ORD_001787,7.77,10,2,Foggy,Low,Evening Peak,Motorcycle,4.3,31.5
ORD_001788,6.02,20,2,Clear,High,Late Night,Electric Bike,1.4,47.6
ORD_001789,2.83,25,5,Windy,Medium,Evening Peak,Motorcycle,4.6,37.5
ORD_001790,3.09,15,2,Windy,Medium,Evening Peak,Motorcycle,1.5,28.4
ORD_001791,9.95,10,2,Clear,High,Afternoon,Scooter,3.6,48.5
ORD_001792,4.02,20,2,Foggy,High,Afternoon,Electric Bike,0.9,41.2
ORD_001793,1.49,15,2,Clear,Medium,Evening Peak,Scooter,0.8,16.2
ORD_001794,2.68,15,4,Windy,High,Evening Peak,Motorcycle,3.1,22.8
ORD_001795,13.55,20,3,Clear,Medium,Evening Peak,Motorcycle,1.1,54.4
ORD_001796,8.83,25,1,Clear,High,Afternoon,Scooter,2.2,55.9
ORD_001797,2.39,20,1,Clear,Medium,Evening Peak,Electric Bike,2.4,28.3
ORD_001798,5.7,20,4,Clear,High,Morning,Motorcycle,4.7,35.0
ORD_001799,8.52,20,1,Clear,Medium,Evening Peak,Motorcycle,2.3,42.9
ORD_001800,1.84,20,4,Clear,High,Evening Peak,Motorcycle,3.2,26.9
ORD_001801,9.06,15,2,Windy,High,Morning,Electric Bike,4.7,58.5
ORD_001802,6.57,15,8,Clear,High,Afternoon,Motorcycle,1.6,44.1
ORD_001803,3.31,15,3,Clear,Medium,Evening Peak,Scooter,4.9,24.9
ORD_001804,7.16,30,8,Rainy,Medium,Evening Peak,Scooter,5.1,60.2
ORD_001805,6.07,25,2,Clear,Low,Evening Peak,Electric Bike,5.9,38.8
ORD_001806,6.31,20,3,Clear,High,Morning,Motorcycle,2.9,41.0
ORD_001807,5.58,30,2,Clear,Jam,Evening Peak,Scooter,2.5,53.7
ORD_001808,3.02,25,1,Rainy,Medium,Evening Peak,Electric Bike,4.4,42.5
ORD_001809,3.36,30,1,Clear,Low,Evening Peak,Scooter,0.8,40.9
ORD_001810,4.47,15,2,Clear,Medium,Morning,Scooter,0.7,28.9
ORD_001811,5.27,20,2,Foggy,Low,Evening Peak,Scooter,2.3,36.1
ORD_001812,7.4,20,2,Foggy,Low,Morning,Scooter,4.5,39.7
ORD_001813,13.73,20,6,Rainy,Medium,Evening Peak,Scooter,1.1,70.8
ORD_001814,5.85,15,1,Foggy,High,Late Night,Motorcycle,4.0,37.1
ORD_001815,7.33,20,2,Clear,High,Evening Peak,Motorcycle,2.0,47.2
ORD_001816,8.28,15,2,Windy,Low,Evening Peak,Scooter,4.1,39.8
ORD_001817,7.62,25,3,Clear,Jam,Afternoon,Scooter,3.0,66.6
ORD_001818,2.96,25,3,Foggy,Medium,Afternoon,Scooter,1.1,39.5
ORD_001819,10.47,15,1,Windy,Jam,Evening Peak,Electric Bike,1.9,85.0
ORD_001820,9.57,15,1,Foggy,Low,Evening Peak,Motorcycle,1.7,38.9
ORD_001821,5.54,20,1,Clear,Medium,Evening Peak,Electric Bike,1.4,39.7
ORD_001822,3.06,20,2,Clear,Medium,Evening Peak,Motorcycle,3.1,29.9
ORD_001823,5.22,20,3,Clear,Medium,Late Night,Scooter,5.8,36.6
ORD_001824,1.97,25,4,Heavy Storm,Jam,Late Night,Electric Bike,4.1,51.9
ORD_001825,11.24,25,5,Clear,High,Evening Peak,Motorcycle,5.1,62.2
ORD_001826,3.54,15,2,Foggy,High,Evening Peak,Electric Bike,5.9,31.5
ORD_001827,4.34,20,4,Clear,Medium,Evening Peak,Electric Bike,3.5,35.2
ORD_001828,10.79,25,3,Clear,Medium,Late Night,Electric Bike,1.8,65.5
ORD_001829,10.08,25,1,Clear,Medium,Morning,Scooter,5.6,52.7
ORD_001830,6.21,15,5,Foggy,High,Evening Peak,Motorcycle,4.3,38.5
ORD_001831,12.18,10,2,Windy,Medium,Evening Peak,Motorcycle,5.8,40.8
ORD_001832,2.9,15,2,Windy,Jam,Morning,Motorcycle,4.1,27.8
ORD_001833,6.21,30,3,Foggy,Medium,Evening Peak,Scooter,4.8,51.6
ORD_001834,2.92,15,1,Clear,Low,Afternoon,Scooter,5.4,17.3
ORD_001835,9.25,15,1,Windy,Jam,Evening Peak,Motorcycle,4.7,55.3
ORD_001836,9.07,10,2,Windy,High,Evening Peak,Motorcycle,3.6,42.5
ORD_001837,12.66,10,3,Windy,Medium,Afternoon,Scooter,3.1,49.2
ORD_001838,5.13,20,1,Windy,High,Afternoon,Electric Bike,5.0,43.5
ORD_001839,14.63,20,1,Clear,Jam,Afternoon,Motorcycle,4.7,84.0
ORD_001840,2.78,20,5,Rainy,High,Evening Peak,Scooter,2.5,39.7
ORD_001841,4.98,10,2,Heavy Storm,Jam,Late Night,Scooter,3.2,48.0
ORD_001842,2.84,15,1,Windy,Medium,Afternoon,Scooter,4.0,22.7
ORD_001843,5.74,25,1,Clear,Medium,Evening Peak,Motorcycle,0.7,42.5
ORD_001844,2.98,15,2,Clear,High,Afternoon,Motorcycle,1.9,20.6
ORD_001845,9.26,25,4,Clear,Medium,Late Night,Scooter,1.9,52.9
ORD_001846,6.69,10,2,Clear,Medium,Late Night,Scooter,5.4,30.2
ORD_001847,2.65,15,3,Heavy Storm,Jam,Morning,Scooter,2.3,40.4
ORD_001848,8.08,15,2,Clear,Medium,Evening Peak,Electric Bike,3.5,43.9
ORD_001849,11.7,30,2,Windy,Medium,Late Night,Motorcycle,5.1,66.8
ORD_001850,7.05,15,2,Heavy Storm,Medium,Evening Peak,Motorcycle,1.9,49.9
ORD_001851,2.23,20,3,Rainy,Medium,Afternoon,Motorcycle,1.2,35.5
ORD_001852,4.71,20,3,Windy,Medium,Late Night,Motorcycle,5.7,33.2
ORD_001853,7.56,10,2,Clear,High,Afternoon,Electric Bike,4.4,45.4
ORD_001854,4.46,15,3,Clear,Jam,Afternoon,Motorcycle,1.5,39.1
ORD_001855,2.76,30,2,Rainy,Medium,Late Night,Electric Bike,5.0,47.5
ORD_001856,9.86,15,2,Rainy,Medium,Evening Peak,Scooter,4.8,53.0
ORD_001857,4.35,20,4,Clear,High,Morning,Motorcycle,5.1,34.3
ORD_001858,11.71,30,1,Clear,Jam,Evening Peak,Scooter,2.0,87.7
ORD_001859,3.78,10,2,Windy,Low,Late Night,Scooter,3.0,18.0
ORD_001860,4.21,15,1,Clear,High,Morning,Motorcycle,4.3,28.1
ORD_001861,3.61,15,2,Clear,Medium,Afternoon,Motorcycle,2.6,25.6
ORD_001862,4.66,15,2,Rainy,Medium,Evening Peak,Motorcycle,0.9,34.3
ORD_001863,6.63,10,3,Clear,Low,Morning,Motorcycle,1.3,25.4
ORD_001864,2.84,20,2,Foggy,Jam,Late Night,Scooter,3.8,34.1
ORD_001865,2.55,20,3,Clear,Low,Evening Peak,Motorcycle,2.6,23.4
ORD_001866,1.82,20,1,Rainy,Medium,Evening Peak,Motorcycle,0.5,31.5
ORD_001867,1.71,30,2,Foggy,Medium,Morning,Electric Bike,4.7,38.4
ORD_001868,2.24,10,3,Clear,High,Afternoon,Scooter,2.8,16.9
ORD_001869,3.76,15,1,Clear,High,Morning,Motorcycle,2.2,23.1
ORD_001870,5.68,15,3,Clear,Low,Evening Peak,Scooter,4.4,29.2
ORD_001871,6.42,15,3,Foggy,Low,Afternoon,Scooter,3.0,38.3
ORD_001872,5.53,10,4,Clear,Medium,Afternoon,Motorcycle,4.3,27.6
ORD_001873,10.96,15,3,Clear,High,Evening Peak,Scooter,0.6,58.0
ORD_001874,12.93,25,5,Clear,Jam,Evening Peak,Motorcycle,0.6,85.9
ORD_001875,4.36,30,2,Clear,Medium,Evening Peak,Motorcycle,3.6,42.8
ORD_001876,2.87,10,3,Clear,Medium,Morning,Electric Bike,5.9,20.1
ORD_001877,15.14,25,4,Foggy,Medium,Afternoon,Motorcycle,2.0,72.0
ORD_001878,9.67,25,3,Windy,Medium,Morning,Scooter,4.3,51.8
ORD_001879,9.27,15,5,Clear,Medium,Late Night,Motorcycle,1.4,44.8
ORD_001880,3.68,10,2,Rainy,Medium,Afternoon,Scooter,2.2,27.2
ORD_001881,8.2,35,2,Clear,Medium,Morning,Motorcycle,0.9,58.2
ORD_001882,5.56,20,2,Foggy,High,Afternoon,Motorcycle,5.3,39.0
ORD_001883,4.92,35,2,Foggy,High,Morning,Scooter,2.2,58.8
ORD_001884,4.91,15,3,Rainy,Jam,Evening Peak,Scooter,1.8,46.7
ORD_001885,6.8,15,3,Rainy,Medium,Afternoon,Scooter,4.5,48.1
ORD_001886,11.16,15,5,Windy,Low,Afternoon,Motorcycle,1.6,42.2
ORD_001887,15.85,35,4,Foggy,High,Late Night,Motorcycle,1.8,92.0
ORD_001888,4.05,15,2,Foggy,High,Morning,Scooter,1.1,36.7
ORD_001889,5.73,10,2,Clear,Jam,Afternoon,Motorcycle,5.8,34.9
ORD_001890,4.85,20,6,Clear,Low,Evening Peak,Motorcycle,1.9,37.5
ORD_001891,6.55,15,2,Clear,High,Late Night,Motorcycle,6.0,35.1
ORD_001892,4.51,15,8,Clear,Medium,Late Night,Electric Bike,1.5,41.2
ORD_001893,3.43,20,2,Foggy,Medium,Evening Peak,Electric Bike,0.6,38.9
ORD_001894,4.05,15,4,Rainy,Low,Evening Peak,Motorcycle,5.4,30.7
ORD_001895,3.71,15,2,Windy,High,Evening Peak,Scooter,3.7,28.6
ORD_001896,4.71,10,3,Rainy,Medium,Afternoon,Scooter,2.4,32.7
ORD_001897,2.33,20,8,Clear,Medium,Afternoon,Motorcycle,3.3,25.6
ORD_001898,3.75,10,3,Rainy,Medium,Evening Peak,Motorcycle,1.9,28.3
ORD_001899,6.51,15,4,Clear,Medium,Evening Peak,Scooter,4.0,32.5
ORD_001900,6.48,20,2,Rainy,High,Evening Peak,Scooter,3.9,47.8
ORD_001901,5.92,15,3,Foggy,Medium,Evening Peak,Motorcycle,0.9,37.7
ORD_001902,10.62,15,2,Heavy Storm,High,Late Night,Motorcycle,5.5,61.8
ORD_001903,6.66,20,2,Rainy,Medium,Evening Peak,Scooter,3.0,44.8
ORD_001904,10.43,15,1,Clear,Low,Evening Peak,Scooter,1.6,44.4
ORD_001905,15.86,15,3,Clear,High,Evening Peak,Electric Bike,2.2,88.0
ORD_001906,8.31,20,6,Rainy,High,Evening Peak,Motorcycle,5.3,55.4
ORD_001907,2.34,20,3,Windy,Low,Morning,Scooter,2.6,25.3
ORD_001908,6.05,20,1,Rainy,Medium,Late Night,Motorcycle,3.6,41.4
ORD_001909,5.56,15,3,Clear,Low,Late Night,Scooter,5.7,28.8
ORD_001910,11.69,15,8,Clear,High,Evening Peak,Motorcycle,4.1,57.7
ORD_001911,4.81,25,3,Clear,Jam,Evening Peak,Motorcycle,4.2,45.5
ORD_001912,3.17,15,2,Windy,Medium,Evening Peak,Scooter,1.9,30.9
ORD_001913,3.87,15,6,Clear,Medium,Morning,Motorcycle,4.2,24.6
ORD_001914,2.39,20,5,Foggy,High,Morning,Scooter,2.7,35.4
ORD_001915,0.97,15,3,Clear,Medium,Afternoon,Scooter,5.5,18.7
ORD_001916,14.42,20,5,Windy,Medium,Afternoon,Scooter,1.2,69.0
ORD_001917,5.19,15,3,Foggy,Low,Afternoon,Motorcycle,2.1,33.1
ORD_001918,2.52,15,6,Clear,Medium,Late Night,Scooter,0.9,25.8
ORD_001919,12.29,25,3,Clear,Medium,Late Night,Electric Bike,2.6,74.6
ORD_001920,13.46,15,1,Foggy,Medium,Evening Peak,Motorcycle,1.3,55.0
ORD_001921,5.67,20,1,Rainy,Low,Evening Peak,Motorcycle,5.1,37.6
ORD_001922,2.27,10,2,Clear,Medium,Morning,Electric Bike,5.6,14.4
ORD_001923,3.93,15,1,Windy,Medium,Late Night,Electric Bike,4.2,31.2
ORD_001924,4.52,10,3,Heavy Storm,Low,Evening Peak,Scooter,1.1,34.2
ORD_001925,5.29,15,3,Windy,Medium,Morning,Motorcycle,2.4,26.5
ORD_001926,2.7,35,1,Rainy,Low,Morning,Scooter,5.8,46.8
ORD_001927,8.7,25,1,Rainy,Jam,Late Night,Scooter,1.2,77.2
ORD_001928,1.42,20,3,Rainy,Low,Evening Peak,Scooter,3.6,33.4
ORD_001929,9.49,25,1,Foggy,High,Late Night,Electric Bike,2.4,72.8
ORD_001930,10.63,20,3,Windy,Medium,Afternoon,Motorcycle,6.0,50.3
ORD_001931,4.15,15,1,Clear,High,Evening Peak,Motorcycle,2.1,30.6
ORD_001932,4.95,15,6,Clear,Jam,Late Night,Scooter,0.8,42.3
ORD_001933,11.38,20,2,Clear,Medium,Afternoon,Motorcycle,4.4,46.7
ORD_001934,7.4,15,1,Clear,High,Evening Peak,Electric Bike,2.3,48.3
ORD_001935,4.24,15,3,Clear,High,Evening Peak,Scooter,4.1,28.2
ORD_001936,4.53,25,3,Clear,Jam,Morning,Motorcycle,1.1,49.3
ORD_001937,6.82,10,5,Clear,Low,Evening Peak,Motorcycle,3.4,24.7
ORD_001938,13.69,10,4,Clear,Medium,Late Night,Motorcycle,2.6,47.5
ORD_001939,4.62,15,2,Clear,Jam,Afternoon,Electric Bike,3.5,46.4
ORD_001940,4.17,20,2,Clear,Medium,Evening Peak,Motorcycle,5.2,31.8
ORD_001941,5.27,15,2,Rainy,Jam,Evening Peak,Motorcycle,5.9,43.7
ORD_001942,5.29,20,2,Foggy,High,Afternoon,Scooter,4.6,44.0
ORD_001943,6.16,15,3,Rainy,Medium,Morning,Scooter,4.7,39.9
ORD_001944,4.96,20,3,Foggy,Low,Evening Peak,Motorcycle,3.4,34.3
ORD_001945,9.81,15,3,Clear,Medium,Afternoon,Scooter,1.0,48.6
ORD_001946,3.03,35,1,Foggy,Low,Evening Peak,Electric Bike,4.2,47.4
ORD_001947,6.54,15,6,Foggy,Medium,Evening Peak,Motorcycle,1.3,40.4
ORD_001948,6.69,20,2,Clear,Jam,Evening Peak,Motorcycle,1.9,49.8
ORD_001949,3.19,20,4,Foggy,Medium,Evening Peak,Scooter,4.4,31.6
ORD_001950,6.51,15,3,Clear,Medium,Late Night,Electric Bike,4.1,38.9
ORD_001951,6.79,15,2,Windy,Low,Morning,Motorcycle,2.2,34.0
ORD_001952,1.16,20,2,Clear,Medium,Evening Peak,Scooter,4.7,23.9
ORD_001953,2.87,20,2,Foggy,Medium,Late Night,Motorcycle,5.7,28.9
ORD_001954,11.92,15,2,Clear,High,Evening Peak,Scooter,3.5,60.0
ORD_001955,3.64,10,5,Clear,Medium,Morning,Motorcycle,4.2,18.7
ORD_001956,2.51,10,5,Windy,High,Late Night,Scooter,2.0,23.7
ORD_001957,1.67,15,3,Rainy,High,Evening Peak,Motorcycle,5.8,28.8
ORD_001958,2.72,15,1,Clear,Low,Late Night,Motorcycle,2.0,22.0
ORD_001959,4.84,30,4,Foggy,Low,Evening Peak,Scooter,5.4,50.1
ORD_001960,2.41,15,3,Clear,Low,Evening Peak,Motorcycle,5.6,19.2
ORD_001961,7.46,15,2,Clear,Medium,Morning,Electric Bike,4.5,45.2
ORD_001962,3.15,20,2,Clear,Low,Evening Peak,Motorcycle,5.0,23.4
ORD_001963,6.18,25,3,Windy,Medium,Evening Peak,Scooter,3.0,48.4
ORD_001964,10.96,15,2,Rainy,Low,Late Night,Electric Bike,5.6,50.8
ORD_001965,10.58,15,3,Windy,Medium,Late Night,Motorcycle,4.6,45.3
ORD_001966,6.12,15,3,Clear,Low,Evening Peak,Electric Bike,2.3,36.1
ORD_001967,2.62,15,3,Clear,Medium,Morning,Motorcycle,0.7,18.7
ORD_001968,5.03,15,2,Clear,Jam,Evening Peak,Scooter,3.5,38.1
ORD_001969,6.24,15,1,Foggy,Medium,Evening Peak,Motorcycle,5.1,32.8
ORD_001970,17.53,10,2,Clear,Medium,Evening Peak,Motorcycle,5.2,56.4
ORD_001971,1.66,30,5,Clear,High,Late Night,Motorcycle,5.1,35.5
ORD_001972,5.04,10,2,Foggy,Low,Evening Peak,Motorcycle,1.7,22.4
ORD_001973,7.31,15,1,Heavy Storm,Medium,Evening Peak,Electric Bike,2.8,56.4
ORD_001974,5.51,35,2,Clear,Jam,Late Night,Scooter,3.9,57.5
ORD_001975,5.86,20,3,Windy,High,Afternoon,Motorcycle,4.2,44.9
ORD_001976,3.27,15,2,Clear,Low,Evening Peak,Scooter,2.3,20.6
ORD_001977,8.61,10,1,Clear,Medium,Morning,Scooter,4.3,33.0
ORD_001978,5.29,30,3,Rainy,Medium,Morning,Electric Bike,3.7,55.3
ORD_001979,5.84,10,3,Clear,Jam,Evening Peak,Motorcycle,3.6,36.2
ORD_001980,9.13,20,2,Clear,Medium,Late Night,Scooter,4.1,44.4
ORD_001981,4.32,25,1,Rainy,Low,Morning,Motorcycle,3.8,35.5
ORD_001982,10.26,10,3,Clear,Medium,Evening Peak,Scooter,1.4,41.6
ORD_001983,2.37,20,3,Foggy,Medium,Evening Peak,Scooter,5.3,27.5
ORD_001984,6.03,35,2,Clear,Medium,Evening Peak,Scooter,1.8,54.2
ORD_001985,3.15,20,1,Clear,Low,Evening Peak,Scooter,4.6,22.6
ORD_001986,2.69,15,3,Clear,Medium,Afternoon,Motorcycle,1.5,20.3
ORD_001987,13.6,25,6,Clear,High,Afternoon,Motorcycle,4.1,70.3
ORD_001988,2.44,20,2,Clear,High,Afternoon,Motorcycle,5.4,27.6
ORD_001989,5.35,20,3,Windy,High,Late Night,Scooter,0.6,43.3
ORD_001990,2.33,20,2,Clear,High,Evening Peak,Electric Bike,5.9,33.3
ORD_001991,9.9,10,2,Clear,High,Afternoon,Motorcycle,0.7,47.6
ORD_001992,4.07,15,2,Clear,Medium,Evening Peak,Motorcycle,0.6,29.5
ORD_001993,9.1,10,6,Foggy,Low,Evening Peak,Motorcycle,5.2,34.8
ORD_001994,7.17,10,3,Windy,Low,Evening Peak,Motorcycle,4.4,26.5
ORD_001995,16.07,10,1,Rainy,Low,Morning,Scooter,1.1,59.9
ORD_001996,2.07,15,1,Heavy Storm,Low,Evening Peak,Scooter,5.7,29.8
ORD_001997,2.85,15,1,Rainy,Jam,Afternoon,Motorcycle,4.2,33.7
ORD_001998,8.83,25,2,Foggy,Low,Afternoon,Scooter,1.1,50.6
ORD_001999,6.2,25,1,Windy,Low,Evening Peak,Scooter,5.2,38.3
ORD_002000,4.5,20,4,Clear,Medium,Late Night,Motorcycle,3.1,33.4
ORD_002001,14.4,15,2,Clear,Low,Evening Peak,Motorcycle,2.0,45.8
ORD_002002,5.14,15,2,Windy,Low,Evening Peak,Electric Bike,5.0,33.1
ORD_002003,3.22,15,2,Clear,Medium,Evening Peak,Scooter,4.6,20.5
ORD_002004,9.16,20,2,Clear,Jam,Morning,Electric Bike,3.9,75.5
ORD_002005,5.23,25,8,Clear,Low,Evening Peak,Electric Bike,5.4,42.0
ORD_002006,5.47,10,4,Rainy,Low,Morning,Motorcycle,5.2,29.8
ORD_002007,7.51,20,2,Clear,High,Afternoon,Electric Bike,1.7,55.3
ORD_002008,7.68,20,4,Clear,Low,Evening Peak,Scooter,5.3,35.7
ORD_002009,2.83,20,3,Windy,Medium,Afternoon,Electric Bike,2.6,30.6
ORD_002010,4.35,15,3,Clear,Low,Afternoon,Motorcycle,2.9,27.9
ORD_002011,2.22,20,2,Rainy,High,Evening Peak,Motorcycle,5.8,34.1
ORD_002012,6.25,20,3,Windy,High,Evening Peak,Motorcycle,4.7,38.7
ORD_002013,13.47,15,2,Clear,Low,Afternoon,Motorcycle,2.3,44.4
ORD_002014,2.9,15,2,Foggy,Jam,Evening Peak,Motorcycle,4.1,31.1
ORD_002015,1.99,10,2,Clear,Medium,Morning,Electric Bike,3.5,18.8
ORD_002016,3.52,15,2,Foggy,High,Afternoon,Scooter,1.1,32.8
ORD_002017,4.48,10,2,Clear,High,Morning,Motorcycle,5.4,24.5
ORD_002018,7.71,15,3,Clear,Medium,Evening Peak,Motorcycle,5.0,34.0
ORD_002019,4.21,15,3,Clear,High,Afternoon,Electric Bike,4.8,31.7
ORD_002020,6.32,15,2,Foggy,Low,Late Night,Motorcycle,3.6,28.8
ORD_002021,3.83,15,1,Foggy,Low,Afternoon,Motorcycle,1.7,27.3
ORD_002022,4.62,20,1,Rainy,Medium,Evening Peak,Electric Bike,5.4,39.8
ORD_002023,3.16,25,6,Windy,Low,Afternoon,Scooter,2.4,36.9
ORD_002024,2.61,15,2,Foggy,Jam,Morning,Electric Bike,0.6,38.6
ORD_002025,7.87,15,3,Clear,Jam,Evening Peak,Electric Bike,5.9,62.9
ORD_002026,3.98,25,3,Windy,Low,Afternoon,Scooter,5.2,33.0
ORD_002027,6.58,20,2,Clear,Medium,Afternoon,Motorcycle,3.9,35.0
ORD_002028,3.13,15,3,Rainy,Medium,Afternoon,Scooter,0.6,34.8
ORD_002029,5.15,20,1,Windy,Medium,Afternoon,Scooter,1.8,35.5
ORD_002030,1.44,15,1,Rainy,High,Evening Peak,Motorcycle,3.0,26.3
ORD_002031,4.16,20,2,Foggy,Medium,Morning,Motorcycle,4.0,37.0
ORD_002032,3.32,35,2,Clear,Medium,Afternoon,Scooter,4.4,41.6
ORD_002033,9.68,15,1,Clear,High,Evening Peak,Motorcycle,4.8,47.1
ORD_002034,2.38,30,2,Foggy,Low,Evening Peak,Scooter,3.6,41.3
ORD_002035,4.73,15,3,Clear,Low,Afternoon,Motorcycle,4.1,26.6
ORD_002036,6.21,20,5,Clear,Low,Afternoon,Motorcycle,5.0,33.3
ORD_002037,8.93,15,3,Clear,High,Evening Peak,Motorcycle,4.5,44.6
ORD_002038,8.24,25,2,Clear,Low,Late Night,Scooter,5.8,42.5
ORD_002039,4.95,10,2,Clear,Jam,Evening Peak,Motorcycle,5.3,30.5
ORD_002040,5.35,20,3,Foggy,Low,Evening Peak,Electric Bike,1.4,39.4
ORD_002041,9.67,25,2,Clear,Medium,Late Night,Scooter,5.7,48.4
ORD_002042,4.89,15,3,Clear,Low,Evening Peak,Motorcycle,1.6,23.9
ORD_002043,5.68,10,3,Windy,Jam,Evening Peak,Scooter,6.0,42.7
ORD_002044,9.85,15,2,Clear,Low,Evening Peak,Motorcycle,4.4,39.6
ORD_002045,17.34,20,2,Foggy,Medium,Afternoon,Scooter,4.0,80.9
ORD_002046,5.96,25,4,Clear,Jam,Late Night,Scooter,2.3,56.0
ORD_002047,6.9,15,1,Clear,Low,Evening Peak,Scooter,1.2,30.0
ORD_002048,8.1,20,1,Clear,Medium,Late Night,Scooter,1.2,45.2
ORD_002049,9.8,15,1,Foggy,Medium,Evening Peak,Motorcycle,5.3,41.4
ORD_002050,9.05,15,8,Clear,Medium,Afternoon,Motorcycle,2.9,46.9
ORD_002051,3.66,15,2,Heavy Storm,High,Afternoon,Motorcycle,3.6,40.6
ORD_002052,6.19,20,4,Rainy,Medium,Afternoon,Motorcycle,5.6,44.2
ORD_002053,9.09,35,1,Foggy,Low,Afternoon,Motorcycle,1.9,54.7
ORD_002054,10.97,25,3,Clear,High,Morning,Scooter,4.7,67.1
ORD_002055,4.73,15,1,Clear,Medium,Late Night,Motorcycle,3.1,23.9
ORD_002056,6.1,20,3,Clear,Medium,Afternoon,Motorcycle,1.7,39.7
ORD_002057,6.51,10,2,Clear,Jam,Evening Peak,Electric Bike,5.2,47.2
ORD_002058,5.25,15,1,Heavy Storm,Medium,Evening Peak,Scooter,4.2,40.6
ORD_002059,6.01,15,2,Clear,High,Evening Peak,Motorcycle,1.0,36.8
ORD_002060,22.0,15,1,Clear,High,Evening Peak,Scooter,3.5,95.0
ORD_002061,4.62,20,2,Rainy,Medium,Late Night,Scooter,5.2,35.8
ORD_002062,4.83,15,3,Clear,High,Afternoon,Motorcycle,0.9,30.8
ORD_002063,1.88,30,4,Clear,Medium,Afternoon,Scooter,2.8,37.8
ORD_002064,1.71,15,2,Heavy Storm,Low,Evening Peak,Electric Bike,4.9,31.1
ORD_002065,6.77,15,2,Clear,High,Afternoon,Motorcycle,5.2,34.9
ORD_002066,9.11,15,2,Foggy,Jam,Evening Peak,Scooter,4.8,63.1
ORD_002067,8.18,15,2,Clear,Low,Evening Peak,Scooter,2.2,32.8
ORD_002068,3.12,35,2,Windy,High,Evening Peak,Motorcycle,3.3,45.2
ORD_002069,7.91,15,8,Clear,Low,Late Night,Scooter,4.6,34.7
ORD_002070,4.78,30,3,Windy,Medium,Late Night,Scooter,1.3,50.9
ORD_002071,4.13,15,3,Clear,High,Morning,Scooter,3.8,32.5
ORD_002072,2.25,15,2,Clear,Medium,Evening Peak,Scooter,4.5,20.3
ORD_002073,3.35,10,3,Clear,Medium,Afternoon,Scooter,5.2,18.5
ORD_002074,6.86,25,3,Clear,Low,Morning,Motorcycle,1.1,43.1
ORD_002075,6.15,10,4,Foggy,Jam,Evening Peak,Motorcycle,2.3,42.4
ORD_002076,5.65,30,1,Foggy,Medium,Late Night,Electric Bike,3.5,49.4
ORD_002077,1.36,15,1,Clear,Low,Morning,Scooter,4.4,14.9
ORD_002078,5.68,15,3,Clear,Low,Afternoon,Scooter,4.5,28.8
ORD_002079,3.63,20,2,Rainy,Low,Late Night,Scooter,1.9,35.2
ORD_002080,6.18,10,4,Windy,Medium,Afternoon,Scooter,0.6,33.6
ORD_002081,9.97,10,1,Clear,High,Afternoon,Motorcycle,4.3,42.1
ORD_002082,3.94,25,2,Foggy,Jam,Evening Peak,Motorcycle,5.5,48.8
ORD_002083,5.45,15,2,Windy,High,Morning,Electric Bike,4.9,40.7
ORD_002084,14.35,20,4,Clear,Medium,Evening Peak,Motorcycle,3.9,62.1
ORD_002085,6.0,15,1,Clear,High,Morning,Motorcycle,5.9,33.4
ORD_002086,5.07,10,3,Rainy,Medium,Afternoon,Motorcycle,2.9,30.1
ORD_002087,3.15,15,8,Clear,Medium,Afternoon,Scooter,3.4,32.0
ORD_002088,8.04,20,3,Windy,High,Evening Peak,Motorcycle,0.6,55.1
ORD_002089,2.85,25,3,Clear,Low,Morning,Scooter,5.7,29.7
ORD_002090,10.21,20,3,Windy,Medium,Evening Peak,Motorcycle,3.7,48.9
ORD_002091,7.4,25,1,Clear,Jam,Evening Peak,Motorcycle,2.6,59.9
ORD_002092,3.7,10,2,Clear,Medium,Evening Peak,Motorcycle,0.7,23.1
ORD_002093,3.21,10,2,Foggy,Medium,Late Night,Motorcycle,2.5,21.7
ORD_002094,3.26,15,2,Foggy,High,Evening Peak,Motorcycle,0.5,32.0
ORD_002095,1.73,25,1,Foggy,High,Evening Peak,Electric Bike,2.3,35.8
ORD_002096,6.68,25,1,Clear,Medium,Evening Peak,Motorcycle,5.7,35.4
ORD_002097,1.45,10,2,Clear,Medium,Evening Peak,Scooter,1.3,16.3
ORD_002098,4.88,10,2,Clear,Low,Afternoon,Scooter,3.5,23.3
ORD_002099,4.71,20,1,Windy,Low,Late Night,Electric Bike,1.5,31.0
ORD_002100,4.24,25,2,Foggy,Jam,Morning,Motorcycle,4.8,49.0
ORD_002101,6.65,25,2,Windy,High,Afternoon,Motorcycle,3.6,46.8
ORD_002102,3.71,15,3,Foggy,Jam,Evening Peak,Motorcycle,1.6,36.1
ORD_002103,5.69,20,2,Clear,High,Afternoon,Motorcycle,5.3,35.4
ORD_002104,10.21,25,3,Clear,Medium,Evening Peak,Motorcycle,4.8,53.8
ORD_002105,7.1,15,1,Clear,High,Morning,Scooter,5.7,38.8
ORD_002106,4.03,20,2,Clear,High,Late Night,Motorcycle,0.5,30.2
ORD_002107,5.16,15,2,Clear,Medium,Late Night,Scooter,3.0,29.2
ORD_002108,4.24,15,2,Windy,Medium,Late Night,Motorcycle,6.0,27.9
ORD_002109,4.67,30,1,Clear,Medium,Morning,Scooter,5.0,43.6
ORD_002110,5.79,30,6,Clear,Low,Morning,Scooter,5.1,44.6
ORD_002111,2.2,15,3,Clear,Low,Evening Peak,Electric Bike,3.9,20.9
ORD_002112,1.92,10,1,Clear,Medium,Afternoon,Motorcycle,4.4,15.7
ORD_002113,3.0,20,1,Foggy,Medium,Evening Peak,Motorcycle,4.9,29.9
ORD_002114,6.83,15,3,Windy,Low,Evening Peak,Motorcycle,1.0,35.0
ORD_002115,7.36,15,2,Windy,High,Morning,Motorcycle,4.3,37.2
ORD_002116,7.99,15,2,Clear,High,Morning,Scooter,5.0,42.3
ORD_002117,3.07,20,3,Clear,Low,Late Night,Motorcycle,0.7,28.1
ORD_002118,5.43,10,1,Foggy,Jam,Evening Peak,Motorcycle,2.1,42.7
ORD_002119,4.1,20,3,Rainy,High,Morning,Electric Bike,2.3,45.7
ORD_002120,4.78,10,2,Clear,High,Evening Peak,Motorcycle,5.2,23.3
ORD_002121,4.06,25,2,Clear,Low,Evening Peak,Scooter,4.8,34.8
ORD_002122,5.98,30,2,Clear,Jam,Evening Peak,Motorcycle,4.1,57.4
ORD_002123,3.44,20,1,Windy,Jam,Evening Peak,Scooter,4.9,37.4
ORD_002124,9.58,15,8,Windy,Medium,Evening Peak,Electric Bike,3.0,58.5
ORD_002125,9.63,15,1,Heavy Storm,Jam,Evening Peak,Scooter,5.3,75.5
ORD_002126,6.71,20,3,Windy,Medium,Evening Peak,Motorcycle,1.8,44.7
ORD_002127,8.96,30,2,Clear,Low,Late Night,Motorcycle,4.4,51.1
ORD_002128,2.15,15,2,Windy,High,Late Night,Motorcycle,1.8,26.6
ORD_002129,9.89,15,3,Heavy Storm,Medium,Evening Peak,Electric Bike,0.7,69.6
ORD_002130,6.35,15,5,Foggy,Medium,Evening Peak,Scooter,2.1,45.1
ORD_002131,3.56,15,3,Clear,Low,Afternoon,Motorcycle,3.2,23.1
ORD_002132,3.36,15,4,Clear,Medium,Afternoon,Scooter,5.1,23.0
ORD_002133,11.8,30,4,Clear,High,Late Night,Motorcycle,3.3,71.1
ORD_002134,8.06,15,3,Rainy,High,Evening Peak,Scooter,1.5,54.6
ORD_002135,4.71,15,3,Windy,Medium,Evening Peak,Electric Bike,6.0,32.6
ORD_002136,2.14,30,4,Foggy,Medium,Evening Peak,Scooter,2.0,43.5
ORD_002137,10.18,15,1,Clear,Medium,Morning,Scooter,5.9,39.9
ORD_002138,2.62,25,3,Rainy,Medium,Late Night,Scooter,5.6,38.9
ORD_002139,4.14,10,2,Clear,High,Evening Peak,Motorcycle,3.5,28.8
ORD_002140,4.7,30,2,Clear,Medium,Afternoon,Motorcycle,1.0,45.3
ORD_002141,3.33,15,3,Clear,Jam,Morning,Electric Bike,4.3,37.2
ORD_002142,4.58,35,2,Clear,Medium,Evening Peak,Motorcycle,5.2,43.2
ORD_002143,5.11,15,3,Heavy Storm,High,Late Night,Electric Bike,2.9,49.8
ORD_002144,4.53,15,5,Clear,High,Evening Peak,Motorcycle,1.8,31.0
ORD_002145,6.14,15,3,Clear,Jam,Afternoon,Scooter,4.9,47.6
ORD_002146,12.05,15,4,Rainy,Low,Afternoon,Motorcycle,3.5,51.2
ORD_002147,2.19,15,2,Foggy,Medium,Evening Peak,Electric Bike,1.6,30.5
ORD_002148,5.61,30,1,Clear,Jam,Evening Peak,Scooter,5.7,59.9
ORD_002149,2.64,15,3,Clear,Jam,Morning,Motorcycle,5.7,28.0
ORD_002150,2.08,20,2,Foggy,Low,Late Night,Scooter,2.5,27.7
ORD_002151,8.57,10,2,Clear,Medium,Afternoon,Motorcycle,0.9,32.9
ORD_002152,5.89,25,1,Clear,Medium,Evening Peak,Electric Bike,4.0,45.1
ORD_002153,2.01,20,5,Clear,High,Late Night,Motorcycle,2.2,24.2
ORD_002154,4.58,35,1,Clear,High,Evening Peak,Electric Bike,0.9,53.6
ORD_002155,3.01,15,2,Windy,Medium,Evening Peak,Motorcycle,5.4,23.5
ORD_002156,4.67,15,2,Foggy,High,Evening Peak,Electric Bike,6.0,37.3
ORD_002157,7.51,15,3,Foggy,High,Afternoon,Motorcycle,2.4,45.2
ORD_002158,7.08,20,3,Foggy,High,Late Night,Motorcycle,4.6,46.7
ORD_002159,4.08,20,1,Foggy,Low,Evening Peak,Motorcycle,0.9,34.9
ORD_002160,8.8,25,1,Foggy,High,Morning,Motorcycle,2.5,60.2
ORD_002161,10.67,10,3,Windy,Low,Late Night,Motorcycle,1.1,36.1
ORD_002162,7.58,20,1,Rainy,High,Evening Peak,Scooter,0.8,53.1
ORD_002163,3.69,30,3,Windy,Medium,Evening Peak,Scooter,3.7,44.3
ORD_002164,4.76,10,1,Clear,Low,Late Night,Electric Bike,4.9,25.5
ORD_002165,11.84,10,1,Foggy,Low,Evening Peak,Electric Bike,3.0,46.9
ORD_002166,4.25,20,1,Clear,Medium,Afternoon,Scooter,3.4,30.4
ORD_002167,7.1,15,3,Foggy,Jam,Morning,Scooter,2.0,53.7
ORD_002168,3.31,20,2,Rainy,Medium,Evening Peak,Electric Bike,4.6,36.2
ORD_002169,8.84,20,2,Clear,Jam,Afternoon,Motorcycle,2.5,55.8
ORD_002170,3.09,35,1,Windy,Medium,Evening Peak,Motorcycle,0.9,45.7
ORD_002171,4.88,25,2,Clear,Jam,Evening Peak,Scooter,1.4,52.9
ORD_002172,6.96,20,2,Foggy,Jam,Evening Peak,Motorcycle,1.2,59.0
ORD_002173,13.21,15,3,Windy,Low,Evening Peak,Motorcycle,2.9,44.5
ORD_002174,5.83,15,1,Windy,High,Afternoon,Scooter,0.9,40.2
ORD_002175,4.41,25,2,Clear,Medium,Afternoon,Electric Bike,4.9,37.2
ORD_002176,4.22,20,2,Foggy,High,Afternoon,Electric Bike,5.5,42.5
ORD_002177,8.62,25,2,Clear,High,Afternoon,Scooter,1.9,51.0
ORD_002178,6.64,15,4,Windy,Low,Evening Peak,Motorcycle,3.2,32.9
ORD_002179,7.43,10,2,Windy,High,Evening Peak,Scooter,3.4,38.4
ORD_002180,11.37,15,3,Windy,Medium,Morning,Motorcycle,5.9,44.3
ORD_002181,5.31,15,4,Clear,High,Evening Peak,Scooter,0.9,40.7
ORD_002182,6.38,25,1,Foggy,Medium,Late Night,Motorcycle,4.2,43.1
ORD_002183,4.18,20,3,Foggy,High,Morning,Motorcycle,2.4,38.2
ORD_002184,3.23,10,3,Clear,Medium,Morning,Motorcycle,3.3,15.8
ORD_002185,3.6,20,5,Clear,High,Evening Peak,Scooter,1.7,34.7
ORD_002186,1.22,25,2,Clear,High,Late Night,Scooter,1.4,29.0
ORD_002187,6.92,20,6,Rainy,Medium,Morning,Motorcycle,1.8,50.5
ORD_002188,6.52,20,2,Foggy,Medium,Afternoon,Scooter,0.9,48.4
ORD_002189,6.83,15,1,Windy,Low,Morning,Scooter,2.0,35.1
ORD_002190,3.11,25,3,Rainy,High,Afternoon,Motorcycle,4.3,45.3
ORD_002191,3.64,15,1,Clear,Jam,Evening Peak,Motorcycle,4.1,32.8
ORD_002192,3.57,25,6,Windy,Low,Afternoon,Motorcycle,3.5,36.1
ORD_002193,9.32,25,1,Windy,Medium,Afternoon,Motorcycle,0.5,55.5
ORD_002194,5.71,25,3,Heavy Storm,High,Afternoon,Motorcycle,1.2,59.3
ORD_002195,5.28,35,1,Clear,Medium,Evening Peak,Scooter,5.1,45.8
ORD_002196,7.81,20,2,Clear,High,Evening Peak,Scooter,2.0,48.6
ORD_002197,3.58,10,1,Clear,Low,Evening Peak,Electric Bike,5.5,17.0
ORD_002198,6.29,15,3,Clear,Jam,Evening Peak,Motorcycle,5.3,44.3
ORD_002199,14.19,10,3,Clear,Low,Evening Peak,Scooter,1.4,44.4
ORD_002200,10.15,15,1,Clear,Medium,Late Night,Motorcycle,5.4,40.8
ORD_002201,6.24,10,1,Clear,Medium,Morning,Scooter,4.0,27.8
ORD_002202,5.39,20,3,Heavy Storm,Jam,Late Night,Motorcycle,4.0,58.0
ORD_002203,6.8,10,3,Heavy Storm,Medium,Morning,Motorcycle,5.2,41.4
ORD_002204,10.94,15,2,Clear,Medium,Evening Peak,Motorcycle,2.7,44.1
ORD_002205,10.51,25,1,Foggy,High,Evening Peak,Scooter,4.5,63.5
ORD_002206,11.98,20,3,Rainy,Medium,Evening Peak,Motorcycle,4.2,57.7
ORD_002207,5.89,30,2,Clear,High,Evening Peak,Motorcycle,4.7,49.9
ORD_002208,1.44,15,2,Clear,High,Evening Peak,Scooter,4.1,16.8
ORD_002209,13.62,20,6,Clear,Low,Evening Peak,Scooter,0.9,56.9
ORD_002210,3.23,15,2,Clear,Medium,Morning,Motorcycle,2.1,24.5
ORD_002211,7.74,15,3,Foggy,Low,Evening Peak,Scooter,5.7,33.8
ORD_002212,1.45,20,4,Clear,Low,Afternoon,Motorcycle,1.7,27.2
ORD_002213,5.22,10,6,Windy,Medium,Afternoon,Electric Bike,3.1,35.4
ORD_002214,4.26,15,4,Clear,Jam,Evening Peak,Motorcycle,2.5,33.6
ORD_002215,12.0,20,3,Clear,Low,Evening Peak,Electric Bike,1.0,55.7
ORD_002216,6.28,25,2,Clear,Low,Evening Peak,Motorcycle,1.5,39.6
ORD_002217,5.19,20,5,Clear,Jam,Late Night,Scooter,2.1,43.9
ORD_002218,6.68,15,6,Rainy,Medium,Afternoon,Motorcycle,3.0,41.2
ORD_002219,1.05,15,1,Foggy,Medium,Morning,Electric Bike,5.3,19.8
ORD_002220,3.53,10,5,Clear,Jam,Afternoon,Motorcycle,3.3,27.2
ORD_002221,3.85,30,4,Clear,High,Morning,Motorcycle,4.1,45.2
ORD_002222,7.28,25,2,Foggy,High,Evening Peak,Motorcycle,2.8,52.3
ORD_002223,2.83,10,3,Clear,High,Morning,Electric Bike,5.3,23.1
ORD_002224,5.74,15,5,Windy,Medium,Evening Peak,Motorcycle,4.1,33.3
ORD_002225,4.9,20,2,Windy,High,Late Night,Scooter,1.0,40.6
ORD_002226,3.64,15,2,Windy,Medium,Afternoon,Motorcycle,3.1,26.0
ORD_002227,3.78,30,1,Clear,Medium,Afternoon,Motorcycle,5.0,35.8
ORD_002228,4.88,25,2,Rainy,Medium,Afternoon,Electric Bike,4.5,47.5
ORD_002229,1.65,15,4,Clear,Low,Evening Peak,Scooter,5.5,18.7
ORD_002230,7.87,10,1,Clear,Medium,Afternoon,Motorcycle,1.8,30.7
ORD_002231,3.22,25,5,Clear,Medium,Late Night,Motorcycle,5.9,34.6
ORD_002232,4.41,15,3,Heavy Storm,Medium,Morning,Motorcycle,2.1,38.9
ORD_002233,11.75,20,3,Clear,High,Morning,Electric Bike,0.8,78.1
ORD_002234,7.95,15,2,Rainy,High,Evening Peak,Scooter,3.2,49.9
ORD_002235,2.55,10,2,Clear,High,Morning,Scooter,1.1,25.7
ORD_002236,1.0,20,2,Clear,Low,Afternoon,Motorcycle,4.2,20.2
ORD_002237,6.84,15,2,Foggy,Low,Evening Peak,Scooter,5.5,34.6
ORD_002238,4.51,15,2,Rainy,Low,Afternoon,Motorcycle,5.6,29.0
ORD_002239,5.76,10,1,Foggy,Jam,Late Night,Scooter,3.8,38.2
ORD_002240,7.8,20,5,Clear,Medium,Afternoon,Scooter,3.4,41.7
ORD_002241,8.5,20,2,Rainy,High,Morning,Scooter,6.0,54.8
ORD_002242,4.02,15,3,Clear,Low,Morning,Motorcycle,3.7,21.5
ORD_002243,4.83,20,3,Clear,High,Afternoon,Motorcycle,5.6,33.3
ORD_002244,6.4,15,2,Clear,High,Evening Peak,Electric Bike,5.5,43.1
ORD_002245,6.63,15,8,Clear,High,Afternoon,Motorcycle,2.1,40.5
ORD_002246,5.73,20,2,Windy,Medium,Evening Peak,Motorcycle,0.6,37.6
ORD_002247,11.02,20,3,Windy,High,Late Night,Electric Bike,2.9,75.8
ORD_002248,6.59,15,1,Heavy Storm,Jam,Afternoon,Scooter,5.2,63.4
ORD_002249,7.74,10,2,Windy,Jam,Evening Peak,Motorcycle,5.1,48.1
ORD_002250,6.01,10,1,Clear,Low,Evening Peak,Motorcycle,3.8,20.7
ORD_002251,2.82,25,2,Foggy,Medium,Evening Peak,Scooter,1.4,37.1
ORD_002252,3.52,10,3,Clear,Low,Late Night,Electric Bike,1.1,21.4
ORD_002253,2.49,10,1,Clear,Jam,Evening Peak,Scooter,5.8,19.3
ORD_002254,9.04,15,2,Clear,Jam,Morning,Motorcycle,2.8,54.3
ORD_002255,2.0,15,1,Clear,Medium,Morning,Scooter,4.1,23.7
ORD_002256,4.72,25,2,Clear,Jam,Morning,Scooter,5.5,49.0
ORD_002257,4.15,15,1,Foggy,High,Afternoon,Electric Bike,5.3,35.1
ORD_002258,4.09,20,2,Clear,High,Afternoon,Motorcycle,3.6,32.8
ORD_002259,4.29,10,1,Foggy,Medium,Evening Peak,Motorcycle,3.2,25.7
ORD_002260,12.19,15,2,Rainy,Medium,Evening Peak,Motorcycle,4.5,51.3
ORD_002261,1.59,15,2,Clear,Jam,Late Night,Motorcycle,2.4,24.4
ORD_002262,10.25,15,2,Foggy,Low,Evening Peak,Motorcycle,3.9,39.9
ORD_002263,4.51,15,2,Clear,High,Late Night,Motorcycle,0.6,30.3
ORD_002264,8.19,25,1,Clear,Medium,Morning,Scooter,5.0,41.9
ORD_002265,5.37,20,3,Foggy,High,Evening Peak,Electric Bike,6.0,46.7
ORD_002266,2.64,15,2,Clear,Low,Morning,Electric Bike,5.8,22.4
ORD_002267,10.8,10,2,Clear,Medium,Evening Peak,Motorcycle,2.5,37.9
ORD_002268,9.88,15,1,Clear,Jam,Evening Peak,Scooter,3.4,66.7
ORD_002269,2.75,20,1,Rainy,Medium,Afternoon,Motorcycle,1.8,34.1
ORD_002270,7.13,25,2,Clear,Medium,Morning,Scooter,2.2,43.7
ORD_002271,3.62,30,3,Clear,High,Afternoon,Motorcycle,3.0,40.0
ORD_002272,2.05,20,2,Foggy,Medium,Evening Peak,Motorcycle,4.6,26.2
ORD_002273,3.22,15,3,Clear,Medium,Evening Peak,Motorcycle,0.6,28.1
ORD_002274,10.45,20,3,Clear,Medium,Evening Peak,Motorcycle,2.7,49.4
ORD_002275,8.3,15,3,Clear,Jam,Evening Peak,Motorcycle,3.6,57.6
ORD_002276,4.32,20,4,Clear,High,Evening Peak,Motorcycle,1.7,35.2
ORD_002277,10.48,15,2,Windy,Low,Late Night,Motorcycle,0.9,40.6
ORD_002278,9.46,15,1,Windy,High,Evening Peak,Scooter,3.5,47.9
ORD_002279,3.22,10,1,Clear,Medium,Evening Peak,Electric Bike,4.0,22.4
ORD_002280,11.92,15,2,Clear,Low,Late Night,Electric Bike,4.0,53.1
ORD_002281,4.13,20,1,Clear,High,Evening Peak,Scooter,2.5,30.6
ORD_002282,4.46,25,2,Windy,Medium,Morning,Motorcycle,1.8,37.2
ORD_002283,1.61,25,3,Rainy,Medium,Evening Peak,Scooter,1.7,36.5
ORD_002284,3.58,35,3,Foggy,Low,Evening Peak,Motorcycle,0.7,49.4
ORD_002285,4.74,10,1,Clear,Jam,Morning,Scooter,1.5,32.3
ORD_002286,6.1,15,3,Clear,High,Morning,Electric Bike,5.0,37.6
ORD_002287,2.64,20,4,Clear,Low,Morning,Motorcycle,0.5,29.6
ORD_002288,3.31,25,3,Rainy,Medium,Evening Peak,Electric Bike,0.7,45.2
ORD_002289,12.07,15,1,Clear,Medium,Afternoon,Motorcycle,1.2,47.3
ORD_002290,9.11,10,3,Rainy,Low,Late Night,Motorcycle,2.8,39.2
ORD_002291,10.06,15,2,Clear,Jam,Evening Peak,Scooter,2.3,69.3
ORD_002292,4.97,35,2,Clear,High,Late Night,Electric Bike,1.5,59.5
ORD_002293,6.21,25,2,Rainy,Jam,Afternoon,Motorcycle,1.1,60.6
ORD_002294,7.22,15,1,Clear,Low,Late Night,Motorcycle,5.7,28.4
ORD_002295,11.97,25,2,Clear,High,Late Night,Scooter,5.5,64.9
ORD_002296,2.02,10,2,Clear,Low,Morning,Scooter,4.7,12.0
ORD_002297,3.79,15,2,Clear,Medium,Morning,Motorcycle,1.9,25.7
ORD_002298,5.89,20,1,Windy,High,Afternoon,Motorcycle,2.3,39.5
ORD_002299,5.39,15,2,Heavy Storm,Low,Afternoon,Motorcycle,4.2,39.4
ORD_002300,3.29,15,4,Windy,Medium,Evening Peak,Scooter,2.1,27.7
ORD_002301,6.88,25,4,Clear,Medium,Morning,Scooter,3.4,46.3
ORD_002302,3.87,20,2,Foggy,High,Evening Peak,Electric Bike,4.1,40.6
ORD_002303,5.17,35,1,Clear,Low,Afternoon,Scooter,3.4,43.5
ORD_002304,6.7,10,3,Windy,Low,Morning,Motorcycle,2.8,26.9
ORD_002305,3.98,15,3,Clear,High,Evening Peak,Motorcycle,2.4,32.6
ORD_002306,7.92,15,4,Clear,Medium,Morning,Motorcycle,4.8,31.1
ORD_002307,8.73,25,4,Foggy,High,Evening Peak,Motorcycle,4.6,59.3
ORD_002308,3.36,15,3,Clear,Low,Morning,Electric Bike,4.3,27.2
ORD_002309,3.86,15,4,Clear,Low,Evening Peak,Scooter,2.6,26.4
ORD_002310,2.87,10,2,Rainy,High,Evening Peak,Scooter,4.8,25.1
ORD_002311,5.11,25,3,Clear,Low,Evening Peak,Scooter,5.8,36.6
ORD_002312,6.1,15,5,Clear,Medium,Afternoon,Motorcycle,4.3,32.2
ORD_002313,4.2,10,2,Windy,Medium,Afternoon,Motorcycle,2.7,20.4
ORD_002314,6.01,15,4,Foggy,Low,Evening Peak,Scooter,4.9,31.5
ORD_002315,3.8,15,5,Clear,Medium,Morning,Scooter,3.9,28.4
ORD_002316,3.87,15,1,Clear,Jam,Late Night,Motorcycle,5.3,33.1
ORD_002317,6.28,10,5,Foggy,Medium,Evening Peak,Motorcycle,4.4,27.7
ORD_002318,4.02,25,1,Clear,Medium,Evening Peak,Scooter,4.7,36.3
ORD_002319,4.95,10,2,Windy,Medium,Late Night,Motorcycle,4.2,22.0
ORD_002320,6.41,10,3,Clear,Jam,Evening Peak,Scooter,1.0,41.1
ORD_002321,5.96,15,1,Clear,Low,Morning,Motorcycle,3.2,24.6
ORD_002322,3.83,30,2,Windy,Low,Afternoon,Electric Bike,0.8,44.9
ORD_002323,9.23,10,2,Clear,Low,Evening Peak,Motorcycle,3.0,28.3
ORD_002324,1.97,25,3,Clear,Medium,Evening Peak,Scooter,4.4,29.6
ORD_002325,0.94,25,4,Clear,Medium,Morning,Motorcycle,2.8,28.0
ORD_002326,7.04,15,3,Clear,High,Afternoon,Motorcycle,0.5,42.6
ORD_002327,5.89,15,2,Clear,Medium,Evening Peak,Electric Bike,2.5,35.0
ORD_002328,2.65,20,4,Clear,Jam,Evening Peak,Motorcycle,0.9,37.2
ORD_002329,5.47,20,4,Clear,Medium,Late Night,Motorcycle,4.8,38.6
ORD_002330,3.54,25,2,Rainy,High,Late Night,Scooter,4.8,43.5
ORD_002331,6.76,25,4,Foggy,Medium,Late Night,Electric Bike,4.9,54.4
ORD_002332,0.99,15,4,Rainy,High,Evening Peak,Scooter,0.7,31.2
ORD_002333,4.42,20,1,Clear,Jam,Evening Peak,Motorcycle,0.7,40.9
ORD_002334,3.73,10,4,Windy,Jam,Afternoon,Motorcycle,5.5,29.9
ORD_002335,7.93,20,1,Clear,High,Late Night,Electric Bike,1.2,59.5
ORD_002336,1.64,20,2,Clear,Jam,Evening Peak,Scooter,4.2,27.0
ORD_002337,5.27,15,3,Clear,High,Evening Peak,Motorcycle,4.9,32.8
ORD_002338,6.99,10,2,Windy,Jam,Evening Peak,Scooter,3.0,45.0
ORD_002339,13.22,15,4,Clear,High,Evening Peak,Motorcycle,3.5,60.4
ORD_002340,3.86,15,3,Clear,Low,Late Night,Motorcycle,1.8,22.4
ORD_002341,6.16,25,2,Clear,Medium,Evening Peak,Electric Bike,5.6,45.4
ORD_002342,1.7,20,4,Clear,Medium,Evening Peak,Scooter,2.2,28.7
ORD_002343,5.12,20,4,Clear,Low,Evening Peak,Motorcycle,1.7,33.1
ORD_002344,9.61,15,2,Clear,Medium,Evening Peak,Motorcycle,3.4,43.1
ORD_002345,13.29,10,1,Windy,Low,Evening Peak,Scooter,1.5,41.5
ORD_002346,6.49,15,3,Windy,Low,Evening Peak,Electric Bike,4.3,36.8
ORD_002347,1.96,15,3,Clear,Medium,Evening Peak,Motorcycle,3.3,16.8
ORD_002348,10.47,20,5,Clear,Low,Afternoon,Motorcycle,1.3,42.1
ORD_002349,1.97,25,1,Clear,Jam,Afternoon,Motorcycle,0.9,35.7
ORD_002350,2.51,15,2,Clear,High,Evening Peak,Scooter,1.3,24.0
ORD_002351,10.97,20,3,Foggy,Jam,Late Night,Motorcycle,1.3,75.3
ORD_002352,4.91,10,2,Clear,High,Evening Peak,Motorcycle,2.2,29.0
ORD_002353,3.62,10,2,Rainy,High,Morning,Scooter,5.1,29.9
ORD_002354,7.53,10,3,Clear,Medium,Evening Peak,Motorcycle,0.8,34.3
ORD_002355,5.64,20,4,Foggy,Low,Evening Peak,Motorcycle,1.2,39.8
ORD_002356,9.13,15,5,Rainy,Medium,Evening Peak,Motorcycle,2.2,51.7
ORD_002357,5.78,15,8,Rainy,High,Late Night,Motorcycle,3.5,44.0
ORD_002358,5.86,20,2,Clear,Medium,Afternoon,Motorcycle,4.7,36.6
ORD_002359,8.95,20,2,Clear,Medium,Morning,Scooter,5.6,42.9
ORD_002360,4.87,10,4,Windy,Low,Evening Peak,Motorcycle,2.8,24.0
ORD_002361,3.01,20,3,Clear,Low,Evening Peak,Scooter,1.1,27.4
ORD_002362,7.78,25,3,Foggy,Low,Morning,Scooter,1.7,48.6
ORD_002363,4.33,15,2,Foggy,High,Late Night,Scooter,2.1,37.0
ORD_002364,6.05,20,2,Foggy,High,Late Night,Motorcycle,4.8,42.8
ORD_002365,1.51,15,3,Clear,Medium,Evening Peak,Electric Bike,4.3,19.8
ORD_002366,4.76,25,2,Windy,Low,Morning,Scooter,1.6,38.2
ORD_002367,3.77,30,3,Clear,Low,Afternoon,Scooter,5.1,40.0
ORD_002368,1.49,15,4,Windy,Medium,Afternoon,Scooter,5.2,17.9
ORD_002369,4.84,15,2,Clear,Low,Morning,Motorcycle,5.4,21.1
ORD_002370,4.94,15,3,Clear,High,Evening Peak,Scooter,2.0,33.6
ORD_002371,6.3,15,2,Rainy,High,Morning,Scooter,1.2,44.7
ORD_002372,9.52,10,3,Foggy,Low,Afternoon,Motorcycle,1.1,31.9
ORD_002373,8.68,20,4,Clear,High,Afternoon,Motorcycle,2.7,46.3
ORD_002374,3.92,10,2,Clear,Medium,Afternoon,Electric Bike,2.9,24.9
ORD_002375,5.7,15,4,Clear,Jam,Afternoon,Motorcycle,5.3,37.2
ORD_002376,6.81,20,2,Clear,High,Late Night,Motorcycle,2.0,37.9
ORD_002377,3.99,20,2,Clear,Medium,Late Night,Scooter,3.9,32.7
ORD_002378,2.07,10,2,Windy,Medium,Evening Peak,Motorcycle,4.8,13.5
ORD_002379,4.55,20,1,Windy,Low,Morning,Motorcycle,2.0,33.4
ORD_002380,9.74,30,1,Heavy Storm,High,Evening Peak,Motorcycle,2.0,76.1
ORD_002381,2.01,10,1,Clear,Medium,Late Night,Motorcycle,4.2,14.1
ORD_002382,2.83,15,3,Heavy Storm,Medium,Late Night,Electric Bike,4.5,41.3
ORD_002383,3.19,20,2,Clear,Medium,Evening Peak,Scooter,5.8,27.1
ORD_002384,2.85,20,2,Windy,Medium,Morning,Scooter,5.2,29.8
ORD_002385,7.55,15,2,Heavy Storm,High,Evening Peak,Motorcycle,5.0,50.4
ORD_002386,3.53,15,3,Windy,High,Evening Peak,Scooter,4.3,30.5
ORD_002387,7.67,25,4,Clear,Medium,Evening Peak,Motorcycle,1.2,43.8
ORD_002388,5.27,30,2,Clear,Medium,Morning,Motorcycle,5.0,43.9
ORD_002389,1.76,25,4,Rainy,Low,Afternoon,Motorcycle,5.6,31.5
ORD_002390,4.04,30,2,Rainy,Low,Evening Peak,Motorcycle,2.6,49.7
ORD_002391,8.82,20,2,Clear,Medium,Afternoon,Electric Bike,2.2,49.7
ORD_002392,5.6,30,3,Foggy,Jam,Evening Peak,Electric Bike,3.4,67.8
ORD_002393,4.22,20,2,Rainy,Medium,Evening Peak,Motorcycle,5.8,38.2
ORD_002394,9.81,30,2,Clear,Medium,Late Night,Electric Bike,0.8,70.5
ORD_002395,2.67,15,4,Clear,Jam,Morning,Scooter,4.4,30.7
ORD_002396,3.61,25,2,Heavy Storm,High,Evening Peak,Motorcycle,5.0,51.1
ORD_002397,8.36,15,1,Clear,Low,Morning,Scooter,4.8,33.9
ORD_002398,7.46,10,2,Windy,Low,Late Night,Motorcycle,3.6,26.5
ORD_002399,2.55,20,2,Windy,Low,Evening Peak,Motorcycle,5.6,26.3
ORD_002400,6.68,15,2,Clear,Medium,Afternoon,Motorcycle,1.2,32.8
ORD_002401,3.5,10,3,Foggy,High,Evening Peak,Electric Bike,1.8,31.4
ORD_002402,1.46,35,1,Clear,High,Evening Peak,Electric Bike,2.2,40.8
ORD_002403,4.26,20,3,Clear,Low,Evening Peak,Motorcycle,0.5,29.1
ORD_002404,13.77,30,2,Windy,Medium,Late Night,Motorcycle,2.5,68.6
ORD_002405,8.91,35,2,Clear,Low,Late Night,Motorcycle,1.4,54.0
ORD_002406,5.0,15,1,Clear,Low,Morning,Motorcycle,4.5,26.2
ORD_002407,1.95,15,2,Clear,Low,Evening Peak,Scooter,2.8,20.5
ORD_002408,1.48,15,2,Clear,Jam,Evening Peak,Motorcycle,4.4,19.0
ORD_002409,5.27,20,1,Clear,Medium,Evening Peak,Scooter,2.1,29.1
ORD_002410,6.44,20,1,Clear,Jam,Late Night,Motorcycle,1.2,48.9
ORD_002411,7.6,15,2,Rainy,High,Evening Peak,Scooter,1.2,51.7
ORD_002412,7.12,15,1,Clear,High,Afternoon,Scooter,1.6,39.2
ORD_002413,7.46,15,2,Clear,High,Evening Peak,Motorcycle,1.1,39.3
ORD_002414,6.0,15,4,Foggy,Low,Afternoon,Motorcycle,1.7,32.3
ORD_002415,9.69,10,3,Clear,High,Afternoon,Motorcycle,3.7,45.6
ORD_002416,3.76,25,2,Windy,Medium,Evening Peak,Motorcycle,1.9,39.5
ORD_002417,5.23,10,4,Foggy,Jam,Afternoon,Scooter,2.4,37.9
ORD_002418,1.76,15,2,Clear,High,Evening Peak,Motorcycle,0.8,23.1
ORD_002419,3.72,10,6,Clear,Jam,Late Night,Motorcycle,5.4,29.7
ORD_002420,8.77,25,2,Clear,Jam,Late Night,Scooter,1.3,70.1
ORD_002421,7.33,15,2,Heavy Storm,Medium,Morning,Electric Bike,2.4,59.4
ORD_002422,1.23,10,6,Foggy,Jam,Evening Peak,Scooter,2.6,22.3
ORD_002423,14.35,20,2,Clear,Medium,Evening Peak,Motorcycle,4.7,57.1
ORD_002424,5.61,30,1,Clear,High,Evening Peak,Motorcycle,3.2,50.4
ORD_002425,5.67,30,2,Windy,High,Morning,Electric Bike,2.6,57.5
ORD_002426,3.58,15,2,Clear,Medium,Afternoon,Motorcycle,4.3,26.7
ORD_002427,4.05,20,3,Clear,Low,Evening Peak,Motorcycle,3.8,30.6
ORD_002428,5.58,10,5,Clear,High,Evening Peak,Scooter,0.9,34.7
ORD_002429,7.09,10,4,Foggy,Low,Evening Peak,Scooter,2.2,33.1
ORD_002430,6.16,15,1,Rainy,Medium,Evening Peak,Motorcycle,5.9,37.1
ORD_002431,3.75,15,6,Clear,Medium,Late Night,Electric Bike,3.2,27.7
ORD_002432,2.99,25,3,Clear,High,Late Night,Electric Bike,2.8,38.5
ORD_002433,2.87,30,3,Clear,High,Afternoon,Motorcycle,1.3,43.7
ORD_002434,9.15,10,2,Clear,Medium,Evening Peak,Scooter,5.1,33.6
ORD_002435,8.54,15,2,Clear,Medium,Evening Peak,Motorcycle,1.2,34.8
ORD_002436,6.73,15,2,Clear,High,Afternoon,Motorcycle,1.1,35.1
ORD_002437,9.12,20,2,Clear,Medium,Evening Peak,Scooter,2.9,50.2
ORD_002438,4.78,30,4,Clear,Medium,Afternoon,Electric Bike,2.9,49.1
ORD_002439,8.14,25,2,Clear,Low,Morning,Motorcycle,5.9,37.0
ORD_002440,6.93,20,4,Windy,Jam,Morning,Motorcycle,1.2,56.9
ORD_002441,8.26,15,1,Windy,Medium,Afternoon,Scooter,3.2,41.9
ORD_002442,2.7,25,1,Rainy,High,Evening Peak,Motorcycle,1.6,40.0
ORD_002443,1.15,15,2,Clear,Low,Morning,Electric Bike,4.4,18.0
ORD_002444,5.95,30,5,Clear,High,Evening Peak,Electric Bike,2.7,60.8
ORD_002445,4.18,10,4,Clear,Medium,Late Night,Scooter,4.1,21.8
ORD_002446,1.33,20,1,Foggy,Low,Afternoon,Motorcycle,2.4,29.1
ORD_002447,9.98,10,1,Clear,High,Late Night,Motorcycle,3.6,40.8
ORD_002448,8.56,15,1,Clear,High,Morning,Motorcycle,3.1,38.9
ORD_002449,6.25,20,3,Clear,Low,Morning,Electric Bike,2.6,37.8
ORD_002450,3.09,20,2,Heavy Storm,Medium,Evening Peak,Motorcycle,3.5,39.9
ORD_002451,1.72,25,2,Heavy Storm,Medium,Late Night,Motorcycle,2.6,44.1
ORD_002452,1.33,20,5,Windy,Medium,Afternoon,Motorcycle,4.9,22.8
ORD_002453,3.7,15,3,Clear,Medium,Evening Peak,Scooter,3.2,19.3
ORD_002454,7.52,25,5,Foggy,High,Evening Peak,Scooter,5.5,55.6
ORD_002455,4.21,25,2,Windy,Low,Evening Peak,Electric Bike,1.7,41.4
ORD_002456,6.78,15,3,Foggy,Low,Evening Peak,Motorcycle,1.1,37.4
ORD_002457,6.97,25,1,Rainy,High,Afternoon,Motorcycle,2.6,55.4
ORD_002458,7.46,35,3,Clear,Jam,Morning,Scooter,1.5,75.0
ORD_002459,1.57,20,2,Rainy,Jam,Morning,Motorcycle,2.7,36.7
ORD_002460,3.26,15,1,Rainy,High,Morning,Motorcycle,1.6,32.1
ORD_002461,6.71,20,1,Clear,Low,Morning,Scooter,5.3,32.8
ORD_002462,11.2,15,5,Windy,Low,Morning,Scooter,3.6,40.4
ORD_002463,9.48,20,3,Clear,High,Morning,Motorcycle,3.2,52.9
ORD_002464,6.07,20,4,Windy,Medium,Morning,Scooter,4.8,38.7
ORD_002465,10.04,30,1,Clear,Medium,Evening Peak,Electric Bike,1.2,68.4
ORD_002466,6.04,20,3,Clear,Jam,Morning,Motorcycle,5.2,45.8
ORD_002467,1.98,15,1,Clear,Low,Late Night,Motorcycle,3.2,19.0
ORD_002468,7.39,20,2,Windy,High,Evening Peak,Motorcycle,1.3,42.6
ORD_002469,9.66,15,2,Heavy Storm,Low,Late Night,Scooter,5.0,51.1
ORD_002470,13.18,15,2,Clear,Medium,Evening Peak,Electric Bike,3.0,63.0
ORD_002471,3.64,15,1,Clear,Medium,Morning,Scooter,3.8,25.2
ORD_002472,2.54,10,8,Foggy,Medium,Evening Peak,Motorcycle,5.4,25.9
ORD_002473,8.15,30,1,Clear,Jam,Afternoon,Motorcycle,5.4,60.7
ORD_002474,6.48,20,3,Heavy Storm,Medium,Morning,Motorcycle,5.4,50.5
ORD_002475,6.16,25,3,Windy,High,Morning,Scooter,2.8,49.2
ORD_002476,10.12,15,2,Rainy,High,Evening Peak,Motorcycle,4.6,54.8
ORD_002477,8.13,20,2,Rainy,High,Afternoon,Motorcycle,1.8,54.6
ORD_002478,6.83,20,1,Foggy,High,Morning,Motorcycle,5.1,43.0
ORD_002479,3.91,15,2,Clear,Medium,Evening Peak,Motorcycle,2.4,26.0
ORD_002480,7.76,35,2,Clear,High,Late Night,Motorcycle,3.1,58.3
ORD_002481,2.48,15,1,Clear,High,Evening Peak,Scooter,5.4,24.4
ORD_002482,6.03,20,2,Rainy,High,Morning,Scooter,4.9,45.0
ORD_002483,5.03,10,5,Windy,Low,Afternoon,Motorcycle,5.7,23.1
ORD_002484,1.93,15,3,Clear,Low,Evening Peak,Scooter,2.5,21.0
ORD_002485,6.49,25,1,Clear,High,Morning,Scooter,1.3,55.0
ORD_002486,3.64,25,2,Clear,Medium,Evening Peak,Scooter,5.5,31.0
ORD_002487,6.4,20,2,Foggy,Medium,Evening Peak,Scooter,3.2,44.1
ORD_002488,2.88,30,8,Clear,Medium,Morning,Motorcycle,5.4,40.7
ORD_002489,8.18,15,5,Clear,Low,Evening Peak,Scooter,4.5,34.6
ORD_002490,12.18,20,3,Clear,Medium,Late Night,Motorcycle,5.3,53.7
ORD_002491,2.48,15,1,Clear,Medium,Evening Peak,Motorcycle,4.1,19.2
ORD_002492,2.88,20,1,Clear,Low,Late Night,Motorcycle,5.0,22.8
ORD_002493,2.25,15,3,Clear,Medium,Evening Peak,Scooter,1.2,20.9
ORD_002494,4.53,15,3,Rainy,Medium,Evening Peak,Electric Bike,5.8,36.2
ORD_002495,6.35,30,2,Clear,Medium,Late Night,Motorcycle,1.5,46.7
ORD_002496,7.5,10,1,Windy,High,Evening Peak,Scooter,0.6,45.0
ORD_002497,5.96,10,2,Clear,Low,Morning,Motorcycle,3.4,23.8
ORD_002498,7.37,10,4,Windy,Low,Morning,Motorcycle,4.4,28.7
ORD_002499,4.93,15,2,Clear,Medium,Late Night,Scooter,4.4,30.4
ORD_002500,3.62,15,2,Clear,High,Evening Peak,Motorcycle,2.4,28.8
ORD_002501,2.92,10,1,Clear,Medium,Evening Peak,Scooter,4.6,15.1
ORD_002502,4.63,20,1,Clear,Medium,Evening Peak,Scooter,5.1,31.8
ORD_002503,2.96,20,2,Clear,Medium,Evening Peak,Motorcycle,3.9,25.8
ORD_002504,6.24,25,3,Clear,Medium,Evening Peak,Scooter,2.6,45.0
ORD_002505,2.99,35,2,Clear,Jam,Evening Peak,Scooter,3.9,54.7
ORD_002506,3.85,20,2,Clear,High,Late Night,Motorcycle,5.2,29.1
ORD_002507,9.13,10,2,Windy,High,Morning,Scooter,5.5,39.4
ORD_002508,9.62,10,2,Rainy,Medium,Evening Peak,Electric Bike,0.7,56.7
ORD_002509,9.45,25,3,Clear,Medium,Evening Peak,Scooter,1.2,57.5
ORD_002510,4.98,20,3,Clear,High,Morning,Scooter,0.5,41.7
ORD_002511,3.71,15,6,Clear,Medium,Afternoon,Motorcycle,3.2,28.8
ORD_002512,6.78,15,4,Clear,Medium,Evening Peak,Motorcycle,2.9,35.5
ORD_002513,3.03,25,3,Clear,Low,Afternoon,Scooter,3.5,32.7
ORD_002514,7.71,20,3,Clear,Low,Evening Peak,Motorcycle,4.3,35.7
ORD_002515,3.51,20,2,Rainy,Low,Morning,Scooter,2.5,35.0
ORD_002516,4.52,15,6,Foggy,High,Afternoon,Scooter,1.6,38.8
ORD_002517,7.8,20,5,Heavy Storm,Low,Late Night,Motorcycle,2.7,52.0
ORD_002518,1.68,25,1,Clear,Jam,Afternoon,Scooter,0.5,38.9
ORD_002519,3.6,25,2,Rainy,Medium,Evening Peak,Scooter,5.1,41.8
ORD_002520,6.32,20,2,Foggy,Low,Evening Peak,Motorcycle,2.6,35.6
ORD_002521,7.09,20,2,Rainy,High,Afternoon,Motorcycle,3.9,49.2
ORD_002522,6.46,20,2,Clear,Medium,Evening Peak,Motorcycle,2.3,43.0
ORD_002523,4.49,15,2,Windy,Medium,Evening Peak,Electric Bike,3.9,29.6
ORD_002524,8.24,15,3,Windy,Medium,Late Night,Electric Bike,3.5,46.0
ORD_002525,2.87,25,5,Clear,Medium,Afternoon,Scooter,1.6,35.1
ORD_002526,2.8,20,2,Clear,High,Evening Peak,Motorcycle,3.9,24.4
ORD_002527,6.28,20,2,Foggy,Medium,Evening Peak,Scooter,1.1,43.9
ORD_002528,2.68,35,2,Heavy Storm,Medium,Evening Peak,Scooter,3.1,58.3
ORD_002529,12.42,35,1,Rainy,Medium,Evening Peak,Scooter,4.5,75.2
ORD_002530,3.66,20,2,Rainy,Low,Evening Peak,Scooter,3.5,38.6
ORD_002531,8.16,10,2,Clear,High,Evening Peak,Motorcycle,4.6,36.6
ORD_002532,2.43,15,6,Windy,Jam,Late Night,Electric Bike,2.0,33.6
ORD_002533,10.97,30,2,Clear,High,Late Night,Motorcycle,0.8,67.1
ORD_002534,5.18,15,1,Clear,Medium,Afternoon,Electric Bike,0.8,40.3
ORD_002535,3.6,35,1,Rainy,Jam,Evening Peak,Motorcycle,2.0,57.3
ORD_002536,4.31,10,2,Rainy,Medium,Late Night,Motorcycle,2.7,29.3
ORD_002537,3.28,20,1,Windy,High,Late Night,Scooter,3.5,35.9
ORD_002538,4.51,20,2,Rainy,High,Morning,Motorcycle,4.7,40.7
ORD_002539,2.51,15,4,Clear,High,Late Night,Electric Bike,5.1,29.6
ORD_002540,3.67,30,3,Clear,Medium,Afternoon,Scooter,4.3,39.9
ORD_002541,8.07,20,3,Rainy,Low,Evening Peak,Motorcycle,3.0,44.7
ORD_002542,5.78,15,2,Clear,Medium,Evening Peak,Electric Bike,2.0,36.5
ORD_002543,2.83,15,3,Clear,High,Late Night,Motorcycle,2.9,25.2
ORD_002544,4.6,20,8,Clear,Low,Evening Peak,Motorcycle,2.0,33.4
ORD_002545,9.68,15,2,Clear,Low,Late Night,Motorcycle,3.9,38.4
ORD_002546,3.92,25,3,Clear,Medium,Evening Peak,Motorcycle,5.0,33.9
ORD_002547,2.67,15,2,Clear,Medium,Afternoon,Scooter,3.4,23.8
ORD_002548,6.95,15,1,Rainy,Medium,Morning,Motorcycle,0.8,42.1
ORD_002549,1.37,10,6,Rainy,Medium,Morning,Scooter,5.7,22.2
ORD_002550,4.37,10,2,Clear,High,Morning,Scooter,2.1,21.7
ORD_002551,10.15,15,1,Foggy,Low,Late Night,Motorcycle,5.5,39.5
ORD_002552,4.53,35,2,Clear,Low,Evening Peak,Electric Bike,5.0,44.7
ORD_002553,8.52,10,3,Foggy,Medium,Late Night,Scooter,2.8,41.8
ORD_002554,2.65,15,1,Clear,Medium,Evening Peak,Motorcycle,0.8,24.5
ORD_002555,4.43,15,2,Foggy,High,Late Night,Scooter,5.7,33.6
ORD_002556,4.19,20,2,Windy,Medium,Late Night,Electric Bike,4.1,32.2
ORD_002557,6.74,20,2,Clear,Medium,Evening Peak,Electric Bike,1.9,42.0
ORD_002558,5.34,25,2,Rainy,Low,Afternoon,Scooter,3.4,46.9
ORD_002559,10.92,10,1,Windy,High,Afternoon,Electric Bike,4.0,58.3
ORD_002560,3.79,20,3,Foggy,Medium,Afternoon,Motorcycle,1.7,37.0
ORD_002561,5.3,20,3,Clear,Medium,Morning,Motorcycle,1.0,34.3
ORD_002562,4.28,20,1,Windy,High,Evening Peak,Motorcycle,2.0,36.6
ORD_002563,5.08,15,3,Clear,Jam,Evening Peak,Motorcycle,0.8,39.7
ORD_002564,4.83,25,3,Rainy,Low,Morning,Electric Bike,0.9,47.5
ORD_002565,3.01,15,1,Rainy,Low,Evening Peak,Motorcycle,1.4,29.5
ORD_002566,7.83,15,3,Clear,Low,Evening Peak,Motorcycle,1.4,35.5
ORD_002567,3.45,15,2,Foggy,High,Morning,Electric Bike,1.9,33.7
ORD_002568,3.31,15,3,Clear,Low,Afternoon,Scooter,5.7,22.0
ORD_002569,1.99,15,3,Rainy,Medium,Afternoon,Motorcycle,3.7,25.6
ORD_002570,3.73,20,3,Clear,High,Evening Peak,Scooter,2.8,36.1
ORD_002571,3.43,25,2,Clear,High,Late Night,Motorcycle,3.6,37.8
ORD_002572,1.49,20,2,Clear,Medium,Evening Peak,Scooter,0.5,24.3
ORD_002573,4.5,15,2,Foggy,High,Evening Peak,Motorcycle,5.4,33.2
ORD_002574,10.64,25,1,Clear,Jam,Afternoon,Scooter,3.4,79.7
ORD_002575,2.19,20,2,Windy,Low,Evening Peak,Scooter,3.0,25.1
ORD_002576,5.03,15,3,Windy,High,Afternoon,Scooter,5.7,32.6
ORD_002577,4.44,20,1,Clear,Medium,Evening Peak,Electric Bike,4.5,35.0
ORD_002578,7.25,20,3,Clear,Low,Afternoon,Scooter,2.4,35.1
ORD_002579,7.55,15,2,Clear,Medium,Morning,Motorcycle,5.6,34.2
ORD_002580,15.08,15,2,Rainy,High,Evening Peak,Scooter,5.2,77.1
ORD_002581,5.9,10,2,Clear,Medium,Afternoon,Motorcycle,5.7,26.6
ORD_002582,3.17,35,2,Rainy,Low,Evening Peak,Scooter,1.0,53.8
ORD_002583,3.67,10,2,Clear,Jam,Evening Peak,Motorcycle,5.8,23.1
ORD_002584,3.89,15,6,Windy,High,Evening Peak,Motorcycle,3.5,32.3
ORD_002585,3.51,15,3,Clear,Medium,Late Night,Scooter,4.2,24.9
ORD_002586,12.12,25,3,Clear,High,Evening Peak,Motorcycle,1.7,67.1
ORD_002587,7.35,15,8,Clear,Low,Evening Peak,Electric Bike,1.3,39.1
ORD_002588,6.71,25,1,Clear,Medium,Afternoon,Motorcycle,0.9,44.7
ORD_002589,2.71,20,4,Clear,Low,Evening Peak,Scooter,2.8,29.5
ORD_002590,7.51,20,3,Clear,Medium,Evening Peak,Motorcycle,1.7,40.6
ORD_002591,9.27,25,1,Clear,Jam,Afternoon,Scooter,0.9,67.4
ORD_002592,4.49,10,2,Clear,Medium,Afternoon,Electric Bike,5.8,23.4
ORD_002593,3.65,30,2,Heavy Storm,Medium,Afternoon,Scooter,4.5,52.7
ORD_002594,11.07,25,1,Windy,High,Late Night,Motorcycle,3.3,62.3
ORD_002595,3.38,30,2,Rainy,High,Afternoon,Scooter,4.6,47.8
ORD_002596,3.19,25,4,Clear,Low,Afternoon,Scooter,3.9,29.9
ORD_002597,2.9,25,1,Clear,High,Afternoon,Electric Bike,1.5,38.7
ORD_002598,4.89,15,4,Clear,Medium,Morning,Motorcycle,4.0,30.3
ORD_002599,5.89,15,4,Rainy,Low,Afternoon,Electric Bike,4.2,38.7
ORD_002600,8.58,15,1,Windy,Medium,Evening Peak,Scooter,1.8,42.0
ORD_002601,6.88,10,5,Windy,Low,Evening Peak,Motorcycle,2.3,28.8
ORD_002602,6.82,20,3,Clear,High,Evening Peak,Scooter,2.6,48.9
ORD_002603,10.06,10,5,Heavy Storm,High,Evening Peak,Scooter,3.8,61.4
ORD_002604,2.82,10,5,Clear,High,Morning,Motorcycle,1.2,22.8
ORD_002605,2.12,25,2,Clear,Medium,Afternoon,Motorcycle,4.6,30.6
ORD_002606,7.06,30,2,Clear,Low,Afternoon,Electric Bike,2.4,50.3
ORD_002607,4.77,25,2,Clear,High,Evening Peak,Motorcycle,4.3,37.4
ORD_002608,8.6,25,3,Clear,Low,Afternoon,Scooter,5.6,44.1
ORD_002609,5.02,20,3,Foggy,Medium,Afternoon,Scooter,5.3,33.1
ORD_002610,3.58,25,6,Clear,Low,Morning,Motorcycle,4.6,34.7
ORD_002611,7.12,15,2,Clear,Medium,Evening Peak,Motorcycle,1.6,32.5
ORD_002612,5.38,35,2,Clear,Low,Evening Peak,Electric Bike,4.5,48.3
ORD_002613,5.02,10,8,Clear,Low,Evening Peak,Motorcycle,4.0,28.6
ORD_002614,16.65,25,3,Clear,Medium,Evening Peak,Motorcycle,4.7,69.4
ORD_002615,9.64,20,2,Clear,Medium,Morning,Electric Bike,5.3,53.6
ORD_002616,7.63,20,2,Clear,Medium,Evening Peak,Motorcycle,2.2,40.1
ORD_002617,5.47,20,3,Clear,Low,Morning,Motorcycle,4.0,32.7
ORD_002618,5.21,25,4,Heavy Storm,Low,Late Night,Scooter,2.0,53.0
ORD_002619,4.3,25,1,Foggy,Low,Morning,Electric Bike,2.4,38.7
ORD_002620,5.78,15,2,Clear,High,Late Night,Motorcycle,3.4,33.2
ORD_002621,3.85,15,1,Windy,Low,Morning,Scooter,2.9,25.4
ORD_002622,2.49,10,2,Clear,High,Evening Peak,Scooter,3.8,19.6
ORD_002623,4.99,10,5,Clear,High,Late Night,Scooter,4.7,31.5
ORD_002624,6.05,15,3,Foggy,High,Evening Peak,Electric Bike,3.8,45.2
ORD_002625,8.61,20,5,Clear,High,Evening Peak,Scooter,5.8,53.5
ORD_002626,3.2,15,3,Rainy,High,Morning,Motorcycle,4.6,31.6
ORD_002627,5.23,25,8,Clear,High,Evening Peak,Motorcycle,5.9,44.4
ORD_002628,6.85,15,3,Foggy,High,Evening Peak,Electric Bike,4.6,47.4
ORD_002629,6.76,20,3,Clear,Medium,Evening Peak,Scooter,3.3,37.0
ORD_002630,11.78,10,4,Windy,High,Afternoon,Scooter,2.8,56.2
ORD_002631,4.35,25,2,Clear,Medium,Afternoon,Motorcycle,4.5,36.7
ORD_002632,3.05,25,2,Clear,Low,Late Night,Motorcycle,4.3,29.8
ORD_002633,5.43,15,1,Foggy,High,Late Night,Motorcycle,4.2,35.6
ORD_002634,4.48,15,3,Rainy,High,Late Night,Scooter,4.5,32.4
ORD_002635,4.04,15,4,Rainy,Medium,Evening Peak,Motorcycle,5.3,33.1
ORD_002636,3.74,25,2,Clear,Medium,Late Night,Motorcycle,1.8,37.8
ORD_002637,6.06,20,1,Foggy,Medium,Afternoon,Motorcycle,3.6,37.2
ORD_002638,3.45,20,5,Rainy,High,Afternoon,Scooter,3.8,42.3
ORD_002639,7.62,15,3,Clear,Low,Morning,Motorcycle,2.1,32.4
ORD_002640,7.43,15,4,Clear,High,Evening Peak,Electric Bike,5.9,46.9
ORD_002641,6.37,10,4,Clear,Medium,Morning,Scooter,4.8,28.3
ORD_002642,2.82,10,2,Clear,Medium,Morning,Motorcycle,2.3,19.2
ORD_002643,5.91,15,3,Rainy,High,Morning,Electric Bike,2.5,47.7
ORD_002644,8.93,10,4,Clear,Low,Afternoon,Motorcycle,4.5,31.9
ORD_002645,7.93,20,1,Clear,High,Late Night,Motorcycle,0.6,49.9
ORD_002646,7.33,15,4,Clear,Jam,Afternoon,Motorcycle,3.1,47.7
ORD_002647,5.19,15,2,Windy,Medium,Evening Peak,Electric Bike,2.4,37.1
ORD_002648,5.06,20,2,Clear,Jam,Evening Peak,Motorcycle,5.2,42.4
ORD_002649,9.72,20,1,Clear,Medium,Evening Peak,Scooter,4.9,43.2
ORD_002650,6.01,20,2,Windy,Medium,Evening Peak,Motorcycle,2.3,38.8
ORD_002651,6.05,15,3,Windy,Medium,Evening Peak,Electric Bike,5.3,32.4
ORD_002652,19.36,25,4,Clear,High,Morning,Electric Bike,5.5,95.0
ORD_002653,4.29,30,6,Heavy Storm,High,Evening Peak,Motorcycle,3.5,57.5
ORD_002654,1.43,15,1,Foggy,Medium,Evening Peak,Motorcycle,1.4,25.1
ORD_002655,4.65,10,2,Windy,Medium,Morning,Motorcycle,4.7,21.7
ORD_002656,4.8,25,5,Foggy,High,Morning,Motorcycle,2.3,45.8
ORD_002657,5.96,30,2,Clear,Medium,Evening Peak,Scooter,3.4,47.5
ORD_002658,6.73,10,2,Clear,Medium,Evening Peak,Motorcycle,0.8,27.4
ORD_002659,1.56,10,2,Rainy,High,Evening Peak,Motorcycle,3.3,19.8
ORD_002660,6.8,25,3,Clear,Medium,Afternoon,Motorcycle,2.6,46.3
ORD_002661,4.97,15,1,Foggy,Low,Late Night,Scooter,4.3,30.1
ORD_002662,4.4,30,2,Clear,High,Morning,Motorcycle,0.7,48.0
ORD_002663,1.93,15,5,Clear,Medium,Morning,Scooter,3.9,22.5
ORD_002664,10.84,25,3,Clear,High,Evening Peak,Scooter,4.7,63.1
ORD_002665,4.01,10,3,Windy,Medium,Morning,Scooter,0.6,26.2
ORD_002666,7.38,15,3,Windy,Medium,Morning,Motorcycle,4.6,36.0
ORD_002667,3.17,35,2,Clear,Medium,Late Night,Motorcycle,1.2,43.2
ORD_002668,6.1,15,3,Windy,Low,Afternoon,Motorcycle,4.3,31.8
ORD_002669,4.44,10,4,Clear,High,Evening Peak,Scooter,3.0,28.4
ORD_002670,7.26,25,2,Foggy,High,Afternoon,Motorcycle,3.5,53.0
ORD_002671,4.36,10,3,Clear,High,Morning,Motorcycle,2.4,24.2
ORD_002672,3.09,10,8,Clear,High,Afternoon,Electric Bike,1.9,30.9
ORD_002673,5.09,15,3,Clear,Jam,Afternoon,Scooter,0.9,41.4
ORD_002674,4.95,20,2,Clear,Medium,Evening Peak,Motorcycle,5.3,32.5
ORD_002675,5.88,20,4,Rainy,Medium,Morning,Motorcycle,3.9,45.5
ORD_002676,8.46,25,1,Clear,High,Morning,Motorcycle,5.9,50.5
ORD_002677,2.72,20,2,Clear,Jam,Evening Peak,Scooter,5.2,33.8
ORD_002678,8.23,15,4,Windy,Medium,Morning,Motorcycle,5.3,40.3
ORD_002679,2.5,15,3,Windy,Medium,Morning,Motorcycle,3.8,20.8
ORD_002680,7.1,25,6,Rainy,Jam,Late Night,Electric Bike,0.9,81.7
ORD_002681,7.23,20,2,Clear,High,Morning,Motorcycle,5.5,40.6
ORD_002682,3.9,30,2,Clear,Low,Evening Peak,Motorcycle,1.1,39.9
ORD_002683,3.26,30,2,Clear,Medium,Morning,Scooter,3.3,41.0
ORD_002684,3.17,15,3,Clear,Low,Evening Peak,Scooter,5.2,23.0
ORD_002685,5.36,20,2,Foggy,Medium,Evening Peak,Scooter,3.1,39.6
ORD_002686,7.48,20,2,Rainy,Low,Evening Peak,Electric Bike,1.4,49.6
ORD_002687,4.73,15,3,Rainy,Low,Evening Peak,Electric Bike,2.6,39.9
ORD_002688,1.36,10,6,Clear,Medium,Evening Peak,Motorcycle,5.9,18.2
ORD_002689,3.75,25,1,Windy,Low,Evening Peak,Motorcycle,6.0,33.1
ORD_002690,3.68,20,4,Windy,High,Morning,Motorcycle,4.4,29.8
ORD_002691,6.7,20,5,Windy,High,Morning,Motorcycle,5.4,41.7
ORD_002692,6.89,20,3,Rainy,Medium,Afternoon,Scooter,0.7,48.6
ORD_002693,5.59,25,2,Clear,Low,Evening Peak,Motorcycle,2.0,39.2
ORD_002694,8.24,10,1,Clear,Jam,Morning,Scooter,2.5,50.9
ORD_002695,8.57,20,1,Windy,Medium,Afternoon,Scooter,0.6,51.7
ORD_002696,3.88,15,3,Foggy,Medium,Evening Peak,Motorcycle,2.6,31.1
ORD_002697,3.13,25,3,Foggy,Low,Afternoon,Motorcycle,1.0,38.8
ORD_002698,4.91,20,2,Clear,Low,Evening Peak,Scooter,3.3,27.3
ORD_002699,5.58,30,2,Clear,High,Evening Peak,Motorcycle,0.5,49.7
ORD_002700,3.77,15,2,Rainy,Medium,Afternoon,Scooter,2.0,34.7
ORD_002701,21.97,30,4,Clear,Jam,Afternoon,Motorcycle,5.3,95.0
ORD_002702,10.5,25,3,Clear,Jam,Evening Peak,Scooter,1.7,77.6
ORD_002703,3.58,20,3,Clear,Low,Late Night,Motorcycle,0.9,30.0
ORD_002704,2.78,15,4,Heavy Storm,Jam,Afternoon,Motorcycle,1.9,42.1
ORD_002705,3.42,15,1,Clear,Jam,Evening Peak,Motorcycle,5.1,27.4
ORD_002706,8.65,25,2,Windy,High,Late Night,Scooter,3.7,57.6
ORD_002707,8.77,20,4,Foggy,Medium,Morning,Motorcycle,3.7,50.2
ORD_002708,10.57,15,6,Windy,Low,Evening Peak,Electric Bike,0.5,55.4
ORD_002709,3.08,20,4,Clear,Low,Afternoon,Motorcycle,3.1,29.9
ORD_002710,6.69,20,4,Clear,Low,Morning,Motorcycle,2.0,30.1
ORD_002711,3.24,10,1,Rainy,High,Afternoon,Motorcycle,2.3,26.6
ORD_002712,11.81,10,3,Windy,Jam,Evening Peak,Scooter,3.8,72.8
ORD_002713,3.14,10,1,Clear,High,Evening Peak,Motorcycle,5.3,17.5
ORD_002714,2.44,15,3,Clear,High,Morning,Motorcycle,1.5,25.3
ORD_002715,2.69,15,1,Clear,Medium,Morning,Motorcycle,4.7,19.9
ORD_002716,5.1,25,2,Clear,Medium,Evening Peak,Scooter,0.8,39.7
ORD_002717,7.42,15,3,Windy,High,Morning,Motorcycle,2.3,44.0
ORD_002718,7.16,10,1,Clear,Medium,Evening Peak,Scooter,1.7,29.1
ORD_002719,2.76,15,3,Rainy,High,Evening Peak,Electric Bike,5.5,32.7
ORD_002720,4.12,35,1,Clear,Low,Late Night,Motorcycle,1.5,44.0
ORD_002721,3.83,15,4,Clear,Medium,Morning,Electric Bike,3.7,27.3
ORD_002722,2.55,30,3,Clear,Medium,Afternoon,Motorcycle,1.4,38.3
ORD_002723,3.78,10,1,Clear,Medium,Afternoon,Motorcycle,3.1,18.9
ORD_002724,10.32,15,2,Foggy,High,Afternoon,Motorcycle,2.8,52.0
ORD_002725,2.36,20,2,Clear,Medium,Evening Peak,Scooter,0.7,27.8
ORD_002726,5.79,20,3,Windy,Low,Morning,Motorcycle,5.0,32.8
ORD_002727,10.45,25,3,Clear,Jam,Morning,Motorcycle,4.8,69.3
ORD_002728,10.16,25,4,Clear,High,Morning,Motorcycle,2.0,59.3
ORD_002729,12.11,15,2,Clear,High,Afternoon,Motorcycle,3.9,54.3
ORD_002730,6.1,20,1,Clear,High,Morning,Motorcycle,2.5,42.2
ORD_002731,6.59,20,2,Foggy,Low,Late Night,Scooter,4.7,36.6
ORD_002732,3.82,25,1,Clear,Jam,Evening Peak,Scooter,4.3,40.9
ORD_002733,2.34,15,4,Foggy,Jam,Morning,Motorcycle,1.0,31.1
ORD_002734,4.73,10,1,Clear,Low,Afternoon,Motorcycle,5.1,21.0
ORD_002735,9.23,20,2,Clear,Low,Evening Peak,Motorcycle,1.5,38.5
ORD_002736,1.35,30,1,Rainy,Jam,Morning,Motorcycle,1.5,39.7
ORD_002737,3.92,10,2,Rainy,Medium,Afternoon,Scooter,4.5,28.4
ORD_002738,6.94,15,1,Clear,High,Morning,Motorcycle,1.5,38.2
ORD_002739,5.14,15,3,Clear,Low,Afternoon,Scooter,1.2,28.7
ORD_002740,9.86,25,2,Foggy,High,Late Night,Motorcycle,2.3,61.8
ORD_002741,8.72,15,2,Heavy Storm,High,Evening Peak,Motorcycle,5.1,53.5
ORD_002742,2.18,15,6,Rainy,Jam,Evening Peak,Motorcycle,1.5,35.7
ORD_002743,5.38,20,2,Clear,High,Afternoon,Motorcycle,2.4,40.5
ORD_002744,3.32,10,2,Windy,Low,Afternoon,Motorcycle,2.1,21.3
ORD_002745,3.3,15,3,Windy,Medium,Evening Peak,Scooter,2.5,29.2
ORD_002746,2.27,15,2,Windy,Medium,Evening Peak,Motorcycle,4.4,26.2
ORD_002747,5.88,15,4,Windy,Medium,Evening Peak,Scooter,2.7,34.7
ORD_002748,9.97,15,2,Clear,Medium,Morning,Scooter,4.7,42.8
ORD_002749,6.17,10,1,Windy,Medium,Evening Peak,Motorcycle,4.0,24.8
ORD_002750,2.2,15,2,Foggy,High,Evening Peak,Motorcycle,2.5,30.1
ORD_002751,4.98,25,2,Windy,Medium,Morning,Scooter,2.9,41.8
ORD_002752,6.79,15,3,Clear,High,Morning,Motorcycle,4.4,38.3
ORD_002753,4.78,20,3,Clear,Medium,Evening Peak,Motorcycle,3.4,32.8
ORD_002754,6.11,15,3,Clear,Medium,Afternoon,Motorcycle,5.3,28.4
ORD_002755,3.48,10,4,Clear,High,Evening Peak,Scooter,5.6,21.1
ORD_002756,4.48,25,2,Clear,High,Evening Peak,Scooter,4.4,39.3
ORD_002757,4.32,15,2,Foggy,Medium,Evening Peak,Motorcycle,5.9,25.8
ORD_002758,10.97,15,2,Windy,Medium,Evening Peak,Motorcycle,3.8,41.2
ORD_002759,2.79,25,6,Windy,Medium,Afternoon,Electric Bike,0.7,41.9
ORD_002760,1.44,20,6,Rainy,High,Evening Peak,Motorcycle,3.3,34.9
ORD_002761,10.59,25,2,Clear,Low,Evening Peak,Motorcycle,1.8,49.6
ORD_002762,5.48,20,1,Clear,Low,Afternoon,Scooter,2.3,34.4
ORD_002763,2.48,10,4,Clear,Medium,Evening Peak,Motorcycle,3.2,15.8
ORD_002764,8.3,30,1,Clear,Medium,Afternoon,Motorcycle,2.1,55.6
ORD_002765,7.02,30,2,Clear,Medium,Morning,Electric Bike,2.2,58.0
ORD_002766,11.95,15,2,Foggy,Medium,Late Night,Scooter,2.7,55.1
ORD_002767,5.73,25,1,Clear,Low,Evening Peak,Motorcycle,2.1,37.8
ORD_002768,16.68,15,2,Clear,Low,Evening Peak,Scooter,1.4,52.5
ORD_002769,4.8,20,3,Clear,High,Evening Peak,Motorcycle,4.7,34.6
ORD_002770,7.03,15,3,Clear,Medium,Morning,Electric Bike,2.7,43.9
ORD_002771,7.58,20,3,Foggy,Low,Evening Peak,Scooter,5.1,39.2
ORD_002772,22.0,10,3,Clear,Jam,Evening Peak,Motorcycle,5.4,95.0
ORD_002773,4.0,20,2,Windy,Low,Afternoon,Motorcycle,4.6,27.3
ORD_002774,3.93,15,1,Clear,Medium,Evening Peak,Electric Bike,2.7,32.3
ORD_002775,7.67,15,3,Clear,Jam,Evening Peak,Electric Bike,4.5,66.8
ORD_002776,2.36,20,3,Clear,Low,Morning,Motorcycle,1.4,24.8
ORD_002777,3.31,25,3,Clear,Jam,Late Night,Electric Bike,4.1,49.8
ORD_002778,4.73,15,5,Foggy,High,Evening Peak,Motorcycle,2.7,35.5
ORD_002779,11.75,25,2,Clear,Medium,Evening Peak,Scooter,4.1,59.1
ORD_002780,7.67,15,3,Rainy,Medium,Morning,Motorcycle,4.7,41.3
ORD_002781,5.36,25,2,Rainy,Medium,Evening Peak,Scooter,3.6,48.9
ORD_002782,3.79,20,3,Clear,High,Evening Peak,Scooter,4.0,29.4
ORD_002783,14.35,25,1,Clear,Low,Morning,Electric Bike,1.7,71.3
ORD_002784,4.97,20,2,Clear,High,Evening Peak,Scooter,3.8,37.2
ORD_002785,3.31,20,2,Clear,Jam,Evening Peak,Motorcycle,3.0,32.3
ORD_002786,15.89,15,4,Windy,Medium,Afternoon,Scooter,2.9,64.0
ORD_002787,2.42,30,2,Clear,Low,Late Night,Motorcycle,2.8,33.0
ORD_002788,10.14,25,2,Clear,Low,Evening Peak,Motorcycle,2.2,45.1
ORD_002789,5.18,15,2,Windy,Medium,Morning,Motorcycle,2.2,33.6
ORD_002790,7.66,15,2,Windy,Low,Evening Peak,Scooter,4.3,31.7
ORD_002791,6.92,25,3,Windy,Low,Morning,Scooter,3.6,41.9
ORD_002792,7.6,35,4,Rainy,High,Morning,Scooter,0.7,73.7
ORD_002793,16.69,15,1,Windy,Medium,Afternoon,Motorcycle,0.8,65.3
ORD_002794,15.27,30,1,Rainy,Jam,Morning,Electric Bike,3.6,95.0
ORD_002795,3.41,10,2,Foggy,Medium,Evening Peak,Motorcycle,5.2,22.3
ORD_002796,6.77,30,4,Clear,Low,Evening Peak,Motorcycle,0.7,49.7
ORD_002797,1.82,20,1,Clear,Low,Morning,Motorcycle,3.3,24.6
ORD_002798,8.06,15,3,Clear,High,Afternoon,Scooter,5.2,44.9
ORD_002799,9.11,15,4,Clear,Medium,Morning,Scooter,0.5,49.0
ORD_002800,1.45,20,1,Clear,High,Evening Peak,Motorcycle,2.0,25.0
ORD_002801,5.07,20,2,Clear,Medium,Evening Peak,Scooter,5.6,35.2
ORD_002802,7.65,30,1,Foggy,Jam,Morning,Motorcycle,0.9,66.3
ORD_002803,6.25,25,1,Clear,Low,Afternoon,Motorcycle,3.8,32.2
ORD_002804,2.45,20,2,Clear,Low,Morning,Motorcycle,3.3,24.9
ORD_002805,2.6,30,3,Clear,High,Evening Peak,Scooter,1.3,44.4
ORD_002806,4.74,20,5,Clear,High,Evening Peak,Motorcycle,0.7,39.5
ORD_002807,4.0,25,2,Windy,Medium,Evening Peak,Motorcycle,3.3,37.4
ORD_002808,4.22,25,2,Rainy,Low,Evening Peak,Electric Bike,4.5,41.7
ORD_002809,2.26,30,3,Clear,Low,Evening Peak,Motorcycle,1.5,35.0
ORD_002810,5.23,10,5,Clear,Low,Evening Peak,Electric Bike,4.3,27.6
ORD_002811,11.8,20,1,Clear,Medium,Evening Peak,Motorcycle,3.5,52.0
ORD_002812,2.51,15,1,Clear,High,Afternoon,Scooter,2.5,29.5
ORD_002813,4.52,15,4,Clear,High,Late Night,Motorcycle,4.2,28.8
ORD_002814,7.19,15,1,Foggy,High,Afternoon,Motorcycle,1.6,42.2
ORD_002815,1.98,25,2,Clear,Low,Late Night,Scooter,3.0,29.0
ORD_002816,5.26,15,3,Clear,Medium,Evening Peak,Electric Bike,3.5,37.9
ORD_002817,8.96,15,2,Windy,Medium,Late Night,Electric Bike,3.0,49.4
ORD_002818,2.82,15,3,Clear,Medium,Morning,Scooter,2.7,19.0
ORD_002819,5.55,15,3,Heavy Storm,High,Afternoon,Scooter,4.6,50.8
ORD_002820,8.6,20,2,Rainy,High,Evening Peak,Motorcycle,4.1,50.4
ORD_002821,16.21,10,2,Foggy,Medium,Late Night,Motorcycle,4.0,58.5
ORD_002822,5.39,15,2,Clear,Medium,Evening Peak,Motorcycle,5.4,20.5
ORD_002823,3.35,20,8,Clear,Jam,Evening Peak,Motorcycle,6.0,39.1
ORD_002824,1.68,10,4,Clear,High,Evening Peak,Electric Bike,3.6,18.6
ORD_002825,3.37,10,2,Clear,Medium,Morning,Motorcycle,2.4,20.9
ORD_002826,2.19,25,1,Clear,Medium,Late Night,Motorcycle,4.8,25.9
ORD_002827,12.34,25,2,Clear,Low,Afternoon,Electric Bike,1.3,64.8
ORD_002828,8.31,15,4,Windy,High,Morning,Motorcycle,3.3,45.8
ORD_002829,2.6,15,3,Clear,Medium,Evening Peak,Scooter,3.4,22.8
ORD_002830,3.25,30,3,Windy,Medium,Evening Peak,Scooter,5.9,36.9
ORD_002831,5.34,10,3,Clear,Medium,Evening Peak,Motorcycle,6.0,24.8
ORD_002832,8.92,20,4,Rainy,High,Afternoon,Electric Bike,4.9,68.7
ORD_002833,6.78,20,8,Foggy,Medium,Morning,Motorcycle,3.1,44.4
ORD_002834,6.42,25,3,Clear,High,Evening Peak,Motorcycle,3.5,47.6
ORD_002835,5.75,30,3,Windy,Medium,Morning,Scooter,2.3,47.3
ORD_002836,2.68,15,1,Windy,High,Evening Peak,Motorcycle,5.1,26.9
ORD_002837,5.38,15,5,Rainy,Low,Late Night,Motorcycle,4.6,32.9
ORD_002838,5.02,20,1,Windy,Medium,Late Night,Electric Bike,4.7,39.5
ORD_002839,2.17,30,3,Clear,Low,Afternoon,Motorcycle,1.3,35.4
ORD_002840,12.16,25,3,Clear,High,Morning,Scooter,2.7,68.4
ORD_002841,3.62,20,2,Windy,Medium,Morning,Scooter,3.5,31.9
ORD_002842,2.21,25,1,Rainy,Medium,Evening Peak,Motorcycle,1.2,38.9
ORD_002843,3.97,10,2,Rainy,Low,Evening Peak,Motorcycle,2.5,25.3
ORD_002844,4.42,15,2,Clear,Low,Morning,Scooter,1.0,26.0
ORD_002845,4.93,10,3,Rainy,Medium,Morning,Motorcycle,5.8,31.9
ORD_002846,4.38,15,1,Clear,Medium,Evening Peak,Motorcycle,4.6,23.5
ORD_002847,5.09,20,1,Clear,Jam,Morning,Motorcycle,3.9,44.8
ORD_002848,5.59,25,3,Clear,Medium,Late Night,Scooter,1.6,43.3
ORD_002849,5.43,20,1,Windy,Low,Evening Peak,Motorcycle,2.3,33.2
ORD_002850,6.4,20,2,Windy,Low,Afternoon,Scooter,1.3,38.2
ORD_002851,6.61,10,4,Clear,Low,Morning,Motorcycle,3.4,24.6
ORD_002852,6.7,20,1,Foggy,Medium,Morning,Scooter,5.0,40.7
ORD_002853,7.65,15,1,Clear,Low,Evening Peak,Motorcycle,0.6,34.2
ORD_002854,3.4,20,5,Windy,Medium,Evening Peak,Scooter,1.1,31.8
ORD_002855,3.47,15,2,Clear,High,Morning,Electric Bike,1.8,27.5
ORD_002856,8.95,20,2,Clear,Low,Late Night,Scooter,4.4,42.5
ORD_002857,4.04,15,3,Clear,High,Afternoon,Motorcycle,5.4,23.3
ORD_002858,4.78,20,2,Windy,Medium,Evening Peak,Electric Bike,4.6,44.5
ORD_002859,4.54,10,3,Foggy,Jam,Evening Peak,Scooter,3.4,38.1
ORD_002860,15.88,15,2,Clear,High,Late Night,Electric Bike,1.1,93.1
ORD_002861,3.08,15,1,Clear,Low,Late Night,Motorcycle,4.7,21.3
ORD_002862,3.04,20,3,Clear,Jam,Evening Peak,Motorcycle,1.1,33.1
ORD_002863,5.1,20,2,Windy,Low,Morning,Scooter,2.4,32.9
ORD_002864,4.61,30,2,Clear,Medium,Evening Peak,Motorcycle,2.2,36.8
ORD_002865,2.59,20,2,Clear,Jam,Evening Peak,Motorcycle,2.5,33.9
ORD_002866,4.87,15,5,Foggy,Low,Evening Peak,Scooter,2.3,34.0
ORD_002867,5.18,25,3,Clear,Medium,Late Night,Motorcycle,4.7,41.9
ORD_002868,3.81,15,1,Windy,Jam,Evening Peak,Scooter,1.4,33.9
ORD_002869,4.7,15,2,Clear,High,Afternoon,Electric Bike,5.2,36.5
ORD_002870,3.25,20,3,Windy,High,Afternoon,Scooter,5.2,36.5
ORD_002871,2.59,10,2,Rainy,Medium,Afternoon,Motorcycle,3.2,21.8
ORD_002872,4.02,15,5,Clear,Medium,Afternoon,Motorcycle,1.1,30.8
ORD_002873,2.81,25,3,Foggy,Jam,Evening Peak,Scooter,3.7,43.5
ORD_002874,2.32,25,1,Clear,Medium,Late Night,Scooter,5.0,28.7
ORD_002875,1.65,25,2,Rainy,High,Afternoon,Scooter,2.1,38.4
ORD_002876,5.81,15,4,Clear,High,Late Night,Electric Bike,5.1,43.9
ORD_002877,3.95,25,2,Foggy,Medium,Late Night,Motorcycle,4.2,38.4
ORD_002878,8.97,20,2,Clear,High,Afternoon,Scooter,5.9,49.4
ORD_002879,4.14,25,4,Clear,Low,Late Night,Motorcycle,5.0,31.2
ORD_002880,5.79,20,1,Windy,Medium,Morning,Motorcycle,1.6,37.1
ORD_002881,3.52,20,1,Windy,Medium,Evening Peak,Motorcycle,3.0,30.5
ORD_002882,5.01,10,2,Windy,Low,Evening Peak,Scooter,1.1,25.1
ORD_002883,1.65,20,3,Clear,Jam,Afternoon,Electric Bike,0.9,28.7
ORD_002884,3.99,20,2,Windy,High,Morning,Scooter,4.4,34.2
ORD_002885,3.09,15,2,Clear,Low,Morning,Electric Bike,5.5,20.9
ORD_002886,8.47,20,2,Windy,Medium,Late Night,Scooter,5.9,48.3
ORD_002887,5.59,20,4,Clear,High,Evening Peak,Electric Bike,2.0,43.2
ORD_002888,7.82,20,3,Clear,Medium,Morning,Electric Bike,1.6,49.5
ORD_002889,9.52,15,2,Rainy,High,Late Night,Scooter,3.6,57.2
ORD_002890,3.81,10,4,Rainy,Low,Late Night,Motorcycle,1.6,24.7
ORD_002891,5.46,15,1,Clear,High,Afternoon,Motorcycle,2.1,33.0
ORD_002892,2.67,25,2,Clear,Medium,Evening Peak,Motorcycle,5.1,28.3
ORD_002893,6.28,15,3,Clear,Medium,Afternoon,Scooter,5.0,34.3
ORD_002894,6.79,10,2,Clear,Low,Evening Peak,Motorcycle,5.4,24.0
ORD_002895,6.05,35,2,Clear,Jam,Late Night,Motorcycle,3.2,60.7
ORD_002896,3.81,15,5,Foggy,Medium,Morning,Motorcycle,3.6,32.5
ORD_002897,12.8,20,3,Rainy,Low,Evening Peak,Motorcycle,4.7,52.6
ORD_002898,5.17,30,2,Clear,Low,Evening Peak,Motorcycle,1.8,39.7
ORD_002899,2.68,20,5,Rainy,Medium,Evening Peak,Scooter,5.0,38.0
ORD_002900,7.15,25,5,Rainy,Low,Morning,Scooter,0.6,55.0
ORD_002901,8.61,35,2,Clear,Medium,Afternoon,Motorcycle,4.9,57.1
ORD_002902,2.71,25,2,Clear,Jam,Evening Peak,Motorcycle,4.8,36.5
ORD_002903,4.42,20,2,Clear,Medium,Evening Peak,Motorcycle,2.2,34.3
ORD_002904,2.18,15,2,Clear,Low,Evening Peak,Motorcycle,4.5,18.8
ORD_002905,9.73,15,1,Clear,Medium,Afternoon,Electric Bike,1.7,51.0
ORD_002906,4.84,25,3,Windy,Low,Afternoon,Scooter,3.7,39.0
ORD_002907,3.1,25,2,Foggy,High,Late Night,Motorcycle,4.4,36.7
ORD_002908,8.67,25,2,Rainy,Low,Morning,Scooter,4.4,51.5
ORD_002909,5.09,20,2,Foggy,Low,Afternoon,Scooter,5.9,32.5
ORD_002910,8.02,15,3,Rainy,Jam,Morning,Electric Bike,1.5,74.0
ORD_002911,6.5,15,4,Clear,Medium,Afternoon,Scooter,3.1,33.1
ORD_002912,2.87,10,6,Clear,Medium,Evening Peak,Motorcycle,5.3,20.8
ORD_002913,3.73,25,2,Clear,Jam,Morning,Scooter,3.6,42.2
ORD_002914,3.14,15,4,Clear,Medium,Afternoon,Scooter,5.3,24.2
ORD_002915,2.58,15,2,Windy,Medium,Evening Peak,Scooter,2.9,23.3
ORD_002916,1.89,25,5,Clear,High,Evening Peak,Motorcycle,4.9,33.5
ORD_002917,14.23,10,3,Clear,Medium,Evening Peak,Scooter,5.3,51.9
ORD_002918,5.99,30,3,Rainy,Medium,Late Night,Scooter,5.2,54.8
ORD_002919,6.48,10,2,Heavy Storm,High,Afternoon,Electric Bike,5.3,51.1
ORD_002920,9.21,30,2,Clear,Jam,Late Night,Motorcycle,1.7,72.1
ORD_002921,3.71,15,4,Clear,Medium,Afternoon,Scooter,2.9,30.4
ORD_002922,2.27,10,3,Clear,Medium,Morning,Scooter,1.5,16.5
ORD_002923,7.63,20,1,Clear,Low,Evening Peak,Motorcycle,1.5,33.6
ORD_002924,2.47,25,2,Foggy,Medium,Evening Peak,Electric Bike,3.2,36.0
ORD_002925,7.53,15,1,Windy,Medium,Afternoon,Scooter,5.8,43.7
ORD_002926,2.09,20,1,Clear,Medium,Afternoon,Motorcycle,3.8,21.7
ORD_002927,2.38,35,8,Clear,High,Evening Peak,Motorcycle,5.2,47.3
ORD_002928,3.51,15,2,Clear,Medium,Evening Peak,Motorcycle,5.7,23.6
ORD_002929,7.38,25,4,Heavy Storm,Low,Evening Peak,Motorcycle,1.0,56.4
ORD_002930,11.86,15,2,Clear,Medium,Evening Peak,Scooter,1.4,49.4
ORD_002931,6.48,15,3,Rainy,Low,Afternoon,Motorcycle,2.1,39.6
ORD_002932,3.58,15,8,Clear,Low,Afternoon,Scooter,3.9,24.8
ORD_002933,8.4,15,3,Clear,Low,Morning,Scooter,0.8,35.9
ORD_002934,2.05,10,1,Clear,Jam,Afternoon,Scooter,4.8,19.3
ORD_002935,2.95,15,3,Rainy,High,Late Night,Electric Bike,0.9,33.5
ORD_002936,5.37,15,5,Clear,Jam,Evening Peak,Scooter,1.4,45.4
ORD_002937,7.77,20,2,Rainy,Medium,Morning,Motorcycle,2.6,47.9
ORD_002938,4.55,20,2,Clear,Low,Evening Peak,Motorcycle,3.6,25.6
ORD_002939,4.28,20,2,Clear,Low,Evening Peak,Motorcycle,5.3,29.2
ORD_002940,4.42,15,1,Clear,Low,Evening Peak,Scooter,5.8,21.7
ORD_002941,9.16,30,2,Windy,High,Evening Peak,Motorcycle,5.4,63.5
ORD_002942,3.26,15,3,Rainy,Low,Morning,Motorcycle,1.1,31.0
ORD_002943,2.84,15,2,Clear,Low,Afternoon,Motorcycle,4.0,18.0
ORD_002944,4.38,20,4,Clear,High,Afternoon,Motorcycle,2.9,34.6
ORD_002945,9.87,20,2,Windy,Low,Morning,Scooter,1.2,46.5
ORD_002946,3.47,10,5,Clear,Medium,Morning,Motorcycle,3.6,19.8
ORD_002947,4.41,15,1,Windy,Medium,Afternoon,Scooter,2.5,28.7
ORD_002948,2.03,25,1,Clear,High,Late Night,Scooter,2.4,32.0
ORD_002949,4.52,20,3,Foggy,High,Late Night,Scooter,1.0,42.3
ORD_002950,5.82,15,3,Foggy,Medium,Evening Peak,Motorcycle,5.9,31.4
ORD_002951,2.48,30,3,Clear,High,Afternoon,Electric Bike,4.5,43.3
ORD_002952,9.17,10,2,Clear,High,Late Night,Motorcycle,2.0,40.8
ORD_002953,5.78,20,1,Clear,High,Late Night,Motorcycle,5.5,38.0
ORD_002954,3.78,15,2,Clear,Jam,Afternoon,Scooter,5.7,33.1
ORD_002955,5.81,10,4,Clear,Low,Evening Peak,Motorcycle,5.0,23.2
ORD_002956,6.69,15,5,Clear,Low,Afternoon,Scooter,4.1,31.5
ORD_002957,1.76,20,6,Rainy,Medium,Late Night,Scooter,2.6,35.6
ORD_002958,5.93,10,2,Rainy,Medium,Afternoon,Scooter,2.9,32.4
ORD_002959,9.68,20,3,Clear,High,Morning,Motorcycle,3.0,52.7
ORD_002960,3.24,30,2,Windy,Low,Evening Peak,Motorcycle,5.7,34.9
ORD_002961,3.83,25,4,Windy,Medium,Morning,Motorcycle,4.7,36.3
ORD_002962,4.19,15,3,Clear,Medium,Afternoon,Electric Bike,2.1,32.4
ORD_002963,7.82,10,4,Clear,Medium,Evening Peak,Scooter,3.9,36.4
ORD_002964,2.71,15,3,Clear,Low,Evening Peak,Motorcycle,3.8,21.5
ORD_002965,6.52,15,2,Foggy,Low,Evening Peak,Motorcycle,5.0,30.6
ORD_002966,4.23,35,1,Clear,Low,Evening Peak,Motorcycle,1.0,42.8
ORD_002967,12.17,35,8,Windy,Medium,Evening Peak,Electric Bike,4.4,86.1
ORD_002968,4.37,15,2,Rainy,Medium,Morning,Scooter,2.3,33.4
ORD_002969,1.35,10,2,Windy,Low,Late Night,Scooter,1.2,15.1
ORD_002970,7.2,30,4,Heavy Storm,High,Evening Peak,Motorcycle,4.5,68.6
ORD_002971,6.34,25,1,Windy,High,Evening Peak,Scooter,2.3,48.6
ORD_002972,5.65,20,2,Clear,Low,Late Night,Motorcycle,4.5,28.9
ORD_002973,9.53,15,2,Rainy,High,Late Night,Scooter,1.4,55.0
ORD_002974,1.89,15,1,Clear,Low,Late Night,Electric Bike,5.9,20.7
ORD_002975,2.98,30,3,Heavy Storm,High,Afternoon,Motorcycle,4.9,54.8
ORD_002976,5.0,15,4,Clear,Jam,Late Night,Electric Bike,2.1,45.9
ORD_002977,5.48,25,5,Heavy Storm,Low,Late Night,Motorcycle,4.6,51.2
ORD_002978,4.6,10,3,Clear,High,Evening Peak,Scooter,1.2,30.8
ORD_002979,2.05,30,1,Clear,Low,Evening Peak,Motorcycle,4.1,33.5
ORD_002980,3.85,20,2,Clear,Jam,Late Night,Motorcycle,0.8,39.4
ORD_002981,11.7,15,2,Clear,Medium,Afternoon,Scooter,2.3,51.9
ORD_002982,2.64,10,6,Foggy,Medium,Morning,Motorcycle,5.9,20.6
ORD_002983,4.94,20,2,Clear,High,Afternoon,Motorcycle,1.2,37.9
ORD_002984,6.53,15,2,Windy,Low,Late Night,Scooter,3.8,32.3
ORD_002985,7.7,20,5,Windy,Medium,Morning,Scooter,0.9,45.8
ORD_002986,7.18,15,2,Windy,Low,Afternoon,Electric Bike,4.2,38.4
ORD_002987,3.69,10,6,Rainy,Medium,Evening Peak,Motorcycle,2.0,28.8
ORD_002988,2.97,20,2,Clear,High,Evening Peak,Motorcycle,2.2,29.7
ORD_002989,12.22,20,3,Clear,High,Evening Peak,Motorcycle,2.4,61.7
ORD_002990,8.12,15,4,Clear,Medium,Afternoon,Motorcycle,1.6,40.8
ORD_002991,5.2,15,4,Clear,High,Afternoon,Scooter,5.7,33.8
ORD_002992,10.45,20,2,Clear,Low,Evening Peak,Electric Bike,5.5,50.3
ORD_002993,2.03,20,8,Heavy Storm,High,Evening Peak,Motorcycle,5.3,43.9
ORD_002994,2.28,10,3,Clear,Low,Afternoon,Scooter,1.1,14.3
ORD_002995,1.36,15,1,Clear,Low,Afternoon,Motorcycle,1.8,15.3
ORD_002996,5.44,10,3,Foggy,Medium,Evening Peak,Scooter,3.9,30.4
ORD_002997,5.59,20,4,Rainy,Medium,Evening Peak,Electric Bike,5.8,51.2
ORD_002998,2.17,20,1,Heavy Storm,Medium,Evening Peak,Motorcycle,3.8,39.1
ORD_002999,7.95,15,1,Rainy,High,Evening Peak,Electric Bike,2.3,59.6
ORD_003000,1.61,25,1,Clear,Medium,Evening Peak,Electric Bike,5.0,31.0
ORD_003001,6.12,15,2,Clear,Medium,Afternoon,Scooter,1.2,33.0
ORD_003002,6.9,20,3,Windy,Medium,Morning,Scooter,5.3,46.9
ORD_003003,5.41,10,2,Clear,High,Late Night,Motorcycle,5.9,28.7
ORD_003004,2.01,20,1,Clear,Medium,Evening Peak,Scooter,5.8,24.1
ORD_003005,9.48,20,2,Rainy,High,Morning,Scooter,1.3,62.0
ORD_003006,3.76,25,3,Clear,Low,Afternoon,Motorcycle,3.5,30.6
ORD_003007,3.77,25,1,Clear,Medium,Evening Peak,Motorcycle,3.7,34.6
ORD_003008,3.36,25,3,Windy,Medium,Afternoon,Motorcycle,1.6,40.7
ORD_003009,7.32,25,3,Clear,Medium,Morning,Scooter,3.5,49.9
ORD_003010,3.66,15,3,Clear,Medium,Evening Peak,Motorcycle,4.1,28.7
ORD_003011,2.51,15,2,Rainy,Medium,Afternoon,Motorcycle,2.3,23.2
ORD_003012,8.47,30,5,Foggy,Medium,Evening Peak,Scooter,2.2,62.9
ORD_003013,4.87,30,8,Clear,Medium,Late Night,Scooter,0.8,50.4
ORD_003014,8.64,20,4,Clear,Jam,Evening Peak,Motorcycle,5.8,59.2
ORD_003015,5.07,15,1,Windy,Medium,Evening Peak,Scooter,4.9,31.6
ORD_003016,3.24,25,2,Windy,Medium,Late Night,Motorcycle,4.7,35.0
ORD_003017,1.73,15,2,Foggy,Low,Afternoon,Motorcycle,0.6,25.9
ORD_003018,5.46,15,1,Foggy,Medium,Late Night,Scooter,3.9,34.8
ORD_003019,4.19,20,4,Foggy,Low,Evening Peak,Motorcycle,1.5,35.6
ORD_003020,7.49,10,1,Rainy,High,Morning,Motorcycle,4.1,40.5
ORD_003021,3.57,15,2,Foggy,High,Afternoon,Motorcycle,3.9,30.4
ORD_003022,6.22,25,2,Clear,Medium,Evening Peak,Scooter,5.2,39.0
ORD_003023,4.96,15,3,Rainy,Jam,Late Night,Motorcycle,1.9,45.7
ORD_003024,3.08,30,2,Clear,Medium,Morning,Scooter,0.7,41.3
ORD_003025,3.73,30,2,Rainy,High,Evening Peak,Motorcycle,5.5,48.9
ORD_003026,2.25,25,2,Rainy,Medium,Afternoon,Electric Bike,5.5,37.5
ORD_003027,12.7,35,2,Clear,Medium,Afternoon,Motorcycle,3.0,69.3
ORD_003028,6.15,20,1,Foggy,High,Morning,Scooter,0.9,47.8
ORD_003029,2.17,20,3,Clear,Medium,Late Night,Electric Bike,3.2,29.2
ORD_003030,12.34,25,4,Heavy Storm,Medium,Afternoon,Motorcycle,3.4,71.7
ORD_003031,2.62,15,5,Clear,High,Afternoon,Motorcycle,5.0,18.8
ORD_003032,3.53,15,3,Clear,High,Afternoon,Scooter,4.4,28.1
ORD_003033,4.37,20,4,Clear,Jam,Evening Peak,Motorcycle,0.9,41.3
ORD_003034,5.03,20,2,Clear,Low,Afternoon,Scooter,4.4,29.6
ORD_003035,7.38,25,2,Windy,Low,Morning,Motorcycle,1.2,43.8
ORD_003036,1.54,20,2,Clear,Jam,Afternoon,Motorcycle,1.0,25.8
ORD_003037,5.07,20,8,Clear,Medium,Afternoon,Scooter,2.7,42.6
ORD_003038,4.24,20,2,Clear,Low,Morning,Motorcycle,0.9,26.6
ORD_003039,5.51,15,2,Rainy,Low,Morning,Scooter,5.1,33.0
ORD_003040,4.12,10,3,Clear,High,Late Night,Motorcycle,3.0,23.4
ORD_003041,3.82,25,2,Clear,Medium,Late Night,Electric Bike,3.7,35.8
ORD_003042,4.65,10,1,Clear,Low,Evening Peak,Motorcycle,3.7,15.4
ORD_003043,11.96,35,3,Windy,Low,Afternoon,Scooter,5.9,65.2
ORD_003044,3.86,25,2,Rainy,Medium,Afternoon,Motorcycle,5.5,45.4
ORD_003045,9.24,20,3,Windy,Low,Afternoon,Scooter,5.2,40.5
ORD_003046,5.38,30,3,Clear,Low,Afternoon,Electric Bike,2.6,40.4
ORD_003047,5.24,20,3,Windy,Medium,Evening Peak,Electric Bike,1.3,39.6
ORD_003048,5.54,10,3,Clear,Medium,Afternoon,Motorcycle,3.8,23.3
ORD_003049,6.52,20,4,Clear,Low,Late Night,Electric Bike,2.9,39.9
ORD_003050,4.03,15,2,Clear,Medium,Afternoon,Motorcycle,1.7,26.4
ORD_003051,8.89,15,6,Clear,Jam,Morning,Motorcycle,1.0,60.3
ORD_003052,6.53,15,1,Clear,Medium,Evening Peak,Motorcycle,2.9,29.6
ORD_003053,2.36,25,6,Foggy,Medium,Late Night,Motorcycle,4.1,34.4
ORD_003054,1.35,20,2,Rainy,Medium,Late Night,Motorcycle,3.9,33.1
ORD_003055,11.75,15,2,Clear,Low,Morning,Motorcycle,4.8,40.3
ORD_003056,5.64,15,2,Clear,Medium,Evening Peak,Electric Bike,3.1,33.3
ORD_003057,2.21,20,1,Clear,High,Evening Peak,Scooter,2.3,28.6
ORD_003058,3.86,15,1,Clear,Low,Evening Peak,Scooter,3.5,23.4
ORD_003059,8.11,15,4,Rainy,High,Afternoon,Motorcycle,5.9,50.2
ORD_003060,4.5,25,2,Heavy Storm,High,Afternoon,Motorcycle,0.7,55.6
ORD_003061,4.73,15,1,Clear,Jam,Afternoon,Motorcycle,3.4,37.1
ORD_003062,7.29,10,4,Clear,Medium,Afternoon,Scooter,2.3,31.6
ORD_003063,5.94,15,6,Windy,Low,Morning,Scooter,1.1,34.4
ORD_003064,6.79,20,2,Clear,High,Evening Peak,Motorcycle,2.9,40.1
ORD_003065,7.25,25,3,Windy,High,Evening Peak,Electric Bike,4.0,59.1
ORD_003066,3.29,30,1,Foggy,High,Late Night,Scooter,3.4,44.7
ORD_003067,3.46,20,5,Rainy,Jam,Evening Peak,Scooter,0.7,48.5
ORD_003068,3.07,15,2,Foggy,Medium,Evening Peak,Scooter,3.7,26.8
ORD_003069,3.57,15,2,Clear,Medium,Afternoon,Motorcycle,1.8,26.3
ORD_003070,4.63,10,6,Clear,Medium,Evening Peak,Scooter,2.4,27.1
ORD_003071,4.82,20,2,Heavy Storm,Medium,Late Night,Electric Bike,2.2,51.6
ORD_003072,10.27,20,1,Clear,Low,Afternoon,Scooter,5.2,44.8
ORD_003073,5.78,20,2,Clear,High,Evening Peak,Motorcycle,0.8,39.9
ORD_003074,4.68,15,1,Clear,Low,Evening Peak,Scooter,2.4,23.5
ORD_003075,2.71,15,2,Clear,Low,Evening Peak,Motorcycle,2.7,20.9
ORD_003076,4.17,15,3,Clear,Medium,Evening Peak,Motorcycle,3.9,24.0
ORD_003077,12.25,25,2,Clear,Jam,Afternoon,Motorcycle,4.8,74.9
ORD_003078,12.14,15,2,Rainy,Medium,Evening Peak,Motorcycle,4.5,57.7
ORD_003079,4.14,20,1,Clear,Low,Morning,Motorcycle,4.6,25.6
ORD_003080,1.84,10,3,Windy,High,Afternoon,Motorcycle,1.6,21.9
ORD_003081,3.84,20,6,Rainy,Medium,Late Night,Scooter,5.5,36.5
ORD_003082,10.34,10,2,Heavy Storm,Medium,Evening Peak,Motorcycle,2.8,54.8
ORD_003083,4.64,15,2,Windy,High,Evening Peak,Motorcycle,0.6,34.1
ORD_003084,7.3,10,1,Clear,Medium,Evening Peak,Electric Bike,4.2,35.5
ORD_003085,4.95,15,1,Clear,High,Morning,Scooter,3.8,32.2
ORD_003086,2.11,15,1,Foggy,Low,Evening Peak,Electric Bike,1.2,24.0
ORD_003087,5.05,25,1,Heavy Storm,Low,Morning,Scooter,5.8,47.7
ORD_003088,7.84,15,3,Clear,Medium,Late Night,Motorcycle,3.6,34.5
ORD_003089,3.54,10,3,Foggy,Medium,Afternoon,Motorcycle,3.1,26.0
ORD_003090,7.73,20,8,Clear,Medium,Afternoon,Scooter,2.7,48.4
ORD_003091,5.23,20,8,Clear,High,Evening Peak,Motorcycle,1.7,41.8
ORD_003092,7.5,15,2,Windy,Jam,Afternoon,Scooter,5.7,53.1
ORD_003093,5.99,20,2,Clear,High,Evening Peak,Scooter,4.4,41.7
ORD_003094,2.81,25,2,Windy,Medium,Evening Peak,Motorcycle,3.6,33.5
ORD_003095,4.2,15,4,Clear,High,Evening Peak,Electric Bike,4.0,32.9
ORD_003096,4.12,20,3,Clear,Medium,Late Night,Motorcycle,5.1,30.1
ORD_003097,3.45,10,3,Clear,Jam,Afternoon,Scooter,4.0,29.1
ORD_003098,5.73,10,3,Clear,High,Afternoon,Motorcycle,1.1,27.7
ORD_003099,13.48,35,1,Foggy,Low,Evening Peak,Electric Bike,4.3,78.4
ORD_003100,8.9,15,2,Clear,Low,Evening Peak,Motorcycle,3.6,33.1
ORD_003101,9.56,15,1,Rainy,Medium,Late Night,Scooter,5.8,46.4
ORD_003102,3.33,35,5,Clear,Medium,Evening Peak,Motorcycle,4.5,47.3
ORD_003103,9.65,20,1,Foggy,Low,Evening Peak,Electric Bike,2.4,48.2
ORD_003104,11.43,20,1,Clear,High,Evening Peak,Scooter,1.2,60.6
ORD_003105,3.27,20,5,Clear,Medium,Afternoon,Scooter,3.2,29.8
ORD_003106,6.36,20,5,Clear,Low,Afternoon,Motorcycle,4.2,39.1
ORD_003107,6.45,25,3,Clear,Medium,Afternoon,Electric Bike,1.5,55.4
ORD_003108,4.37,10,8,Clear,High,Evening Peak,Motorcycle,4.1,26.1
ORD_003109,5.48,15,1,Clear,Medium,Evening Peak,Motorcycle,5.0,26.9
ORD_003110,6.63,15,3,Rainy,Medium,Evening Peak,Motorcycle,1.4,41.0
ORD_003111,4.53,10,1,Rainy,Medium,Evening Peak,Motorcycle,4.4,25.7
ORD_003112,8.66,15,2,Clear,Low,Morning,Motorcycle,0.9,35.6
ORD_003113,2.37,20,2,Foggy,Jam,Afternoon,Motorcycle,0.5,38.0
ORD_003114,4.11,15,4,Clear,Medium,Evening Peak,Motorcycle,0.7,29.4
ORD_003115,7.38,15,1,Foggy,Jam,Afternoon,Motorcycle,4.0,48.4
ORD_003116,12.69,20,2,Windy,High,Late Night,Motorcycle,5.9,60.6
ORD_003117,8.97,20,3,Clear,Medium,Afternoon,Scooter,4.7,45.7
ORD_003118,5.41,25,3,Windy,High,Evening Peak,Scooter,1.9,50.2
ORD_003119,4.66,25,2,Clear,Medium,Late Night,Motorcycle,0.9,37.6
ORD_003120,4.24,30,4,Windy,Jam,Evening Peak,Scooter,3.9,53.7
ORD_003121,4.26,20,1,Clear,Medium,Afternoon,Motorcycle,0.5,28.6
ORD_003122,1.72,20,1,Foggy,Medium,Afternoon,Motorcycle,4.9,28.9
ORD_003123,12.4,25,1,Clear,Medium,Morning,Scooter,1.8,60.6
ORD_003124,4.85,25,4,Clear,Low,Morning,Scooter,2.1,34.8
ORD_003125,3.16,20,2,Windy,Medium,Evening Peak,Motorcycle,2.4,34.2
ORD_003126,6.31,20,2,Windy,High,Evening Peak,Electric Bike,4.7,51.9
ORD_003127,3.3,15,2,Clear,Low,Evening Peak,Scooter,2.0,22.8
ORD_003128,8.21,25,1,Clear,Medium,Morning,Scooter,2.1,48.4
ORD_003129,3.21,25,3,Clear,Medium,Late Night,Scooter,3.5,34.2
ORD_003130,7.57,25,3,Clear,Jam,Evening Peak,Electric Bike,3.0,72.8
ORD_003131,4.21,10,1,Clear,Jam,Morning,Motorcycle,5.8,28.7
ORD_003132,5.85,15,1,Windy,High,Morning,Electric Bike,1.9,40.8
ORD_003133,7.89,15,3,Clear,Medium,Evening Peak,Electric Bike,1.0,47.6
ORD_003134,3.69,25,2,Clear,High,Afternoon,Motorcycle,3.5,34.2
ORD_003135,7.78,25,2,Rainy,Medium,Afternoon,Motorcycle,1.5,55.3
ORD_003136,1.76,15,2,Windy,Medium,Morning,Scooter,2.8,18.5
ORD_003137,10.95,20,1,Windy,Low,Evening Peak,Electric Bike,1.5,52.0
ORD_003138,8.53,10,1,Clear,Jam,Morning,Motorcycle,5.3,44.9
ORD_003139,4.76,15,2,Foggy,Medium,Morning,Motorcycle,2.3,32.4
ORD_003140,9.38,15,2,Clear,High,Morning,Scooter,4.8,49.6
ORD_003141,8.84,25,2,Clear,Low,Morning,Motorcycle,5.7,41.3
ORD_003142,5.0,25,2,Clear,Medium,Morning,Scooter,5.7,37.1
ORD_003143,4.97,15,4,Clear,Jam,Evening Peak,Motorcycle,3.4,40.6
ORD_003144,2.95,20,5,Clear,High,Afternoon,Scooter,5.9,28.3
ORD_003145,5.16,20,1,Clear,High,Morning,Motorcycle,4.1,39.5
ORD_003146,2.08,15,2,Windy,Medium,Morning,Motorcycle,1.2,25.7
ORD_003147,7.51,35,1,Clear,Low,Morning,Electric Bike,5.4,53.1
ORD_003148,7.6,25,3,Clear,Medium,Evening Peak,Motorcycle,3.1,45.5
ORD_003149,1.77,15,2,Foggy,Medium,Evening Peak,Scooter,1.3,25.7
ORD_003150,10.37,20,2,Clear,Medium,Evening Peak,Scooter,4.9,45.0
ORD_003151,3.51,15,1,Foggy,Medium,Late Night,Scooter,3.9,31.6
ORD_003152,19.9,20,4,Clear,Low,Morning,Motorcycle,5.4,65.8
ORD_003153,5.68,20,3,Clear,Jam,Morning,Scooter,5.1,47.7
ORD_003154,10.42,10,1,Windy,Jam,Afternoon,Motorcycle,2.3,62.5
ORD_003155,2.89,25,1,Rainy,Medium,Afternoon,Scooter,1.9,40.5
ORD_003156,4.2,20,1,Foggy,High,Evening Peak,Motorcycle,4.5,35.3
ORD_003157,3.68,35,2,Clear,Medium,Late Night,Motorcycle,3.7,43.0
ORD_003158,2.06,10,4,Foggy,Medium,Afternoon,Motorcycle,0.9,20.9
ORD_003159,2.37,25,3,Clear,High,Morning,Motorcycle,1.5,31.7
ORD_003160,4.66,25,3,Foggy,Low,Evening Peak,Electric Bike,1.3,43.1
ORD_003161,6.18,10,3,Foggy,Medium,Afternoon,Motorcycle,3.7,29.4
ORD_003162,2.72,15,2,Heavy Storm,Medium,Evening Peak,Motorcycle,1.0,38.2
ORD_003163,4.06,25,3,Clear,High,Morning,Motorcycle,1.6,40.6
ORD_003164,3.29,20,4,Clear,Medium,Afternoon,Scooter,3.5,32.0
ORD_003165,4.83,15,3,Clear,High,Morning,Scooter,1.2,35.1
ORD_003166,7.2,30,3,Windy,Medium,Afternoon,Motorcycle,1.9,52.4
ORD_003167,5.31,10,3,Windy,Low,Evening Peak,Motorcycle,5.5,22.4
ORD_003168,3.59,15,5,Clear,Low,Afternoon,Electric Bike,4.3,29.4
ORD_003169,8.68,20,2,Clear,High,Morning,Scooter,2.2,53.8
ORD_003170,6.07,20,1,Windy,Medium,Morning,Motorcycle,5.3,34.0
ORD_003171,5.39,15,4,Windy,Medium,Evening Peak,Motorcycle,1.9,35.8
ORD_003172,2.74,20,1,Clear,Medium,Morning,Motorcycle,3.7,27.1
ORD_003173,8.18,20,1,Rainy,Medium,Evening Peak,Motorcycle,2.5,48.1
ORD_003174,6.41,20,1,Clear,High,Afternoon,Scooter,4.6,41.6
ORD_003175,6.6,20,1,Heavy Storm,Medium,Afternoon,Motorcycle,2.5,48.9
ORD_003176,4.41,15,2,Clear,Medium,Evening Peak,Electric Bike,1.9,33.2
ORD_003177,3.98,25,4,Clear,Medium,Evening Peak,Scooter,3.8,38.5
ORD_003178,12.44,15,2,Clear,Medium,Late Night,Motorcycle,4.6,49.5
ORD_003179,3.94,35,1,Windy,Medium,Morning,Motorcycle,3.5,47.5
ORD_003180,2.45,10,2,Clear,Medium,Late Night,Motorcycle,4.4,12.0
ORD_003181,5.55,15,2,Clear,Low,Evening Peak,Motorcycle,2.8,28.8
ORD_003182,4.98,15,4,Heavy Storm,Medium,Late Night,Motorcycle,4.9,44.2
ORD_003183,8.9,20,3,Rainy,Low,Evening Peak,Motorcycle,3.7,47.1
ORD_003184,4.6,15,1,Clear,High,Evening Peak,Motorcycle,1.6,27.7
ORD_003185,7.07,20,2,Windy,Low,Evening Peak,Scooter,5.4,39.5
ORD_003186,10.76,25,3,Clear,High,Morning,Motorcycle,5.1,60.4
ORD_003187,6.21,15,1,Windy,Low,Evening Peak,Motorcycle,5.8,26.7
ORD_003188,2.82,15,3,Clear,High,Evening Peak,Motorcycle,3.6,24.0
ORD_003189,6.31,25,4,Clear,Medium,Late Night,Scooter,4.2,45.9
ORD_003190,4.1,15,4,Windy,Medium,Morning,Motorcycle,5.2,23.4
ORD_003191,5.76,15,1,Clear,Low,Late Night,Scooter,0.8,32.1
ORD_003192,5.0,15,4,Clear,Medium,Late Night,Motorcycle,5.5,29.1
ORD_003193,2.42,15,2,Rainy,High,Afternoon,Scooter,2.0,32.1
ORD_003194,4.58,15,2,Foggy,Medium,Morning,Scooter,0.8,33.0
ORD_003195,2.73,20,3,Clear,Medium,Evening Peak,Motorcycle,1.8,33.7
ORD_003196,3.78,15,2,Clear,Low,Evening Peak,Electric Bike,3.7,24.2
ORD_003197,8.16,25,3,Windy,Medium,Evening Peak,Scooter,0.8,56.8
ORD_003198,5.22,15,2,Foggy,Medium,Evening Peak,Electric Bike,0.5,40.3
ORD_003199,6.84,20,3,Rainy,Low,Evening Peak,Motorcycle,4.0,46.6
ORD_003200,5.46,15,5,Windy,Jam,Afternoon,Electric Bike,3.0,52.3
ORD_003201,4.26,30,1,Clear,High,Late Night,Motorcycle,5.1,39.2
ORD_003202,5.77,20,2,Foggy,Medium,Afternoon,Motorcycle,1.9,37.8
ORD_003203,1.9,15,1,Clear,Medium,Afternoon,Scooter,2.0,18.1
ORD_003204,7.53,15,2,Rainy,Medium,Evening Peak,Scooter,0.9,45.0
ORD_003205,3.11,10,2,Clear,Low,Evening Peak,Electric Bike,3.5,19.0
ORD_003206,6.61,10,3,Windy,Medium,Late Night,Motorcycle,2.5,29.1
ORD_003207,4.17,20,2,Windy,Low,Morning,Scooter,2.4,34.5
ORD_003208,2.42,15,4,Clear,Medium,Morning,Electric Bike,3.0,25.1
ORD_003209,3.41,30,2,Clear,Jam,Afternoon,Electric Bike,5.2,51.7
ORD_003210,6.62,15,3,Foggy,Medium,Late Night,Scooter,1.1,40.4
ORD_003211,14.71,25,2,Clear,Low,Evening Peak,Electric Bike,3.4,67.4
ORD_003212,4.83,15,1,Clear,High,Morning,Scooter,1.6,32.0
ORD_003213,13.73,15,3,Clear,Jam,Evening Peak,Motorcycle,1.7,74.0
ORD_003214,1.89,30,2,Rainy,Low,Evening Peak,Motorcycle,1.9,45.9
ORD_003215,4.35,25,3,Clear,High,Morning,Electric Bike,3.0,45.7
ORD_003216,4.83,20,3,Windy,High,Morning,Scooter,3.2,39.6
ORD_003217,6.82,20,2,Clear,High,Morning,Motorcycle,5.3,38.5
ORD_003218,3.49,35,2,Windy,High,Evening Peak,Scooter,5.4,48.0
ORD_003219,6.06,20,1,Heavy Storm,Jam,Evening Peak,Motorcycle,3.7,55.7
ORD_003220,4.47,10,1,Clear,Low,Evening Peak,Motorcycle,2.0,20.6
ORD_003221,9.6,10,2,Heavy Storm,Low,Evening Peak,Scooter,5.0,43.4
ORD_003222,5.55,20,2,Rainy,Low,Evening Peak,Motorcycle,4.9,40.8
ORD_003223,18.96,20,3,Windy,Low,Evening Peak,Electric Bike,4.9,81.0
ORD_003224,4.49,20,3,Foggy,Low,Late Night,Electric Bike,0.6,37.2
ORD_003225,9.26,10,2,Rainy,High,Evening Peak,Scooter,4.6,51.6
ORD_003226,10.92,30,2,Foggy,High,Afternoon,Motorcycle,5.2,72.4
ORD_003227,1.19,20,6,Clear,Medium,Late Night,Motorcycle,3.8,29.5
ORD_003228,7.48,20,2,Foggy,Jam,Morning,Scooter,4.6,62.9
ORD_003229,4.4,10,1,Clear,Medium,Afternoon,Scooter,4.8,22.4
ORD_003230,2.61,30,4,Rainy,Low,Late Night,Motorcycle,3.3,42.7
ORD_003231,9.7,20,2,Clear,High,Late Night,Scooter,5.0,56.2
ORD_003232,3.6,20,3,Windy,Medium,Evening Peak,Scooter,4.9,29.4
ORD_003233,1.84,30,5,Windy,Low,Morning,Motorcycle,5.5,39.3
ORD_003234,5.62,30,3,Clear,Jam,Afternoon,Motorcycle,5.6,59.1
ORD_003235,10.51,15,4,Foggy,Medium,Late Night,Electric Bike,3.4,58.2
ORD_003236,2.63,30,2,Rainy,Medium,Late Night,Motorcycle,0.7,43.2
ORD_003237,8.03,20,2,Clear,Jam,Late Night,Motorcycle,0.6,56.8
ORD_003238,1.6,10,1,Clear,High,Afternoon,Motorcycle,5.7,14.7
ORD_003239,10.93,15,3,Windy,Medium,Evening Peak,Motorcycle,2.4,47.4
ORD_003240,6.28,15,3,Windy,Low,Evening Peak,Motorcycle,2.6,33.0
ORD_003241,2.48,20,2,Clear,Low,Late Night,Scooter,3.1,25.6
ORD_003242,7.62,20,4,Foggy,Medium,Evening Peak,Scooter,2.0,52.4
ORD_003243,3.72,15,1,Rainy,Jam,Afternoon,Motorcycle,3.7,39.1
ORD_003244,2.95,25,1,Clear,High,Evening Peak,Scooter,4.8,32.1
ORD_003245,3.67,25,1,Windy,Low,Afternoon,Motorcycle,1.9,30.6
ORD_003246,7.2,20,4,Windy,Jam,Morning,Scooter,4.6,61.1
ORD_003247,2.84,30,1,Clear,Medium,Evening Peak,Electric Bike,4.2,39.9
ORD_003248,1.33,25,1,Heavy Storm,High,Evening Peak,Motorcycle,3.4,44.1
ORD_003249,3.78,15,3,Clear,Low,Evening Peak,Motorcycle,2.3,26.7
ORD_003250,9.92,25,3,Windy,Low,Afternoon,Motorcycle,5.3,46.8
ORD_003251,9.85,30,1,Clear,Medium,Morning,Scooter,2.7,60.7
ORD_003252,3.67,10,3,Clear,High,Morning,Motorcycle,2.6,22.8
ORD_003253,3.6,35,2,Clear,Medium,Evening Peak,Scooter,4.0,45.0
ORD_003254,3.47,10,1,Clear,High,Afternoon,Motorcycle,5.6,23.4
ORD_003255,3.39,20,1,Foggy,Jam,Late Night,Motorcycle,3.3,38.1
ORD_003256,3.52,25,1,Clear,Low,Evening Peak,Motorcycle,4.5,27.9
ORD_003257,5.78,25,4,Windy,High,Evening Peak,Scooter,3.0,47.1
ORD_003258,10.06,20,2,Rainy,Low,Late Night,Electric Bike,1.7,59.9
ORD_003259,2.84,20,2,Clear,Medium,Morning,Electric Bike,1.2,31.7
ORD_003260,3.14,20,3,Rainy,High,Late Night,Electric Bike,1.2,42.8
ORD_003261,6.15,20,3,Clear,Medium,Evening Peak,Scooter,0.6,40.9
ORD_003262,7.43,15,4,Clear,Jam,Evening Peak,Motorcycle,3.5,49.1
ORD_003263,2.08,20,1,Windy,Medium,Morning,Scooter,1.2,30.1
ORD_003264,12.16,25,1,Rainy,Medium,Morning,Scooter,5.3,64.9
ORD_003265,4.18,15,4,Clear,Jam,Morning,Motorcycle,5.9,34.9
ORD_003266,2.18,20,6,Foggy,Medium,Afternoon,Motorcycle,3.2,33.6
ORD_003267,2.02,10,2,Clear,High,Evening Peak,Motorcycle,3.0,17.1
ORD_003268,1.96,20,1,Windy,Medium,Morning,Motorcycle,2.4,25.3
ORD_003269,9.16,15,1,Windy,Low,Morning,Motorcycle,4.0,37.5
ORD_003270,5.24,15,1,Windy,Medium,Afternoon,Motorcycle,3.8,32.3
ORD_003271,9.21,15,3,Rainy,Low,Evening Peak,Scooter,2.4,41.1
ORD_003272,4.7,10,2,Rainy,High,Afternoon,Motorcycle,2.4,33.4
ORD_003273,9.06,15,2,Clear,Medium,Afternoon,Motorcycle,4.0,36.3
ORD_003274,4.64,15,2,Clear,Low,Morning,Motorcycle,3.6,24.0
ORD_003275,6.8,15,2,Foggy,High,Morning,Motorcycle,4.5,40.5
ORD_003276,4.88,15,1,Rainy,High,Evening Peak,Motorcycle,5.7,36.6
ORD_003277,4.48,30,2,Clear,High,Evening Peak,Scooter,4.8,45.4
ORD_003278,3.0,10,1,Clear,Medium,Evening Peak,Motorcycle,2.2,16.9
ORD_003279,7.33,25,2,Rainy,High,Evening Peak,Scooter,4.7,58.8
ORD_003280,2.64,20,2,Clear,Medium,Afternoon,Motorcycle,3.0,24.0
ORD_003281,7.32,15,2,Clear,Medium,Afternoon,Motorcycle,4.8,32.8
ORD_003282,5.38,15,1,Clear,Medium,Evening Peak,Motorcycle,5.4,26.7
ORD_003283,7.43,35,3,Clear,Medium,Afternoon,Motorcycle,1.9,54.3
ORD_003284,5.64,20,3,Clear,High,Morning,Motorcycle,1.8,36.1
ORD_003285,9.62,10,3,Windy,Jam,Morning,Motorcycle,2.9,56.2
ORD_003286,6.43,15,2,Clear,High,Afternoon,Motorcycle,0.8,35.6
ORD_003287,5.44,15,2,Foggy,Medium,Evening Peak,Motorcycle,4.3,30.0
ORD_003288,1.27,25,2,Clear,Medium,Evening Peak,Motorcycle,4.6,30.6
ORD_003289,9.84,30,2,Clear,Low,Morning,Motorcycle,2.4,49.7
ORD_003290,1.95,10,2,Foggy,Low,Afternoon,Motorcycle,3.1,16.3
ORD_003291,2.29,15,1,Clear,Low,Morning,Scooter,3.7,21.6
ORD_003292,7.82,15,3,Windy,Jam,Evening Peak,Motorcycle,0.9,51.9
ORD_003293,5.14,35,5,Rainy,High,Morning,Motorcycle,4.4,59.0
ORD_003294,1.99,20,6,Clear,Low,Evening Peak,Electric Bike,3.4,25.7
ORD_003295,3.59,25,4,Clear,Medium,Evening Peak,Scooter,3.9,37.7
ORD_003296,9.55,15,4,Clear,Low,Afternoon,Motorcycle,4.5,35.1
ORD_003297,5.55,20,1,Clear,Medium,Late Night,Scooter,4.2,35.0
ORD_003298,5.21,15,2,Foggy,Medium,Evening Peak,Scooter,1.0,35.2
ORD_003299,3.35,30,3,Clear,Medium,Afternoon,Motorcycle,4.8,35.0
ORD_003300,7.98,15,1,Clear,High,Afternoon,Motorcycle,3.9,38.6
ORD_003301,4.78,25,1,Clear,Low,Late Night,Scooter,4.4,35.5
ORD_003302,7.16,15,3,Foggy,Medium,Afternoon,Scooter,1.9,42.5
ORD_003303,3.15,20,2,Foggy,Medium,Afternoon,Scooter,1.7,31.0
ORD_003304,14.76,15,3,Clear,Jam,Evening Peak,Scooter,5.0,89.0
ORD_003305,10.54,10,2,Clear,Medium,Afternoon,Scooter,2.6,44.3
ORD_003306,5.51,15,1,Foggy,Medium,Afternoon,Scooter,3.7,34.5
ORD_003307,6.21,20,4,Clear,Medium,Afternoon,Electric Bike,3.5,44.1
ORD_003308,3.61,15,3,Windy,Low,Evening Peak,Scooter,3.7,25.1
ORD_003309,7.48,15,2,Heavy Storm,Jam,Evening Peak,Motorcycle,0.9,66.7
ORD_003310,1.38,15,4,Windy,Medium,Evening Peak,Scooter,2.2,21.9
ORD_003311,12.05,15,2,Clear,Medium,Evening Peak,Scooter,0.9,54.9
ORD_003312,7.24,15,2,Clear,High,Morning,Motorcycle,3.1,40.0
ORD_003313,2.81,15,2,Clear,Medium,Evening Peak,Motorcycle,5.5,22.5
ORD_003314,11.88,10,1,Clear,Medium,Late Night,Scooter,2.6,43.6
ORD_003315,14.04,15,3,Windy,Low,Evening Peak,Scooter,4.8,48.9
ORD_003316,6.4,25,3,Windy,High,Morning,Motorcycle,2.1,49.8
ORD_003317,3.18,15,2,Rainy,Jam,Late Night,Motorcycle,5.2,37.8
ORD_003318,5.25,20,4,Clear,High,Afternoon,Scooter,2.8,36.1
ORD_003319,6.92,15,2,Windy,Low,Morning,Motorcycle,2.5,29.8
ORD_003320,6.1,30,2,Clear,High,Afternoon,Scooter,4.3,50.0
ORD_003321,2.81,10,3,Clear,Medium,Morning,Motorcycle,3.3,21.1
ORD_003322,6.85,25,1,Clear,Jam,Afternoon,Motorcycle,2.4,54.5
ORD_003323,9.49,15,2,Clear,Medium,Afternoon,Motorcycle,0.8,43.0
ORD_003324,2.45,10,4,Clear,Low,Evening Peak,Motorcycle,1.4,16.8
ORD_003325,2.61,15,1,Clear,High,Evening Peak,Scooter,4.7,22.4
ORD_003326,3.53,15,4,Windy,Low,Evening Peak,Motorcycle,5.6,23.1
ORD_003327,4.53,15,3,Clear,Medium,Afternoon,Motorcycle,1.4,27.4
ORD_003328,8.09,15,4,Clear,Medium,Late Night,Scooter,3.6,38.4
ORD_003329,9.43,30,1,Foggy,High,Afternoon,Motorcycle,0.7,66.3
ORD_003330,3.11,15,3,Windy,High,Afternoon,Electric Bike,2.1,30.0
ORD_003331,5.75,15,3,Clear,High,Afternoon,Motorcycle,3.0,36.9
ORD_003332,9.22,25,1,Rainy,Low,Morning,Motorcycle,4.5,52.7
ORD_003333,15.23,25,3,Windy,High,Afternoon,Scooter,0.7,85.5
ORD_003334,5.73,10,2,Clear,Medium,Afternoon,Electric Bike,4.8,27.4
ORD_003335,5.91,20,1,Clear,Low,Morning,Electric Bike,1.6,37.0
ORD_003336,6.42,15,3,Windy,Medium,Evening Peak,Motorcycle,4.7,32.8
ORD_003337,4.26,10,2,Windy,Jam,Evening Peak,Scooter,3.9,30.3
ORD_003338,5.49,15,6,Foggy,Low,Afternoon,Electric Bike,2.4,39.1
ORD_003339,1.54,10,6,Clear,High,Afternoon,Electric Bike,4.5,16.4
ORD_003340,3.62,15,1,Clear,Jam,Late Night,Motorcycle,1.8,34.4
ORD_003341,6.79,15,1,Windy,Medium,Morning,Motorcycle,1.7,36.5
ORD_003342,3.0,15,2,Windy,High,Late Night,Scooter,0.8,25.5
ORD_003343,8.2,20,3,Clear,Low,Morning,Scooter,2.7,42.8
ORD_003344,1.81,20,3,Clear,Low,Evening Peak,Scooter,1.0,28.1
ORD_003345,8.02,20,3,Clear,Medium,Evening Peak,Motorcycle,2.8,42.5
ORD_003346,8.01,20,1,Heavy Storm,Medium,Evening Peak,Scooter,0.6,58.7
ORD_003347,15.39,25,2,Clear,Low,Morning,Motorcycle,1.4,59.4
ORD_003348,4.17,25,2,Clear,Medium,Afternoon,Motorcycle,5.6,33.7
ORD_003349,5.14,25,1,Clear,Medium,Evening Peak,Scooter,4.9,39.5
ORD_003350,11.39,15,4,Rainy,Low,Evening Peak,Scooter,1.8,48.3
ORD_003351,10.58,15,3,Windy,Medium,Evening Peak,Electric Bike,4.5,51.5
ORD_003352,8.88,20,3,Clear,Medium,Afternoon,Motorcycle,4.2,45.2
ORD_003353,6.22,15,2,Rainy,Low,Afternoon,Motorcycle,1.5,36.3
ORD_003354,11.22,10,3,Rainy,High,Afternoon,Motorcycle,2.5,54.4
ORD_003355,18.49,15,1,Clear,Low,Evening Peak,Motorcycle,5.5,54.4
ORD_003356,7.14,35,3,Clear,Medium,Late Night,Motorcycle,4.6,51.5
ORD_003357,5.28,15,1,Heavy Storm,Medium,Morning,Motorcycle,4.7,42.3
ORD_003358,7.63,15,2,Clear,Medium,Afternoon,Motorcycle,3.6,35.7
ORD_003359,5.69,10,2,Clear,High,Afternoon,Motorcycle,4.2,25.9
ORD_003360,4.38,20,3,Clear,High,Late Night,Motorcycle,3.3,38.6
ORD_003361,8.22,15,2,Clear,Low,Evening Peak,Scooter,4.6,32.1
ORD_003362,3.83,10,1,Windy,High,Morning,Scooter,4.5,23.4
ORD_003363,7.06,30,2,Clear,Medium,Afternoon,Scooter,0.7,55.1
ORD_003364,2.04,25,3,Clear,Medium,Evening Peak,Motorcycle,4.0,30.3
ORD_003365,12.35,20,2,Clear,Medium,Evening Peak,Motorcycle,4.0,49.7
ORD_003366,3.24,30,4,Clear,Low,Afternoon,Motorcycle,0.9,41.4
ORD_003367,2.27,15,5,Clear,Jam,Evening Peak,Electric Bike,2.8,30.9
ORD_003368,10.38,20,3,Rainy,Medium,Evening Peak,Motorcycle,5.4,52.1
ORD_003369,11.48,15,4,Clear,Medium,Evening Peak,Motorcycle,5.7,40.4
ORD_003370,6.15,20,3,Windy,Low,Morning,Motorcycle,4.8,34.7
ORD_003371,4.86,10,3,Clear,High,Late Night,Scooter,1.3,31.6
ORD_003372,4.22,10,1,Windy,Jam,Afternoon,Scooter,2.6,30.3
ORD_003373,5.96,15,2,Clear,High,Afternoon,Electric Bike,1.5,43.8
ORD_003374,5.02,10,2,Clear,Low,Evening Peak,Motorcycle,4.1,19.7
ORD_003375,4.67,15,3,Rainy,High,Evening Peak,Electric Bike,4.8,38.8
ORD_003376,3.04,20,2,Clear,Low,Evening Peak,Scooter,5.4,24.8
ORD_003377,2.56,20,2,Windy,Low,Evening Peak,Electric Bike,5.2,30.4
ORD_003378,5.4,10,5,Rainy,Medium,Afternoon,Scooter,1.0,36.5
ORD_003379,5.86,15,4,Foggy,High,Afternoon,Electric Bike,1.2,49.4
ORD_003380,3.34,20,2,Heavy Storm,Low,Afternoon,Motorcycle,5.5,39.7
ORD_003381,3.62,20,2,Clear,Medium,Afternoon,Scooter,5.1,26.5
ORD_003382,5.85,10,3,Rainy,High,Afternoon,Electric Bike,3.0,40.3
ORD_003383,3.0,20,2,Windy,Low,Morning,Motorcycle,2.9,25.9
ORD_003384,9.08,25,3,Clear,Medium,Evening Peak,Scooter,3.5,50.6
ORD_003385,6.9,10,4,Clear,Medium,Morning,Electric Bike,3.8,37.2
ORD_003386,3.33,15,1,Foggy,High,Evening Peak,Motorcycle,1.9,26.1
ORD_003387,6.71,15,3,Clear,High,Afternoon,Motorcycle,2.7,34.6
ORD_003388,3.04,30,8,Windy,High,Afternoon,Scooter,3.9,47.2
ORD_003389,8.03,15,1,Clear,High,Afternoon,Scooter,1.6,44.3
ORD_003390,3.11,15,1,Foggy,Medium,Morning,Motorcycle,6.0,22.0
ORD_003391,4.8,25,3,Windy,Medium,Evening Peak,Motorcycle,2.1,44.3
ORD_003392,5.58,15,2,Clear,Medium,Morning,Scooter,3.5,29.1
ORD_003393,11.38,20,1,Clear,Medium,Evening Peak,Motorcycle,3.5,50.3
ORD_003394,3.22,10,2,Rainy,High,Morning,Motorcycle,3.0,27.8
ORD_003395,3.15,35,4,Clear,Medium,Morning,Electric Bike,1.8,48.7
ORD_003396,2.11,25,2,Clear,Jam,Evening Peak,Scooter,3.6,34.2
ORD_003397,13.29,20,5,Windy,Low,Evening Peak,Motorcycle,1.0,57.0
ORD_003398,5.24,10,3,Clear,Medium,Morning,Scooter,2.6,24.2
ORD_003399,9.2,10,1,Clear,Low,Late Night,Electric Bike,1.7,38.2
ORD_003400,3.66,20,4,Foggy,Medium,Afternoon,Motorcycle,1.2,37.6
ORD_003401,3.86,15,2,Clear,High,Afternoon,Motorcycle,5.6,20.7
ORD_003402,5.0,20,3,Clear,High,Evening Peak,Motorcycle,4.3,37.7
ORD_003403,5.08,20,2,Foggy,Low,Afternoon,Motorcycle,1.4,31.3
ORD_003404,7.47,25,2,Heavy Storm,Jam,Evening Peak,Electric Bike,5.7,85.1
ORD_003405,5.32,15,1,Rainy,High,Afternoon,Electric Bike,1.7,45.2
ORD_003406,4.13,20,3,Clear,Jam,Evening Peak,Scooter,1.8,39.1
ORD_003407,13.43,25,2,Clear,Medium,Evening Peak,Electric Bike,1.2,74.7
ORD_003408,3.02,15,2,Rainy,Medium,Evening Peak,Motorcycle,4.5,34.3
ORD_003409,3.23,25,1,Foggy,Low,Evening Peak,Motorcycle,3.6,34.2
ORD_003410,3.04,10,2,Windy,Medium,Late Night,Scooter,0.8,20.4
ORD_003411,7.64,20,4,Rainy,Low,Evening Peak,Scooter,0.6,47.8
ORD_003412,6.59,30,6,Windy,High,Morning,Motorcycle,3.4,53.6
ORD_003413,4.68,15,2,Heavy Storm,Medium,Morning,Scooter,4.1,40.6
ORD_003414,2.95,15,3,Rainy,Low,Evening Peak,Scooter,5.0,29.4
ORD_003415,5.57,10,5,Windy,High,Afternoon,Motorcycle,3.1,32.6
ORD_003416,8.24,20,2,Rainy,Low,Evening Peak,Motorcycle,4.2,44.7
ORD_003417,11.64,20,1,Clear,Jam,Evening Peak,Motorcycle,4.5,72.2
ORD_003418,3.57,10,2,Foggy,Low,Late Night,Motorcycle,3.9,18.9
ORD_003419,4.67,25,4,Clear,High,Morning,Motorcycle,2.4,39.4
ORD_003420,6.56,25,2,Rainy,Medium,Afternoon,Scooter,1.2,53.8
ORD_003421,4.1,30,2,Clear,High,Afternoon,Motorcycle,4.1,41.0
ORD_003422,2.29,20,6,Rainy,Medium,Afternoon,Motorcycle,4.7,36.4
ORD_003423,4.69,15,2,Clear,Medium,Late Night,Motorcycle,1.5,29.6
ORD_003424,2.46,25,2,Windy,Medium,Afternoon,Electric Bike,3.2,34.5
ORD_003425,8.64,15,5,Clear,Jam,Evening Peak,Electric Bike,2.7,71.3
ORD_003426,4.29,20,1,Foggy,Medium,Evening Peak,Scooter,1.6,36.1
ORD_003427,4.96,20,3,Clear,High,Evening Peak,Motorcycle,1.8,35.2
ORD_003428,3.28,15,2,Rainy,High,Evening Peak,Motorcycle,1.8,35.0
ORD_003429,5.07,10,3,Foggy,High,Afternoon,Motorcycle,2.8,32.4
ORD_003430,10.09,10,2,Foggy,Jam,Morning,Scooter,2.6,66.1
ORD_003431,9.17,15,4,Clear,Medium,Late Night,Scooter,3.5,45.4
ORD_003432,2.67,15,2,Clear,High,Afternoon,Motorcycle,1.0,25.3
ORD_003433,1.05,25,1,Rainy,High,Afternoon,Motorcycle,3.7,36.7
ORD_003434,4.71,15,2,Clear,Low,Afternoon,Motorcycle,0.6,26.1
ORD_003435,4.31,15,1,Rainy,Jam,Evening Peak,Motorcycle,1.9,43.4
ORD_003436,4.16,15,1,Clear,Medium,Late Night,Motorcycle,3.3,26.9
ORD_003437,3.7,15,2,Clear,High,Late Night,Motorcycle,4.3,26.8
ORD_003438,2.64,10,2,Rainy,Jam,Afternoon,Scooter,4.7,29.6
ORD_003439,15.99,10,1,Rainy,High,Late Night,Electric Bike,0.7,92.8
ORD_003440,13.28,15,3,Clear,Low,Evening Peak,Motorcycle,3.5,42.6
ORD_003441,4.06,10,3,Clear,Medium,Morning,Motorcycle,2.4,21.0
ORD_003442,5.52,15,4,Rainy,Medium,Morning,Motorcycle,4.3,40.1
ORD_003443,8.72,25,2,Clear,Medium,Afternoon,Scooter,2.1,51.4
ORD_003444,5.51,15,2,Clear,Medium,Late Night,Electric Bike,4.6,35.7
ORD_003445,3.88,10,3,Windy,High,Late Night,Scooter,3.8,25.3
ORD_003446,2.32,30,2,Clear,High,Afternoon,Electric Bike,4.8,41.4
ORD_003447,5.17,20,2,Clear,Low,Afternoon,Motorcycle,5.9,29.4
ORD_003448,2.48,10,2,Clear,Medium,Late Night,Motorcycle,5.5,18.2
ORD_003449,9.71,10,2,Rainy,Medium,Evening Peak,Motorcycle,3.8,39.7
ORD_003450,5.04,20,2,Heavy Storm,Low,Afternoon,Scooter,5.4,48.6
ORD_003451,6.85,20,2,Clear,Medium,Evening Peak,Scooter,1.3,42.2
ORD_003452,4.24,10,8,Clear,Medium,Late Night,Motorcycle,0.7,23.0
ORD_003453,8.06,15,2,Foggy,Medium,Morning,Motorcycle,3.4,39.0
ORD_003454,3.53,30,3,Clear,Low,Late Night,Scooter,5.9,38.4
ORD_003455,6.05,20,3,Rainy,Medium,Morning,Motorcycle,4.4,39.1
ORD_003456,4.15,15,3,Clear,Medium,Late Night,Scooter,2.2,29.5
ORD_003457,4.51,15,3,Clear,High,Morning,Motorcycle,4.2,30.4
ORD_003458,8.66,10,3,Windy,High,Late Night,Scooter,0.7,46.8
ORD_003459,3.27,15,1,Clear,Medium,Morning,Scooter,3.1,24.6
ORD_003460,6.28,30,3,Clear,Medium,Late Night,Electric Bike,1.8,50.3
ORD_003461,10.36,10,5,Clear,Low,Morning,Scooter,0.8,38.4
ORD_003462,8.48,35,4,Clear,Low,Morning,Motorcycle,1.9,52.4
ORD_003463,3.59,15,2,Rainy,High,Late Night,Scooter,4.5,34.0
ORD_003464,6.77,15,5,Windy,High,Evening Peak,Scooter,3.5,41.5
ORD_003465,1.81,10,1,Clear,Low,Evening Peak,Scooter,0.6,14.4
ORD_003466,8.82,20,2,Clear,High,Afternoon,Electric Bike,2.8,61.3
ORD_003467,18.46,15,1,Clear,Medium,Morning,Motorcycle,4.6,59.4
ORD_003468,6.08,20,2,Foggy,High,Morning,Scooter,5.8,46.6
ORD_003469,10.65,20,1,Windy,Medium,Late Night,Scooter,5.3,53.4
ORD_003470,2.26,15,3,Rainy,Low,Afternoon,Motorcycle,0.5,27.6
ORD_003471,2.8,20,2,Clear,Medium,Evening Peak,Scooter,1.7,28.3
ORD_003472,4.23,10,3,Windy,Medium,Evening Peak,Motorcycle,1.6,26.9
ORD_003473,4.69,20,3,Foggy,High,Evening Peak,Scooter,2.8,42.2
ORD_003474,6.11,10,2,Rainy,High,Late Night,Scooter,4.1,35.0
ORD_003475,3.6,15,2,Clear,High,Evening Peak,Motorcycle,1.3,28.2
ORD_003476,5.56,25,3,Clear,Medium,Evening Peak,Scooter,5.5,42.2
ORD_003477,8.65,10,2,Clear,High,Evening Peak,Electric Bike,4.8,52.9
ORD_003478,6.76,30,1,Clear,Medium,Afternoon,Scooter,2.8,46.5
ORD_003479,4.15,25,3,Clear,Jam,Afternoon,Electric Bike,3.7,50.5
ORD_003480,7.7,15,2,Rainy,Low,Evening Peak,Motorcycle,3.5,36.3
ORD_003481,4.05,10,2,Heavy Storm,High,Evening Peak,Electric Bike,3.7,43.6
ORD_003482,5.39,25,5,Clear,Low,Evening Peak,Electric Bike,5.2,45.5
ORD_003483,8.4,25,1,Windy,Medium,Late Night,Motorcycle,1.6,51.2
ORD_003484,4.62,15,1,Clear,High,Late Night,Motorcycle,4.3,27.6
ORD_003485,2.46,30,2,Rainy,High,Evening Peak,Scooter,1.1,47.9
ORD_003486,5.3,30,3,Clear,Low,Afternoon,Motorcycle,3.0,41.7
ORD_003487,8.44,15,2,Heavy Storm,High,Afternoon,Electric Bike,4.0,70.0
ORD_003488,8.88,25,1,Clear,Low,Afternoon,Motorcycle,0.6,46.0
ORD_003489,2.74,15,2,Clear,Jam,Morning,Motorcycle,1.1,28.2
ORD_003490,7.53,20,2,Windy,Medium,Evening Peak,Scooter,1.0,44.7
ORD_003491,4.46,15,5,Clear,Low,Afternoon,Motorcycle,2.6,26.3
ORD_003492,11.04,15,1,Clear,Low,Evening Peak,Electric Bike,3.9,48.4
ORD_003493,2.49,20,3,Windy,Low,Evening Peak,Scooter,6.0,24.9
ORD_003494,7.45,10,2,Foggy,Low,Morning,Motorcycle,1.9,30.2
ORD_003495,4.19,20,4,Rainy,Medium,Morning,Scooter,1.2,44.3
ORD_003496,3.63,25,3,Clear,Low,Afternoon,Scooter,2.8,29.4
ORD_003497,8.61,15,2,Foggy,Medium,Evening Peak,Motorcycle,1.3,41.6
ORD_003498,9.37,15,3,Rainy,Low,Evening Peak,Motorcycle,0.6,43.1
ORD_003499,1.56,20,2,Rainy,High,Late Night,Scooter,3.6,34.7
ORD_003500,8.7,15,3,Clear,Medium,Afternoon,Electric Bike,5.3,48.4
ORD_003501,4.93,25,3,Clear,Medium,Morning,Electric Bike,5.2,40.4
ORD_003502,5.22,15,3,Clear,Jam,Morning,Motorcycle,1.1,38.1
ORD_003503,2.41,20,2,Windy,Medium,Afternoon,Scooter,1.3,29.9
ORD_003504,7.18,15,1,Rainy,Low,Afternoon,Electric Bike,3.2,40.5
ORD_003505,16.21,10,1,Foggy,Jam,Afternoon,Motorcycle,2.5,89.9
ORD_003506,3.76,15,2,Foggy,Low,Evening Peak,Scooter,4.4,26.0
ORD_003507,9.87,10,3,Clear,High,Afternoon,Electric Bike,3.2,58.2
ORD_003508,5.11,15,1,Clear,Low,Evening Peak,Motorcycle,0.6,24.5
ORD_003509,3.84,20,2,Clear,High,Evening Peak,Scooter,2.1,33.0
ORD_003510,2.16,10,2,Windy,Medium,Afternoon,Scooter,5.5,18.3
ORD_003511,10.66,10,1,Clear,High,Afternoon,Motorcycle,3.3,47.0
ORD_003512,5.47,15,2,Clear,High,Afternoon,Electric Bike,4.9,34.9
ORD_003513,3.96,25,3,Clear,Low,Late Night,Electric Bike,2.7,40.8
ORD_003514,4.34,20,3,Clear,High,Morning,Electric Bike,4.2,38.7
ORD_003515,7.5,10,3,Clear,Low,Evening Peak,Scooter,1.4,32.4
ORD_003516,3.95,25,2,Heavy Storm,Low,Afternoon,Motorcycle,4.6,41.8
ORD_003517,2.94,30,1,Clear,Low,Morning,Motorcycle,4.8,32.8
ORD_003518,4.81,15,3,Rainy,Low,Late Night,Scooter,1.0,32.7
ORD_003519,4.72,20,1,Heavy Storm,High,Evening Peak,Motorcycle,1.5,49.3
ORD_003520,4.67,15,2,Clear,Jam,Evening Peak,Motorcycle,3.0,36.0
ORD_003521,3.98,30,3,Rainy,High,Afternoon,Electric Bike,4.0,55.8
ORD_003522,10.06,20,1,Clear,High,Afternoon,Motorcycle,4.0,54.1
ORD_003523,19.55,30,3,Heavy Storm,High,Evening Peak,Motorcycle,4.2,95.0
ORD_003524,2.74,15,3,Rainy,High,Evening Peak,Scooter,4.4,30.4
ORD_003525,1.44,15,4,Rainy,Medium,Evening Peak,Scooter,3.3,30.0
ORD_003526,4.48,25,2,Clear,Medium,Evening Peak,Motorcycle,3.7,37.6
ORD_003527,1.53,25,4,Rainy,Low,Evening Peak,Motorcycle,0.5,39.1
ORD_003528,2.05,20,2,Rainy,Medium,Evening Peak,Motorcycle,1.4,32.5
ORD_003529,3.79,25,2,Foggy,Low,Evening Peak,Motorcycle,3.2,37.9
ORD_003530,7.47,20,6,Clear,Low,Morning,Motorcycle,4.6,37.4
ORD_003531,4.45,20,2,Clear,Low,Evening Peak,Electric Bike,4.9,30.4
ORD_003532,1.28,15,4,Clear,Jam,Evening Peak,Electric Bike,4.5,23.2
ORD_003533,4.41,15,3,Foggy,Low,Morning,Motorcycle,3.2,26.8
ORD_003534,4.6,15,2,Clear,High,Evening Peak,Electric Bike,2.0,36.8
ORD_003535,4.65,20,1,Heavy Storm,High,Late Night,Motorcycle,2.9,50.8
ORD_003536,9.24,15,2,Clear,Medium,Afternoon,Motorcycle,0.6,39.6
ORD_003537,8.39,10,2,Clear,High,Morning,Motorcycle,3.8,35.6
ORD_003538,5.35,10,2,Windy,Medium,Evening Peak,Electric Bike,0.9,36.4
ORD_003539,14.45,30,3,Foggy,Medium,Afternoon,Motorcycle,1.3,73.5
ORD_003540,3.79,10,2,Clear,Jam,Evening Peak,Motorcycle,3.9,24.8
ORD_003541,4.77,10,3,Clear,Low,Evening Peak,Electric Bike,0.6,24.5
ORD_003542,5.06,15,3,Clear,Medium,Evening Peak,Electric Bike,3.7,29.6
ORD_003543,2.15,15,3,Windy,Low,Afternoon,Motorcycle,4.0,26.2
ORD_003544,5.12,15,3,Foggy,Medium,Late Night,Motorcycle,4.8,32.9
ORD_003545,1.94,10,4,Clear,High,Morning,Motorcycle,0.9,17.0
ORD_003546,3.46,10,2,Clear,Jam,Morning,Motorcycle,0.5,28.5
ORD_003547,5.49,25,4,Clear,Low,Evening Peak,Motorcycle,4.7,37.1
ORD_003548,2.34,25,3,Clear,Low,Morning,Scooter,2.1,31.2
ORD_003549,6.18,10,3,Windy,Low,Evening Peak,Scooter,5.4,26.6
ORD_003550,3.15,20,1,Windy,Jam,Evening Peak,Motorcycle,1.5,38.2
ORD_003551,4.14,20,4,Clear,Medium,Afternoon,Electric Bike,3.7,35.4
ORD_003552,6.79,20,3,Clear,Medium,Afternoon,Scooter,1.1,46.2
ORD_003553,4.9,15,1,Clear,High,Evening Peak,Electric Bike,2.7,35.0
ORD_003554,6.1,15,1,Windy,Low,Afternoon,Motorcycle,5.4,28.2
ORD_003555,6.56,20,2,Clear,Medium,Morning,Electric Bike,3.8,44.9
ORD_003556,4.85,15,2,Clear,Low,Evening Peak,Electric Bike,4.3,27.9
ORD_003557,6.3,15,2,Clear,Jam,Evening Peak,Electric Bike,1.7,58.6
ORD_003558,3.42,15,1,Clear,Medium,Afternoon,Scooter,5.6,25.7
ORD_003559,6.75,25,2,Rainy,Medium,Morning,Scooter,3.9,54.5
ORD_003560,4.49,15,6,Clear,Medium,Afternoon,Scooter,1.1,32.0
ORD_003561,10.21,15,3,Windy,Low,Evening Peak,Electric Bike,0.6,50.0
ORD_003562,5.55,25,2,Rainy,High,Morning,Motorcycle,0.6,54.9
ORD_003563,3.71,25,2,Clear,Medium,Afternoon,Motorcycle,0.8,34.1
ORD_003564,6.81,15,3,Clear,Low,Late Night,Motorcycle,5.5,30.3
ORD_003565,10.46,15,3,Clear,Medium,Afternoon,Motorcycle,2.5,47.2
ORD_003566,3.9,20,1,Rainy,Jam,Morning,Electric Bike,2.1,48.6
ORD_003567,3.53,10,2,Heavy Storm,High,Afternoon,Electric Bike,2.8,35.5
ORD_003568,1.09,20,3,Foggy,Jam,Morning,Motorcycle,2.8,27.5
ORD_003569,5.54,25,2,Windy,Jam,Morning,Motorcycle,1.8,50.6
ORD_003570,4.24,15,2,Rainy,High,Morning,Motorcycle,1.0,36.1
ORD_003571,6.8,15,1,Rainy,Medium,Afternoon,Scooter,1.1,43.5
ORD_003572,6.88,10,1,Rainy,High,Morning,Motorcycle,3.8,37.6
ORD_003573,2.2,20,3,Clear,Medium,Morning,Scooter,2.7,27.8
ORD_003574,8.37,15,3,Clear,Medium,Evening Peak,Motorcycle,5.5,33.0
ORD_003575,3.25,15,2,Foggy,High,Afternoon,Motorcycle,3.1,35.2
ORD_003576,3.91,15,4,Clear,Low,Evening Peak,Motorcycle,3.3,25.1
ORD_003577,6.2,15,3,Foggy,Medium,Afternoon,Motorcycle,5.6,35.0
ORD_003578,2.64,20,2,Clear,Jam,Late Night,Scooter,3.3,32.1
ORD_003579,3.55,15,2,Windy,High,Evening Peak,Scooter,3.3,26.0
ORD_003580,2.5,20,2,Rainy,Low,Late Night,Scooter,2.5,31.8
ORD_003581,8.78,15,1,Clear,Low,Evening Peak,Motorcycle,4.4,29.6
ORD_003582,4.11,15,1,Foggy,Medium,Evening Peak,Motorcycle,2.7,25.4
ORD_003583,2.37,25,4,Clear,High,Evening Peak,Motorcycle,3.7,32.4
ORD_003584,2.46,20,6,Windy,High,Evening Peak,Electric Bike,3.0,35.2
ORD_003585,7.98,25,3,Clear,Medium,Evening Peak,Motorcycle,3.4,44.8
ORD_003586,3.08,10,1,Clear,Medium,Afternoon,Motorcycle,5.0,16.6
ORD_003587,3.86,15,3,Rainy,High,Morning,Scooter,2.8,38.0
ORD_003588,5.24,20,3,Clear,Jam,Evening Peak,Scooter,1.8,48.5
ORD_003589,4.27,25,2,Windy,Medium,Morning,Scooter,3.6,39.3
ORD_003590,1.67,25,2,Clear,Low,Evening Peak,Motorcycle,5.7,24.8
ORD_003591,7.21,25,1,Windy,Medium,Late Night,Electric Bike,4.3,48.9
ORD_003592,4.45,10,2,Heavy Storm,Low,Morning,Electric Bike,2.2,36.4
ORD_003593,6.06,25,2,Clear,Medium,Evening Peak,Scooter,5.8,43.6
ORD_003594,7.51,25,2,Clear,Low,Late Night,Motorcycle,2.4,39.9
ORD_003595,1.49,10,6,Foggy,Medium,Evening Peak,Scooter,5.9,19.3
ORD_003596,7.55,15,3,Clear,Medium,Evening Peak,Motorcycle,1.6,34.8
ORD_003597,17.43,20,4,Clear,Medium,Afternoon,Motorcycle,6.0,65.5
ORD_003598,6.43,15,1,Clear,High,Afternoon,Motorcycle,0.9,36.6
ORD_003599,10.3,20,2,Clear,Medium,Evening Peak,Motorcycle,4.4,45.7
ORD_003600,8.61,25,5,Windy,Low,Late Night,Scooter,4.6,44.7
ORD_003601,7.39,25,2,Rainy,Medium,Late Night,Scooter,4.2,49.5
ORD_003602,8.78,30,4,Windy,Jam,Evening Peak,Motorcycle,4.8,73.3
ORD_003603,9.63,15,3,Rainy,High,Evening Peak,Scooter,3.1,55.4
ORD_003604,9.84,15,1,Windy,Medium,Evening Peak,Motorcycle,0.8,43.2
ORD_003605,2.46,20,1,Foggy,Low,Afternoon,Motorcycle,2.5,27.7
ORD_003606,9.09,15,3,Heavy Storm,Medium,Evening Peak,Scooter,4.0,54.6
ORD_003607,4.42,10,5,Clear,High,Evening Peak,Motorcycle,4.1,26.4
ORD_003608,10.04,20,3,Clear,Jam,Morning,Motorcycle,1.6,68.5
ORD_003609,6.75,15,3,Clear,Medium,Late Night,Motorcycle,1.9,35.5
ORD_003610,2.44,10,3,Clear,High,Afternoon,Motorcycle,3.2,20.6
ORD_003611,10.83,10,1,Clear,High,Evening Peak,Motorcycle,4.5,45.7
ORD_003612,3.26,30,4,Windy,Low,Late Night,Motorcycle,5.2,38.4
ORD_003613,4.29,15,3,Clear,High,Morning,Motorcycle,1.0,33.6
ORD_003614,12.27,15,2,Clear,Low,Morning,Motorcycle,5.6,42.5
ORD_003615,5.57,30,2,Clear,Medium,Afternoon,Electric Bike,5.6,46.3
ORD_003616,4.19,15,2,Clear,High,Morning,Electric Bike,0.5,39.3
ORD_003617,4.92,10,3,Clear,Jam,Late Night,Motorcycle,3.3,33.7
ORD_003618,4.14,20,6,Clear,Medium,Evening Peak,Electric Bike,3.7,40.9
ORD_003619,7.97,10,4,Clear,Medium,Evening Peak,Motorcycle,3.5,35.9
ORD_003620,4.21,10,2,Clear,Medium,Evening Peak,Motorcycle,3.9,21.2
ORD_003621,5.01,25,2,Rainy,Medium,Afternoon,Motorcycle,3.3,45.4
ORD_003622,7.07,15,2,Windy,High,Evening Peak,Motorcycle,2.1,41.4
ORD_003623,6.63,20,3,Clear,High,Morning,Scooter,1.0,45.7
ORD_003624,3.41,20,2,Foggy,Jam,Morning,Scooter,1.6,39.8
ORD_003625,8.02,15,1,Heavy Storm,High,Afternoon,Electric Bike,4.6,66.0
ORD_003626,3.78,20,1,Clear,Medium,Late Night,Scooter,1.8,33.8
ORD_003627,2.77,10,3,Clear,Medium,Afternoon,Motorcycle,5.1,19.0
ORD_003628,1.75,15,4,Heavy Storm,Medium,Evening Peak,Motorcycle,2.7,32.5
ORD_003629,4.63,20,2,Clear,High,Late Night,Motorcycle,2.8,31.8
ORD_003630,1.95,15,2,Clear,Low,Afternoon,Motorcycle,5.3,17.5
ORD_003631,3.14,20,2,Clear,Medium,Evening Peak,Motorcycle,1.7,26.9
ORD_003632,5.09,10,3,Clear,Low,Morning,Scooter,1.5,22.9
ORD_003633,9.51,15,1,Clear,Medium,Evening Peak,Motorcycle,5.9,37.8
ORD_003634,4.36,20,4,Clear,Low,Morning,Scooter,3.5,31.4
ORD_003635,2.18,15,8,Clear,Medium,Afternoon,Scooter,1.5,25.0
ORD_003636,4.82,25,2,Rainy,Medium,Afternoon,Motorcycle,1.4,47.3
ORD_003637,9.3,20,4,Foggy,Medium,Afternoon,Motorcycle,5.2,52.0
ORD_003638,4.3,30,2,Rainy,Medium,Afternoon,Motorcycle,3.8,51.1
ORD_003639,10.43,15,1,Clear,Medium,Afternoon,Electric Bike,1.1,54.2
ORD_003640,5.07,30,2,Clear,Medium,Late Night,Scooter,5.4,45.4
ORD_003641,7.57,20,1,Clear,High,Evening Peak,Electric Bike,2.9,55.8
ORD_003642,5.81,20,1,Clear,Low,Late Night,Motorcycle,5.9,29.9
ORD_003643,10.14,30,3,Clear,Medium,Morning,Motorcycle,2.0,56.8
ORD_003644,15.0,20,1,Clear,Low,Evening Peak,Motorcycle,3.4,53.4
ORD_003645,3.89,25,2,Clear,Low,Afternoon,Motorcycle,1.5,33.9
ORD_003646,5.62,20,2,Clear,Low,Late Night,Motorcycle,2.9,30.3
ORD_003647,9.51,20,5,Rainy,Low,Evening Peak,Electric Bike,1.5,60.5
ORD_003648,5.92,15,3,Clear,Medium,Evening Peak,Scooter,2.2,32.6
ORD_003649,1.71,10,1,Windy,Medium,Late Night,Scooter,2.0,15.1
ORD_003650,4.34,20,2,Rainy,High,Afternoon,Motorcycle,2.1,41.0
ORD_003651,5.9,35,1,Clear,Medium,Evening Peak,Scooter,5.8,51.8
ORD_003652,11.72,25,3,Rainy,Medium,Evening Peak,Motorcycle,0.7,64.7
ORD_003653,5.45,20,1,Foggy,Low,Evening Peak,Electric Bike,3.2,40.6
ORD_003654,3.02,20,2,Clear,Medium,Afternoon,Motorcycle,4.0,23.3
ORD_003655,5.98,15,1,Rainy,High,Afternoon,Motorcycle,4.1,38.4
ORD_003656,11.06,15,3,Foggy,Medium,Afternoon,Electric Bike,4.7,59.7
ORD_003657,3.55,15,2,Clear,Medium,Late Night,Motorcycle,4.7,23.5
ORD_003658,3.81,10,2,Rainy,Medium,Late Night,Motorcycle,5.8,24.2
ORD_003659,3.58,20,3,Clear,Medium,Evening Peak,Scooter,4.7,30.9
ORD_003660,2.34,25,3,Foggy,Medium,Evening Peak,Motorcycle,5.0,37.8
ORD_003661,5.31,15,1,Windy,Low,Afternoon,Motorcycle,3.4,25.4
ORD_003662,4.96,10,1,Clear,High,Morning,Scooter,4.1,29.5
ORD_003663,1.81,15,1,Windy,Low,Evening Peak,Motorcycle,3.1,19.0
ORD_003664,3.16,15,2,Windy,Low,Evening Peak,Motorcycle,2.0,27.2
ORD_003665,5.71,15,1,Foggy,High,Afternoon,Scooter,2.2,41.3
ORD_003666,7.47,15,2,Rainy,Medium,Late Night,Scooter,2.5,42.9
ORD_003667,8.63,15,1,Windy,Low,Afternoon,Motorcycle,2.4,35.9
ORD_003668,7.81,30,1,Heavy Storm,Medium,Evening Peak,Electric Bike,3.4,68.9
ORD_003669,5.13,15,2,Foggy,Medium,Morning,Scooter,1.9,32.3
ORD_003670,2.13,25,2,Rainy,Medium,Afternoon,Motorcycle,3.3,36.0
ORD_003671,4.5,20,2,Clear,High,Evening Peak,Electric Bike,5.5,39.3
ORD_003672,1.23,15,1,Clear,Medium,Afternoon,Motorcycle,2.7,14.9
ORD_003673,5.73,25,1,Clear,Medium,Late Night,Electric Bike,1.7,41.6
ORD_003674,3.48,20,1,Clear,Jam,Evening Peak,Electric Bike,2.4,40.3
ORD_003675,1.47,10,3,Heavy Storm,Low,Evening Peak,Motorcycle,5.3,25.2
ORD_003676,6.33,10,3,Clear,Low,Evening Peak,Scooter,5.7,20.5
ORD_003677,10.99,25,4,Clear,Low,Afternoon,Scooter,5.4,50.0
ORD_003678,1.96,15,5,Clear,Low,Evening Peak,Scooter,2.1,23.4
ORD_003679,6.62,15,3,Foggy,Medium,Morning,Electric Bike,2.6,42.3
ORD_003680,4.08,10,1,Clear,High,Afternoon,Scooter,5.9,22.4
ORD_003681,3.25,15,1,Clear,High,Late Night,Scooter,2.3,25.7
ORD_003682,3.26,25,3,Clear,High,Morning,Motorcycle,1.3,35.9
ORD_003683,4.07,25,4,Clear,Medium,Afternoon,Electric Bike,2.1,36.4
ORD_003684,4.07,20,3,Clear,Medium,Late Night,Scooter,5.8,33.2
ORD_003685,5.01,15,2,Foggy,Medium,Late Night,Motorcycle,2.8,33.0
ORD_003686,3.08,30,1,Clear,High,Afternoon,Scooter,5.6,36.8
ORD_003687,3.45,20,3,Heavy Storm,Medium,Evening Peak,Motorcycle,1.1,47.8
ORD_003688,6.97,25,2,Clear,High,Evening Peak,Motorcycle,4.7,48.0
ORD_003689,2.92,10,2,Clear,Medium,Evening Peak,Electric Bike,1.0,19.9
ORD_003690,5.94,15,2,Foggy,Low,Evening Peak,Electric Bike,1.6,39.8
ORD_003691,4.2,25,4,Clear,Medium,Evening Peak,Scooter,3.9,36.9
ORD_003692,3.72,15,3,Clear,Medium,Morning,Scooter,2.9,24.3
ORD_003693,12.98,20,3,Clear,Jam,Evening Peak,Motorcycle,4.2,77.9
ORD_003694,2.37,20,2,Foggy,Low,Afternoon,Motorcycle,5.9,26.9
ORD_003695,11.41,15,2,Clear,Medium,Evening Peak,Motorcycle,0.8,46.7
ORD_003696,8.08,25,8,Rainy,Low,Evening Peak,Motorcycle,1.6,53.1
ORD_003697,3.53,10,2,Clear,High,Late Night,Motorcycle,4.0,22.1
ORD_003698,8.21,20,2,Clear,Medium,Late Night,Motorcycle,5.4,37.2
ORD_003699,1.05,35,3,Rainy,High,Late Night,Electric Bike,4.9,45.1
ORD_003700,3.34,30,3,Foggy,High,Evening Peak,Scooter,3.1,46.9
ORD_003701,2.94,25,2,Foggy,Medium,Evening Peak,Scooter,4.6,35.2
ORD_003702,6.37,20,3,Rainy,Jam,Morning,Motorcycle,1.6,58.2
ORD_003703,7.55,20,4,Clear,Medium,Morning,Scooter,0.6,46.9
ORD_003704,6.31,20,4,Foggy,Jam,Afternoon,Motorcycle,3.6,53.8
ORD_003705,5.51,10,1,Clear,Low,Evening Peak,Motorcycle,5.0,17.4
ORD_003706,8.51,10,3,Clear,High,Evening Peak,Electric Bike,2.9,46.9
ORD_003707,7.85,20,2,Clear,Medium,Afternoon,Electric Bike,3.6,48.4
ORD_003708,3.48,10,1,Rainy,High,Morning,Scooter,2.8,28.7
ORD_003709,3.71,30,4,Foggy,Jam,Evening Peak,Motorcycle,3.3,55.1
ORD_003710,7.6,15,2,Clear,Jam,Late Night,Electric Bike,5.4,60.3
ORD_003711,4.98,15,4,Clear,Medium,Morning,Scooter,3.1,31.2
ORD_003712,5.18,15,3,Clear,Medium,Evening Peak,Scooter,0.5,32.0
ORD_003713,5.57,25,2,Clear,Medium,Morning,Scooter,4.9,38.0
ORD_003714,1.75,30,3,Windy,High,Afternoon,Electric Bike,3.9,39.7
ORD_003715,3.39,10,6,Clear,Medium,Late Night,Motorcycle,4.5,23.3
ORD_003716,6.68,25,3,Windy,High,Morning,Motorcycle,5.5,46.2
ORD_003717,3.38,20,4,Rainy,Low,Morning,Scooter,2.1,37.8
ORD_003718,4.47,20,4,Clear,Medium,Morning,Motorcycle,3.3,35.4
ORD_003719,6.66,25,2,Rainy,Medium,Evening Peak,Motorcycle,3.8,48.0
ORD_003720,8.78,15,1,Clear,Low,Morning,Electric Bike,2.4,40.4
ORD_003721,9.37,20,6,Clear,Low,Afternoon,Electric Bike,5.2,48.7
ORD_003722,9.67,15,4,Clear,Medium,Late Night,Motorcycle,4.3,46.3
ORD_003723,4.72,10,3,Clear,Low,Morning,Electric Bike,4.5,24.0
ORD_003724,4.44,10,5,Heavy Storm,High,Late Night,Scooter,4.9,40.8
ORD_003725,2.53,10,3,Clear,Jam,Morning,Scooter,1.9,23.9
ORD_003726,11.02,20,3,Windy,Low,Morning,Motorcycle,4.6,47.1
ORD_003727,4.33,10,3,Windy,High,Evening Peak,Motorcycle,4.8,25.3
ORD_003728,10.88,20,4,Clear,Medium,Afternoon,Motorcycle,5.1,48.9
ORD_003729,6.03,20,2,Clear,Medium,Morning,Scooter,3.2,35.3
ORD_003730,9.01,30,2,Clear,High,Evening Peak,Motorcycle,3.3,54.4
ORD_003731,4.9,20,1,Clear,High,Afternoon,Motorcycle,1.0,33.5
ORD_003732,7.03,35,4,Heavy Storm,Jam,Late Night,Scooter,5.2,86.3
ORD_003733,9.18,10,2,Windy,High,Afternoon,Motorcycle,3.4,41.1
ORD_003734,3.82,20,2,Heavy Storm,High,Evening Peak,Motorcycle,3.8,44.5
ORD_003735,9.7,10,2,Windy,Medium,Afternoon,Motorcycle,1.2,39.9
ORD_003736,2.73,20,4,Clear,Medium,Morning,Scooter,3.8,30.2
ORD_003737,12.79,15,3,Clear,Low,Late Night,Motorcycle,0.7,46.4
ORD_003738,5.58,20,4,Foggy,Low,Evening Peak,Motorcycle,5.6,35.5
ORD_003739,3.42,15,1,Clear,Medium,Evening Peak,Motorcycle,5.2,23.2
ORD_003740,7.99,15,1,Clear,Medium,Afternoon,Motorcycle,1.6,34.5
ORD_003741,6.19,20,3,Clear,Low,Afternoon,Motorcycle,3.8,35.5
ORD_003742,1.8,30,2,Clear,Medium,Evening Peak,Scooter,3.8,36.2
ORD_003743,4.08,15,5,Windy,Low,Evening Peak,Scooter,4.9,28.4
ORD_003744,2.8,30,3,Rainy,High,Afternoon,Scooter,4.7,47.9
ORD_003745,2.95,10,3,Clear,High,Afternoon,Scooter,6.0,23.5
ORD_003746,2.89,20,1,Foggy,Medium,Morning,Scooter,2.4,35.7
ORD_003747,6.84,30,3,Windy,Medium,Evening Peak,Motorcycle,1.2,53.6
ORD_003748,8.33,10,2,Clear,Jam,Afternoon,Electric Bike,3.7,65.9
ORD_003749,3.25,15,1,Clear,Jam,Afternoon,Motorcycle,4.7,26.5
ORD_003750,1.56,15,3,Rainy,High,Morning,Electric Bike,2.1,27.6
ORD_003751,1.22,15,1,Clear,Medium,Afternoon,Scooter,1.8,19.0
ORD_003752,14.49,25,2,Clear,Low,Evening Peak,Motorcycle,4.9,54.0
ORD_003753,5.62,20,1,Clear,Medium,Evening Peak,Electric Bike,4.6,38.3
ORD_003754,8.02,30,1,Clear,High,Afternoon,Motorcycle,1.6,54.8
ORD_003755,4.58,15,2,Clear,Medium,Afternoon,Scooter,5.3,28.8
ORD_003756,1.41,20,2,Clear,High,Evening Peak,Electric Bike,1.2,26.3
ORD_003757,6.47,15,2,Clear,Low,Morning,Motorcycle,1.1,31.2
ORD_003758,12.04,30,6,Clear,Low,Afternoon,Scooter,2.4,63.8
ORD_003759,3.53,10,1,Clear,High,Morning,Scooter,5.4,21.3
ORD_003760,1.33,35,2,Clear,Medium,Afternoon,Scooter,4.3,38.4
ORD_003761,2.52,15,2,Foggy,Medium,Afternoon,Motorcycle,2.7,26.1
ORD_003762,8.24,20,2,Clear,Medium,Morning,Motorcycle,1.4,43.8
ORD_003763,6.16,15,3,Clear,High,Evening Peak,Motorcycle,4.4,37.0
ORD_003764,9.72,25,4,Rainy,High,Afternoon,Motorcycle,3.8,63.7
ORD_003765,5.16,20,2,Clear,Low,Afternoon,Motorcycle,5.9,29.8
ORD_003766,7.48,20,2,Foggy,Medium,Afternoon,Motorcycle,4.7,41.0
ORD_003767,4.01,20,2,Windy,High,Afternoon,Motorcycle,1.1,33.5
ORD_003768,2.64,15,3,Clear,Jam,Evening Peak,Motorcycle,4.5,22.7
ORD_003769,7.49,10,1,Rainy,Jam,Afternoon,Motorcycle,1.9,46.2
ORD_003770,8.32,25,2,Clear,Low,Evening Peak,Scooter,5.8,41.3
ORD_003771,3.58,15,2,Foggy,Low,Evening Peak,Electric Bike,0.6,25.3
ORD_003772,11.43,25,3,Clear,Medium,Afternoon,Motorcycle,1.8,58.0
ORD_003773,11.61,20,2,Clear,Medium,Evening Peak,Scooter,3.2,52.5
ORD_003774,2.9,15,2,Heavy Storm,Low,Evening Peak,Scooter,0.9,37.6
ORD_003775,2.97,20,1,Windy,High,Evening Peak,Motorcycle,2.4,32.5
ORD_003776,3.06,20,1,Clear,Low,Morning,Scooter,3.2,27.0
ORD_003777,4.77,20,3,Clear,Medium,Evening Peak,Scooter,3.0,32.7
ORD_003778,4.12,25,2,Windy,High,Afternoon,Electric Bike,3.0,45.6
ORD_003779,2.32,15,3,Clear,High,Morning,Electric Bike,5.3,28.2
ORD_003780,3.11,30,5,Rainy,Medium,Evening Peak,Scooter,3.3,47.8
ORD_003781,1.42,15,3,Rainy,Jam,Afternoon,Electric Bike,5.7,28.6
ORD_003782,1.54,25,5,Clear,Low,Afternoon,Motorcycle,1.3,29.9
ORD_003783,2.07,15,1,Foggy,High,Evening Peak,Motorcycle,2.0,25.8
ORD_003784,14.04,10,2,Rainy,Low,Morning,Motorcycle,4.1,47.9
ORD_003785,13.08,20,2,Clear,Low,Morning,Scooter,2.1,50.7
ORD_003786,7.73,15,1,Clear,Medium,Evening Peak,Motorcycle,2.4,34.8
ORD_003787,3.6,35,2,Clear,Low,Afternoon,Scooter,5.5,45.7
ORD_003788,2.05,10,4,Clear,Medium,Afternoon,Scooter,3.5,16.7
ORD_003789,5.1,10,3,Heavy Storm,Low,Evening Peak,Electric Bike,2.3,37.3
ORD_003790,6.57,10,3,Clear,Medium,Evening Peak,Motorcycle,4.8,27.3
ORD_003791,3.28,15,2,Clear,Medium,Afternoon,Scooter,0.9,24.0
ORD_003792,6.37,20,2,Clear,Low,Morning,Motorcycle,3.6,34.2
ORD_003793,2.51,20,2,Clear,High,Evening Peak,Motorcycle,1.0,31.9
ORD_003794,3.64,15,2,Clear,Medium,Morning,Electric Bike,1.5,23.1
ORD_003795,4.42,10,8,Foggy,Medium,Evening Peak,Motorcycle,0.8,29.8
ORD_003796,13.31,15,3,Windy,Medium,Afternoon,Motorcycle,5.5,50.1
ORD_003797,3.08,15,1,Clear,Low,Morning,Electric Bike,0.8,23.7
ORD_003798,6.55,20,8,Foggy,Medium,Evening Peak,Motorcycle,3.3,47.9
ORD_003799,2.82,25,1,Rainy,High,Afternoon,Scooter,1.7,42.7
ORD_003800,2.6,25,3,Clear,Jam,Afternoon,Scooter,2.6,36.9
ORD_003801,3.27,30,2,Clear,High,Evening Peak,Motorcycle,3.2,36.6
ORD_003802,5.2,25,2,Clear,Low,Afternoon,Scooter,3.0,36.7
ORD_003803,12.28,15,3,Clear,Low,Afternoon,Scooter,4.6,47.7
ORD_003804,3.56,15,2,Windy,Low,Evening Peak,Scooter,5.5,21.1
ORD_003805,8.35,30,1,Foggy,Low,Morning,Motorcycle,2.2,51.4
ORD_003806,13.68,20,3,Clear,Medium,Afternoon,Motorcycle,0.6,59.4
ORD_003807,5.93,15,1,Clear,Low,Afternoon,Electric Bike,5.4,30.3
ORD_003808,9.22,20,2,Clear,Medium,Afternoon,Motorcycle,5.9,40.4
ORD_003809,3.17,35,1,Clear,Low,Afternoon,Scooter,2.9,40.5
ORD_003810,6.45,25,3,Rainy,High,Late Night,Scooter,3.0,60.7
ORD_003811,7.41,15,4,Foggy,High,Evening Peak,Motorcycle,1.3,39.8
ORD_003812,2.25,30,2,Clear,Jam,Morning,Motorcycle,3.1,34.9
ORD_003813,2.99,35,2,Clear,Jam,Evening Peak,Scooter,2.2,51.8
ORD_003814,4.31,15,1,Rainy,High,Morning,Scooter,6.0,36.5
ORD_003815,3.32,25,1,Clear,Low,Late Night,Motorcycle,1.5,32.7
ORD_003816,4.6,25,2,Foggy,Low,Afternoon,Motorcycle,2.6,37.2
ORD_003817,2.08,10,4,Clear,Medium,Late Night,Scooter,3.9,18.0
ORD_003818,12.92,20,3,Clear,Medium,Evening Peak,Scooter,2.4,56.7
ORD_003819,8.84,15,1,Windy,Medium,Evening Peak,Scooter,3.1,43.9
ORD_003820,22.0,20,3,Clear,High,Morning,Motorcycle,5.9,91.8
ORD_003821,2.41,30,1,Clear,Low,Late Night,Motorcycle,3.3,34.6
ORD_003822,6.6,15,2,Clear,Medium,Morning,Scooter,5.5,37.1
ORD_003823,3.34,15,5,Clear,Low,Late Night,Motorcycle,0.7,23.2
ORD_003824,2.59,30,3,Foggy,High,Afternoon,Motorcycle,1.2,45.7
ORD_003825,8.56,35,3,Clear,Low,Evening Peak,Electric Bike,5.7,59.8
ORD_003826,5.3,10,3,Windy,Medium,Evening Peak,Motorcycle,1.2,31.2
ORD_003827,4.14,30,1,Clear,Medium,Evening Peak,Motorcycle,4.6,39.2
ORD_003828,6.04,10,1,Foggy,Medium,Afternoon,Scooter,3.0,29.6
ORD_003829,3.06,15,2,Clear,Low,Afternoon,Electric Bike,2.7,24.0
ORD_003830,3.0,25,1,Clear,Jam,Afternoon,Electric Bike,4.1,37.4
ORD_003831,3.41,25,1,Clear,Medium,Evening Peak,Scooter,4.5,32.8
ORD_003832,9.54,20,2,Clear,Medium,Late Night,Scooter,5.6,50.0
ORD_003833,9.1,10,2,Clear,Low,Evening Peak,Electric Bike,1.9,37.8
ORD_003834,2.34,10,1,Clear,High,Evening Peak,Scooter,4.3,14.8
ORD_003835,12.6,30,6,Heavy Storm,Low,Evening Peak,Motorcycle,2.4,74.4
ORD_003836,5.04,10,3,Windy,Low,Evening Peak,Scooter,4.4,23.3
ORD_003837,6.53,10,3,Clear,Medium,Evening Peak,Motorcycle,1.3,27.7
ORD_003838,3.35,25,4,Clear,Jam,Afternoon,Motorcycle,3.0,41.4
ORD_003839,5.2,20,3,Rainy,Low,Afternoon,Motorcycle,1.5,41.1
ORD_003840,2.58,15,2,Rainy,Low,Afternoon,Scooter,2.4,30.4
ORD_003841,3.21,15,2,Heavy Storm,High,Evening Peak,Electric Bike,4.4,44.2
ORD_003842,8.16,25,1,Rainy,High,Morning,Electric Bike,1.8,65.4
ORD_003843,8.27,35,2,Clear,High,Evening Peak,Scooter,4.3,67.4
ORD_003844,6.71,10,3,Clear,Medium,Afternoon,Motorcycle,3.2,31.5
ORD_003845,3.99,20,2,Windy,Medium,Evening Peak,Motorcycle,1.0,31.3
ORD_003846,2.32,15,1,Foggy,Medium,Morning,Motorcycle,2.6,25.5
ORD_003847,10.2,25,4,Clear,Medium,Afternoon,Scooter,5.3,52.6
ORD_003848,8.62,15,3,Clear,Jam,Morning,Motorcycle,5.9,50.5
ORD_003849,1.66,20,3,Heavy Storm,Medium,Morning,Scooter,2.5,38.9
ORD_003850,8.35,20,6,Rainy,Low,Evening Peak,Scooter,0.8,50.6
ORD_003851,4.14,20,5,Clear,Medium,Afternoon,Motorcycle,1.2,34.0
ORD_003852,7.55,25,1,Clear,Jam,Evening Peak,Motorcycle,4.8,52.8
ORD_003853,2.09,15,3,Rainy,Medium,Afternoon,Motorcycle,4.1,27.3
ORD_003854,3.45,25,5,Clear,Medium,Evening Peak,Scooter,2.1,37.9
ORD_003855,5.42,15,4,Foggy,Medium,Morning,Motorcycle,2.7,35.8
ORD_003856,12.92,15,4,Clear,Low,Morning,Motorcycle,5.0,44.0
ORD_003857,5.43,15,4,Foggy,Medium,Evening Peak,Motorcycle,2.8,39.4
ORD_003858,9.32,15,8,Clear,High,Afternoon,Scooter,4.7,51.8
ORD_003859,5.85,15,2,Rainy,Medium,Morning,Motorcycle,2.1,39.2
ORD_003860,5.73,25,1,Clear,High,Late Night,Motorcycle,4.5,38.8
ORD_003861,6.92,20,1,Clear,High,Afternoon,Motorcycle,3.1,42.6
ORD_003862,4.96,25,4,Clear,Medium,Afternoon,Motorcycle,3.5,38.8
ORD_003863,8.05,20,2,Windy,High,Afternoon,Motorcycle,3.8,44.8
ORD_003864,2.69,15,2,Clear,High,Late Night,Motorcycle,3.0,25.6
ORD_003865,4.98,10,3,Windy,Medium,Afternoon,Scooter,3.1,25.3
ORD_003866,13.55,25,1,Clear,Medium,Afternoon,Motorcycle,2.0,59.3
ORD_003867,9.54,10,1,Rainy,Low,Late Night,Motorcycle,5.9,35.1
ORD_003868,6.15,10,2,Clear,Medium,Morning,Scooter,5.5,28.8
ORD_003869,8.8,10,2,Rainy,Medium,Late Night,Motorcycle,3.4,36.7
ORD_003870,11.54,15,2,Windy,Jam,Evening Peak,Motorcycle,0.7,71.4
ORD_003871,1.55,20,1,Clear,Low,Afternoon,Electric Bike,1.4,23.0
ORD_003872,4.37,10,1,Clear,High,Afternoon,Scooter,5.2,24.4
ORD_003873,3.44,20,2,Heavy Storm,Low,Evening Peak,Electric Bike,5.6,41.4
ORD_003874,2.18,15,1,Clear,Jam,Morning,Motorcycle,1.4,23.2
ORD_003875,14.66,25,3,Foggy,Medium,Evening Peak,Scooter,4.5,73.6
ORD_003876,7.11,25,1,Clear,Medium,Afternoon,Motorcycle,3.9,44.8
ORD_003877,8.63,20,3,Rainy,Medium,Evening Peak,Scooter,2.2,53.7
ORD_003878,3.53,15,1,Foggy,Low,Morning,Motorcycle,2.9,23.4
ORD_003879,4.31,15,6,Rainy,High,Afternoon,Scooter,4.2,38.6
ORD_003880,5.12,25,2,Rainy,Medium,Afternoon,Motorcycle,1.1,42.9
ORD_003881,6.42,15,2,Clear,High,Late Night,Motorcycle,1.5,39.8
ORD_003882,7.88,15,2,Clear,Medium,Afternoon,Scooter,0.7,39.7
ORD_003883,7.6,30,2,Clear,Low,Evening Peak,Scooter,5.5,47.2
ORD_003884,4.48,35,1,Clear,High,Morning,Electric Bike,3.7,55.8
ORD_003885,11.8,25,4,Clear,High,Morning,Motorcycle,3.4,64.0
ORD_003886,10.46,35,2,Clear,Jam,Morning,Electric Bike,4.4,95.0
ORD_003887,6.05,25,1,Rainy,High,Evening Peak,Electric Bike,5.9,63.0
ORD_003888,5.23,20,4,Clear,Medium,Afternoon,Scooter,1.4,37.0
ORD_003889,4.29,15,4,Clear,Medium,Late Night,Scooter,1.2,27.1
ORD_003890,6.44,30,5,Windy,Medium,Evening Peak,Motorcycle,2.1,53.5
ORD_003891,10.15,25,1,Rainy,Medium,Evening Peak,Motorcycle,5.5,57.8
ORD_003892,5.3,15,2,Clear,Low,Afternoon,Electric Bike,2.8,30.9
ORD_003893,3.69,15,3,Clear,Low,Late Night,Motorcycle,4.9,24.3
ORD_003894,5.23,10,4,Clear,Medium,Evening Peak,Motorcycle,1.6,27.4
ORD_003895,6.11,30,3,Clear,High,Evening Peak,Motorcycle,3.2,51.4
ORD_003896,2.59,20,2,Windy,Low,Evening Peak,Motorcycle,1.2,27.9
ORD_003897,2.23,15,3,Windy,Low,Late Night,Motorcycle,2.8,23.2
ORD_003898,3.75,15,2,Rainy,High,Afternoon,Scooter,1.9,37.1
ORD_003899,11.79,35,2,Rainy,High,Afternoon,Scooter,3.5,87.7
ORD_003900,9.83,20,3,Rainy,Medium,Afternoon,Motorcycle,4.8,51.7
ORD_003901,1.96,15,2,Clear,Low,Late Night,Scooter,5.7,18.3
ORD_003902,2.93,15,2,Clear,Medium,Afternoon,Scooter,2.1,24.5
ORD_003903,7.8,10,1,Clear,High,Late Night,Motorcycle,4.6,34.9
ORD_003904,4.03,10,4,Windy,Low,Morning,Motorcycle,5.4,22.0
ORD_003905,6.64,20,1,Rainy,Low,Afternoon,Motorcycle,1.2,38.7
ORD_003906,2.02,20,1,Clear,High,Evening Peak,Motorcycle,3.7,26.6
ORD_003907,5.17,15,1,Rainy,Medium,Late Night,Electric Bike,3.9,44.1
ORD_003908,4.87,20,1,Clear,High,Evening Peak,Electric Bike,2.0,42.3
ORD_003909,8.65,10,4,Clear,High,Morning,Electric Bike,0.6,49.8
ORD_003910,6.42,30,3,Foggy,Medium,Evening Peak,Motorcycle,1.9,53.9
ORD_003911,5.57,15,2,Rainy,Medium,Evening Peak,Electric Bike,3.7,46.6
ORD_003912,1.78,10,2,Clear,Medium,Morning,Motorcycle,1.6,17.9
ORD_003913,13.8,15,2,Clear,Low,Evening Peak,Scooter,2.1,46.0
ORD_003914,7.49,10,2,Clear,Medium,Late Night,Motorcycle,4.4,26.0
ORD_003915,3.36,15,2,Clear,Jam,Morning,Scooter,2.7,33.2
ORD_003916,5.49,15,5,Clear,Low,Late Night,Scooter,0.9,30.0
ORD_003917,4.1,20,1,Clear,Low,Afternoon,Scooter,2.7,23.9
ORD_003918,4.56,15,6,Clear,Medium,Evening Peak,Motorcycle,6.0,26.1
ORD_003919,9.74,15,3,Clear,Low,Afternoon,Scooter,1.9,38.9
ORD_003920,2.92,30,5,Clear,Low,Evening Peak,Scooter,2.0,37.3
ORD_003921,7.66,15,3,Windy,Low,Evening Peak,Scooter,1.4,40.4
ORD_003922,9.98,25,1,Windy,Medium,Afternoon,Motorcycle,2.0,55.0
ORD_003923,7.0,15,3,Clear,Medium,Evening Peak,Motorcycle,3.7,32.6
ORD_003924,4.69,15,6,Clear,Low,Afternoon,Motorcycle,5.8,24.8
ORD_003925,3.22,15,2,Clear,Medium,Afternoon,Motorcycle,3.8,21.1
ORD_003926,3.48,15,4,Clear,Low,Evening Peak,Motorcycle,2.8,21.2
ORD_003927,5.55,30,8,Clear,Medium,Evening Peak,Scooter,2.6,50.1
ORD_003928,5.29,10,2,Clear,Low,Morning,Scooter,0.6,25.7
ORD_003929,8.21,20,2,Clear,Medium,Late Night,Motorcycle,0.5,42.7
ORD_003930,2.1,20,2,Foggy,Medium,Morning,Scooter,4.9,26.8
ORD_003931,9.67,10,5,Heavy Storm,Low,Afternoon,Motorcycle,3.2,44.3
ORD_003932,19.02,20,3,Rainy,Low,Afternoon,Motorcycle,0.7,73.2
ORD_003933,4.95,15,3,Rainy,Low,Morning,Motorcycle,2.1,35.5
ORD_003934,4.52,20,1,Foggy,Medium,Morning,Motorcycle,2.5,33.7
ORD_003935,4.77,25,2,Rainy,High,Evening Peak,Scooter,4.8,48.6
ORD_003936,5.44,15,3,Foggy,High,Afternoon,Scooter,2.9,40.4
ORD_003937,4.31,15,3,Clear,Medium,Afternoon,Motorcycle,4.8,27.0
ORD_003938,1.57,15,3,Windy,High,Evening Peak,Electric Bike,4.0,20.6
ORD_003939,4.71,15,3,Clear,High,Evening Peak,Scooter,0.7,38.8
ORD_003940,5.63,10,3,Clear,High,Evening Peak,Electric Bike,5.8,36.4
ORD_003941,10.27,30,1,Clear,Medium,Evening Peak,Scooter,1.5,57.6
ORD_003942,2.9,15,2,Clear,High,Evening Peak,Motorcycle,2.0,25.7
ORD_003943,12.61,10,4,Foggy,Medium,Late Night,Scooter,5.0,48.3
ORD_003944,4.14,10,1,Rainy,Medium,Morning,Motorcycle,1.5,27.3
ORD_003945,3.1,15,2,Heavy Storm,High,Evening Peak,Motorcycle,2.7,42.9
ORD_003946,7.49,10,2,Clear,Jam,Late Night,Motorcycle,5.3,39.7
ORD_003947,3.87,15,1,Heavy Storm,Medium,Late Night,Motorcycle,4.0,34.8
ORD_003948,5.0,10,2,Foggy,Low,Morning,Motorcycle,2.2,24.3
ORD_003949,5.2,10,2,Clear,Low,Late Night,Scooter,4.0,22.3
ORD_003950,7.25,20,4,Windy,Medium,Evening Peak,Scooter,5.0,43.6
ORD_003951,4.92,30,8,Clear,Medium,Evening Peak,Motorcycle,2.7,52.5
ORD_003952,4.61,15,1,Clear,Medium,Morning,Motorcycle,3.6,27.3
ORD_003953,4.08,25,2,Clear,High,Evening Peak,Motorcycle,5.9,35.8
ORD_003954,6.84,10,5,Windy,Medium,Afternoon,Motorcycle,5.8,30.8
ORD_003955,3.76,25,4,Clear,Medium,Evening Peak,Motorcycle,3.3,38.7
ORD_003956,10.46,10,6,Rainy,Low,Evening Peak,Scooter,1.0,49.4
ORD_003957,5.24,25,4,Windy,Medium,Morning,Scooter,4.4,40.9
ORD_003958,1.83,25,2,Clear,High,Morning,Motorcycle,2.0,31.3
ORD_003959,6.11,25,3,Foggy,High,Afternoon,Motorcycle,4.2,51.1
ORD_003960,6.69,25,2,Clear,Jam,Evening Peak,Motorcycle,2.4,54.2
ORD_003961,10.53,20,1,Clear,Low,Evening Peak,Motorcycle,4.5,39.2
ORD_003962,3.3,15,2,Rainy,Low,Evening Peak,Motorcycle,2.5,30.4
ORD_003963,3.03,20,4,Clear,Medium,Evening Peak,Electric Bike,5.7,28.3
ORD_003964,7.38,15,1,Clear,Jam,Evening Peak,Motorcycle,1.3,51.4
ORD_003965,9.56,10,2,Foggy,Low,Evening Peak,Motorcycle,0.9,37.6
ORD_003966,3.23,15,1,Windy,High,Evening Peak,Motorcycle,4.8,25.4
ORD_003967,5.99,20,1,Clear,Medium,Evening Peak,Scooter,2.7,36.5
ORD_003968,4.97,10,1,Foggy,Medium,Late Night,Motorcycle,3.1,28.1
ORD_003969,3.29,20,2,Rainy,Jam,Evening Peak,Scooter,5.6,41.5
ORD_003970,4.8,20,4,Foggy,Medium,Evening Peak,Scooter,3.7,41.0
ORD_003971,9.18,15,1,Rainy,High,Evening Peak,Motorcycle,4.1,53.9
ORD_003972,5.25,15,2,Clear,Medium,Evening Peak,Electric Bike,0.6,34.9
ORD_003973,4.66,30,4,Clear,High,Evening Peak,Scooter,4.2,46.1
ORD_003974,7.16,25,5,Clear,Medium,Afternoon,Scooter,2.6,44.5
ORD_003975,9.65,15,1,Foggy,High,Late Night,Motorcycle,3.0,48.7
ORD_003976,2.87,15,3,Rainy,Medium,Evening Peak,Motorcycle,4.9,30.6
ORD_003977,6.13,10,3,Rainy,Medium,Late Night,Motorcycle,3.4,33.2
ORD_003978,4.16,10,6,Clear,Low,Evening Peak,Motorcycle,5.9,20.6
ORD_003979,5.26,15,1,Windy,Low,Afternoon,Motorcycle,4.9,31.4
ORD_003980,7.49,30,4,Heavy Storm,Medium,Afternoon,Electric Bike,4.5,75.5
ORD_003981,4.35,30,3,Clear,Low,Afternoon,Motorcycle,3.7,39.7
ORD_003982,4.9,25,1,Windy,Low,Afternoon,Motorcycle,2.8,33.9
ORD_003983,8.76,15,2,Rainy,Medium,Late Night,Motorcycle,0.8,49.6
ORD_003984,6.6,10,2,Rainy,Jam,Evening Peak,Electric Bike,0.6,58.1
ORD_003985,4.83,20,1,Clear,Medium,Evening Peak,Scooter,0.8,35.0
ORD_003986,5.56,20,3,Clear,Medium,Afternoon,Scooter,5.8,33.5
ORD_003987,5.33,15,4,Windy,Low,Morning,Motorcycle,2.3,31.6
ORD_003988,1.76,20,2,Rainy,Low,Afternoon,Scooter,4.4,28.5
ORD_003989,5.61,20,3,Clear,Medium,Late Night,Scooter,3.8,36.4
ORD_003990,2.37,25,3,Clear,High,Morning,Electric Bike,3.6,35.1
ORD_003991,9.5,20,1,Rainy,Jam,Evening Peak,Motorcycle,3.7,69.9
ORD_003992,2.34,25,2,Clear,High,Morning,Electric Bike,2.2,36.6
ORD_003993,4.04,10,4,Windy,Low,Morning,Motorcycle,5.4,20.3
ORD_003994,3.62,20,3,Clear,Medium,Evening Peak,Motorcycle,5.6,28.6
ORD_003995,11.51,15,2,Clear,Medium,Afternoon,Scooter,4.0,48.4
ORD_003996,9.28,15,2,Clear,Jam,Morning,Motorcycle,5.3,53.8
ORD_003997,1.29,10,5,Clear,High,Afternoon,Electric Bike,0.8,18.3
ORD_003998,5.1,15,6,Rainy,High,Evening Peak,Motorcycle,1.1,43.5
ORD_003999,2.6,35,4,Clear,Medium,Evening Peak,Motorcycle,3.6,41.5
ORD_004000,5.62,15,2,Clear,Medium,Evening Peak,Motorcycle,5.2,25.1
ORD_004001,7.39,30,1,Windy,High,Afternoon,Motorcycle,2.2,54.2
ORD_004002,5.9,15,4,Clear,Medium,Morning,Electric Bike,3.5,37.7
ORD_004003,7.64,15,3,Windy,High,Afternoon,Motorcycle,0.6,43.5
ORD_004004,4.42,20,4,Clear,Low,Morning,Motorcycle,5.9,33.2
ORD_004005,6.0,15,1,Clear,Jam,Evening Peak,Motorcycle,4.7,39.5
ORD_004006,7.49,20,3,Clear,High,Evening Peak,Electric Bike,2.5,56.8
ORD_004007,3.95,15,4,Clear,Medium,Afternoon,Motorcycle,5.9,23.9
ORD_004008,3.07,25,1,Rainy,High,Morning,Scooter,1.0,48.0
ORD_004009,3.5,15,5,Clear,High,Afternoon,Motorcycle,3.1,27.7
ORD_004010,4.8,20,3,Clear,Medium,Late Night,Scooter,0.8,34.2
ORD_004011,5.18,15,2,Clear,High,Afternoon,Scooter,2.3,34.2
ORD_004012,6.2,20,3,Windy,Low,Evening Peak,Electric Bike,1.7,45.8
ORD_004013,3.31,20,3,Clear,Medium,Morning,Motorcycle,2.2,28.7
ORD_004014,7.61,15,3,Foggy,Low,Evening Peak,Motorcycle,5.7,35.0
ORD_004015,13.0,15,3,Clear,Low,Afternoon,Scooter,2.8,48.9
ORD_004016,3.63,20,1,Clear,High,Evening Peak,Motorcycle,2.3,28.9
ORD_004017,17.1,30,2,Rainy,Medium,Morning,Scooter,4.0,88.6
ORD_004018,13.99,10,2,Clear,High,Evening Peak,Scooter,4.3,61.6
ORD_004019,5.17,25,1,Windy,Medium,Evening Peak,Electric Bike,5.9,42.4
ORD_004020,4.71,20,3,Clear,Medium,Evening Peak,Scooter,3.5,37.7
ORD_004021,3.47,20,3,Clear,Medium,Late Night,Motorcycle,4.6,29.7
ORD_004022,8.25,30,8,Clear,High,Evening Peak,Motorcycle,2.6,61.0
ORD_004023,5.37,20,4,Clear,High,Morning,Motorcycle,1.4,39.9
ORD_004024,5.69,25,2,Clear,Medium,Evening Peak,Scooter,2.9,43.5
ORD_004025,3.11,20,3,Rainy,High,Evening Peak,Scooter,2.8,42.3
ORD_004026,8.38,15,1,Heavy Storm,Medium,Morning,Scooter,2.8,54.7
ORD_004027,4.5,20,2,Clear,High,Morning,Electric Bike,4.3,38.6
ORD_004028,2.71,30,2,Clear,High,Evening Peak,Motorcycle,2.7,38.3
ORD_004029,4.94,25,3,Windy,Medium,Evening Peak,Electric Bike,5.7,43.9
ORD_004030,3.23,15,4,Clear,High,Morning,Motorcycle,5.9,22.6
ORD_004031,10.54,15,2,Windy,Medium,Evening Peak,Electric Bike,3.4,58.5
ORD_004032,13.89,20,4,Foggy,High,Evening Peak,Motorcycle,3.6,70.0
ORD_004033,5.02,20,3,Foggy,High,Morning,Scooter,2.7,42.3
ORD_004034,9.13,15,2,Clear,Medium,Afternoon,Motorcycle,2.5,39.0
ORD_004035,9.01,15,2,Clear,Medium,Late Night,Motorcycle,5.9,33.1
ORD_004036,0.96,25,4,Rainy,Jam,Evening Peak,Electric Bike,0.7,44.8
ORD_004037,3.51,20,3,Clear,Low,Afternoon,Motorcycle,2.8,27.4
ORD_004038,5.5,25,4,Heavy Storm,High,Morning,Scooter,1.3,64.5
ORD_004039,4.01,30,2,Clear,Medium,Afternoon,Motorcycle,4.5,39.6
ORD_004040,3.35,15,3,Clear,High,Morning,Scooter,1.6,28.9
ORD_004041,9.34,25,2,Windy,Medium,Afternoon,Scooter,5.4,55.5
ORD_004042,3.92,20,6,Clear,Medium,Late Night,Scooter,2.6,32.1
ORD_004043,6.21,30,2,Clear,Low,Morning,Motorcycle,5.5,42.6
ORD_004044,8.89,15,4,Rainy,Jam,Morning,Motorcycle,5.9,59.7
ORD_004045,10.89,15,3,Clear,Low,Morning,Motorcycle,4.7,37.7
ORD_004046,2.72,20,5,Clear,Medium,Afternoon,Scooter,3.9,31.0
ORD_004047,2.85,30,3,Clear,Medium,Morning,Scooter,1.3,39.8
ORD_004048,5.83,25,2,Windy,High,Evening Peak,Scooter,5.6,43.3
ORD_004049,1.56,20,3,Clear,Medium,Afternoon,Electric Bike,4.8,22.8
ORD_004050,2.93,15,2,Clear,Low,Afternoon,Motorcycle,2.1,17.3
ORD_004051,9.92,20,4,Clear,Medium,Morning,Electric Bike,3.1,59.7
ORD_004052,7.29,25,1,Rainy,Low,Evening Peak,Motorcycle,0.9,51.8
ORD_004053,4.8,25,2,Rainy,Low,Afternoon,Scooter,4.1,43.4
ORD_004054,6.69,20,3,Rainy,Medium,Morning,Motorcycle,1.2,45.2
ORD_004055,7.57,10,2,Rainy,Medium,Afternoon,Motorcycle,4.1,36.7
ORD_004056,2.21,20,1,Foggy,Low,Late Night,Motorcycle,4.2,27.0
ORD_004057,3.88,15,8,Rainy,Low,Evening Peak,Motorcycle,2.3,35.5
ORD_004058,10.68,30,2,Clear,Medium,Late Night,Electric Bike,5.7,65.7
ORD_004059,5.88,20,2,Clear,High,Late Night,Motorcycle,4.8,38.1
ORD_004060,6.08,20,2,Windy,High,Evening Peak,Motorcycle,3.2,40.8
ORD_004061,5.03,35,1,Rainy,Low,Evening Peak,Scooter,5.6,51.5
ORD_004062,1.77,10,2,Windy,High,Late Night,Motorcycle,5.2,16.4
ORD_004063,3.6,15,2,Clear,Low,Late Night,Motorcycle,4.3,24.8
ORD_004064,6.46,20,3,Rainy,Medium,Evening Peak,Scooter,1.3,47.3
ORD_004065,3.94,15,5,Foggy,High,Evening Peak,Motorcycle,3.2,37.7
ORD_004066,2.77,15,1,Foggy,Medium,Evening Peak,Electric Bike,5.3,27.7
ORD_004067,2.99,25,6,Foggy,Medium,Afternoon,Scooter,3.8,43.5
ORD_004068,10.8,20,2,Windy,Jam,Morning,Motorcycle,3.5,65.0
ORD_004069,3.82,10,3,Clear,Low,Evening Peak,Electric Bike,5.8,21.4
ORD_004070,9.61,15,1,Clear,Low,Late Night,Electric Bike,0.6,46.3
ORD_004071,6.1,10,4,Heavy Storm,High,Late Night,Motorcycle,0.6,45.0
ORD_004072,4.49,20,4,Clear,High,Morning,Motorcycle,5.4,35.7
ORD_004073,3.26,15,3,Foggy,Medium,Evening Peak,Scooter,0.7,31.1
ORD_004074,7.4,25,1,Clear,Medium,Evening Peak,Scooter,2.3,49.3
ORD_004075,8.96,20,2,Rainy,Low,Afternoon,Scooter,5.6,43.6
ORD_004076,7.79,10,6,Windy,High,Evening Peak,Motorcycle,4.3,38.3
ORD_004077,2.34,15,2,Windy,Medium,Evening Peak,Motorcycle,4.1,23.1
ORD_004078,3.81,20,2,Clear,Medium,Late Night,Scooter,4.1,30.6
ORD_004079,4.08,15,1,Clear,Low,Afternoon,Scooter,2.2,24.8
ORD_004080,1.59,20,1,Foggy,Medium,Morning,Electric Bike,3.4,28.7
ORD_004081,6.65,30,2,Clear,High,Evening Peak,Scooter,4.0,52.9
ORD_004082,7.19,15,2,Foggy,Medium,Afternoon,Motorcycle,2.2,37.0
ORD_004083,7.05,15,4,Windy,High,Morning,Motorcycle,4.9,38.6
ORD_004084,6.41,25,5,Rainy,Low,Evening Peak,Motorcycle,2.3,47.6
ORD_004085,4.28,15,2,Clear,High,Afternoon,Motorcycle,0.9,28.5
ORD_004086,3.19,10,4,Clear,High,Late Night,Motorcycle,1.6,24.0
ORD_004087,4.27,15,2,Windy,High,Afternoon,Scooter,2.7,31.5
ORD_004088,6.13,30,6,Clear,High,Evening Peak,Electric Bike,5.5,57.3
ORD_004089,10.11,30,5,Foggy,Medium,Morning,Scooter,2.8,65.9
ORD_004090,5.37,15,3,Clear,Medium,Evening Peak,Motorcycle,1.0,32.1
ORD_004091,5.26,20,1,Clear,High,Afternoon,Electric Bike,1.6,44.4
ORD_004092,1.66,10,5,Clear,Medium,Evening Peak,Electric Bike,3.5,18.9
ORD_004093,6.36,20,1,Clear,Low,Morning,Motorcycle,1.5,32.4
ORD_004094,10.52,15,4,Rainy,Low,Evening Peak,Scooter,0.9,51.0
ORD_004095,4.82,10,2,Clear,High,Evening Peak,Motorcycle,4.4,26.4
ORD_004096,4.61,25,3,Clear,High,Afternoon,Motorcycle,4.8,41.1
ORD_004097,4.12,15,4,Clear,Medium,Morning,Motorcycle,5.2,22.6
ORD_004098,7.54,10,3,Foggy,Medium,Morning,Electric Bike,5.1,41.2
ORD_004099,1.63,25,1,Foggy,Medium,Evening Peak,Electric Bike,2.6,32.4
ORD_004100,9.62,25,2,Clear,Medium,Evening Peak,Motorcycle,4.5,49.5
ORD_004101,4.5,20,6,Clear,Medium,Evening Peak,Scooter,3.7,37.3
ORD_004102,6.42,30,2,Rainy,Medium,Morning,Motorcycle,0.6,54.7
ORD_004103,7.87,15,4,Clear,Low,Evening Peak,Scooter,2.7,35.8
ORD_004104,2.97,10,3,Clear,Low,Evening Peak,Scooter,0.8,19.3
ORD_004105,5.07,10,6,Clear,Medium,Morning,Motorcycle,1.0,27.5
ORD_004106,4.44,15,5,Clear,Low,Afternoon,Motorcycle,0.8,23.6
ORD_004107,2.58,10,2,Foggy,Jam,Morning,Scooter,5.8,24.7
ORD_004108,8.92,20,2,Clear,High,Late Night,Motorcycle,5.1,49.9
ORD_004109,4.24,10,2,Clear,Low,Evening Peak,Scooter,2.9,19.5
ORD_004110,2.52,15,2,Clear,Medium,Afternoon,Scooter,1.9,22.8
ORD_004111,5.25,15,3,Clear,Medium,Evening Peak,Electric Bike,0.9,37.6
ORD_004112,2.15,15,2,Windy,High,Evening Peak,Motorcycle,2.9,26.6
ORD_004113,3.94,20,4,Clear,High,Evening Peak,Motorcycle,3.8,35.1
ORD_004114,6.06,15,2,Heavy Storm,Medium,Evening Peak,Electric Bike,4.9,52.6
ORD_004115,2.03,15,8,Windy,Medium,Evening Peak,Electric Bike,0.8,28.8
ORD_004116,7.27,35,3,Windy,Medium,Morning,Motorcycle,2.8,57.1
ORD_004117,5.41,20,2,Clear,Medium,Morning,Electric Bike,5.9,38.4
ORD_004118,7.89,20,3,Clear,Low,Late Night,Electric Bike,1.2,47.3
ORD_004119,7.84,20,2,Windy,Medium,Morning,Motorcycle,2.7,41.2
ORD_004120,3.86,20,2,Clear,Jam,Evening Peak,Electric Bike,2.0,43.9
ORD_004121,3.92,10,2,Foggy,High,Afternoon,Motorcycle,1.2,30.0
ORD_004122,6.69,10,3,Clear,High,Late Night,Motorcycle,5.1,32.0
ORD_004123,2.71,20,2,Clear,Low,Afternoon,Scooter,4.3,24.1
ORD_004124,2.72,15,5,Windy,Medium,Afternoon,Electric Bike,2.8,33.2
ORD_004125,3.56,10,1,Windy,High,Evening Peak,Scooter,2.5,22.3
ORD_004126,2.25,15,2,Windy,Low,Evening Peak,Motorcycle,5.1,20.2
ORD_004127,2.5,10,3,Foggy,High,Afternoon,Motorcycle,1.0,26.4
ORD_004128,2.55,30,3,Clear,Low,Evening Peak,Motorcycle,1.3,40.4
ORD_004129,4.25,15,1,Rainy,Jam,Late Night,Scooter,5.5,42.5
ORD_004130,4.14,10,4,Clear,Low,Morning,Scooter,5.0,20.0
ORD_004131,8.57,20,3,Clear,Medium,Afternoon,Scooter,4.8,47.0
ORD_004132,4.29,20,3,Clear,Low,Afternoon,Motorcycle,3.9,28.1
ORD_004133,4.86,20,4,Windy,Low,Afternoon,Scooter,2.1,32.1
ORD_004134,12.48,15,4,Clear,High,Afternoon,Electric Bike,5.6,73.3
ORD_004135,1.31,15,2,Clear,Low,Afternoon,Motorcycle,3.2,17.0
ORD_004136,5.73,25,2,Clear,High,Evening Peak,Scooter,2.0,46.3
ORD_004137,4.5,15,4,Windy,Jam,Afternoon,Motorcycle,2.5,36.5
ORD_004138,6.06,15,1,Windy,Jam,Afternoon,Scooter,0.6,47.9
ORD_004139,3.69,30,2,Windy,High,Evening Peak,Motorcycle,1.9,45.2
ORD_004140,4.28,15,2,Heavy Storm,Jam,Late Night,Electric Bike,1.5,60.7
ORD_004141,9.85,15,2,Rainy,Low,Evening Peak,Electric Bike,1.2,50.6
ORD_004142,6.64,15,2,Clear,Jam,Afternoon,Scooter,0.7,50.7
ORD_004143,4.4,10,3,Foggy,Low,Late Night,Motorcycle,1.7,23.6
ORD_004144,3.23,15,2,Windy,Low,Evening Peak,Scooter,1.1,19.9
ORD_004145,2.7,10,1,Clear,Low,Morning,Motorcycle,0.7,14.5
ORD_004146,3.82,15,4,Clear,High,Evening Peak,Motorcycle,1.3,33.6
ORD_004147,4.63,15,2,Foggy,Low,Late Night,Scooter,1.6,28.9
ORD_004148,12.46,10,2,Clear,Medium,Evening Peak,Motorcycle,2.8,43.5
ORD_004149,5.5,25,1,Windy,Medium,Evening Peak,Motorcycle,3.7,44.9
ORD_004150,3.45,25,2,Clear,Medium,Morning,Scooter,2.3,37.6
ORD_004151,1.32,15,2,Rainy,Low,Morning,Motorcycle,1.3,26.0
ORD_004152,3.18,35,2,Foggy,Medium,Evening Peak,Scooter,5.7,46.7
ORD_004153,3.82,20,5,Rainy,Medium,Afternoon,Motorcycle,3.3,41.8
ORD_004154,5.8,20,3,Clear,Medium,Evening Peak,Electric Bike,4.6,40.9
ORD_004155,3.9,15,5,Windy,Medium,Afternoon,Scooter,4.3,31.3
ORD_004156,12.79,25,2,Windy,Jam,Evening Peak,Electric Bike,2.1,95.0
ORD_004157,4.45,30,2,Clear,High,Morning,Motorcycle,3.6,43.0
ORD_004158,8.73,15,5,Clear,Low,Morning,Electric Bike,3.8,44.0
ORD_004159,1.94,20,2,Clear,Low,Afternoon,Motorcycle,2.4,21.7
ORD_004160,4.92,20,1,Heavy Storm,Jam,Evening Peak,Electric Bike,4.2,60.9
ORD_004161,3.2,15,3,Clear,Medium,Late Night,Motorcycle,4.8,23.3
ORD_004162,8.87,15,1,Clear,High,Afternoon,Electric Bike,2.5,52.8
ORD_004163,4.05,10,6,Windy,Medium,Evening Peak,Motorcycle,0.6,26.5
ORD_004164,10.01,15,1,Windy,High,Afternoon,Scooter,2.4,50.3
ORD_004165,7.21,10,4,Clear,Low,Afternoon,Electric Bike,1.1,32.6
ORD_004166,3.76,20,1,Heavy Storm,High,Evening Peak,Scooter,1.4,50.3
ORD_004167,2.68,20,2,Foggy,High,Evening Peak,Scooter,2.5,33.8
ORD_004168,3.31,30,1,Clear,Medium,Afternoon,Scooter,1.6,36.8
ORD_004169,4.28,20,2,Windy,Medium,Evening Peak,Electric Bike,5.6,36.1
ORD_004170,7.19,15,1,Foggy,Medium,Evening Peak,Scooter,4.1,40.7
ORD_004171,5.02,10,2,Clear,High,Evening Peak,Motorcycle,3.4,26.9
ORD_004172,7.92,25,2,Rainy,Jam,Late Night,Motorcycle,0.6,70.9
ORD_004173,10.44,15,3,Rainy,Medium,Late Night,Scooter,1.1,54.6
ORD_004174,5.17,20,3,Foggy,High,Evening Peak,Motorcycle,4.8,39.5
ORD_004175,2.84,10,3,Clear,High,Morning,Motorcycle,2.6,20.6
ORD_004176,6.22,15,2,Clear,Low,Afternoon,Scooter,0.8,32.3
ORD_004177,13.58,15,4,Clear,High,Evening Peak,Motorcycle,5.0,59.5
ORD_004178,8.17,10,2,Clear,Medium,Morning,Motorcycle,2.2,33.4
ORD_004179,5.96,25,2,Rainy,Medium,Evening Peak,Scooter,2.6,49.5
ORD_004180,3.05,20,1,Rainy,Jam,Late Night,Electric Bike,5.9,41.4
ORD_004181,4.53,15,8,Clear,Medium,Evening Peak,Motorcycle,0.6,32.0
ORD_004182,2.01,25,2,Windy,Low,Evening Peak,Motorcycle,4.5,30.5
ORD_004183,2.59,15,5,Clear,High,Evening Peak,Motorcycle,5.7,23.6
ORD_004184,6.29,10,4,Clear,Medium,Late Night,Scooter,0.9,29.2
ORD_004185,1.78,30,2,Clear,Low,Afternoon,Motorcycle,5.3,31.2
ORD_004186,4.16,15,2,Clear,Low,Afternoon,Motorcycle,2.8,21.4
ORD_004187,2.43,25,3,Clear,Medium,Evening Peak,Electric Bike,5.3,33.4
ORD_004188,2.66,25,4,Clear,Low,Evening Peak,Scooter,2.2,34.5
ORD_004189,5.22,15,1,Foggy,Medium,Evening Peak,Scooter,5.9,32.6
ORD_004190,3.31,15,4,Clear,Medium,Afternoon,Motorcycle,4.1,20.8
ORD_004191,2.18,10,1,Clear,High,Afternoon,Motorcycle,3.9,15.9
ORD_004192,3.68,15,2,Rainy,Medium,Afternoon,Motorcycle,4.9,28.2
ORD_004193,2.14,20,4,Clear,Medium,Evening Peak,Scooter,2.9,24.1
ORD_004194,9.66,15,2,Foggy,Low,Afternoon,Motorcycle,1.9,44.2
ORD_004195,7.41,10,1,Clear,Low,Evening Peak,Motorcycle,1.9,26.5
ORD_004196,7.39,20,1,Clear,Jam,Morning,Electric Bike,2.3,63.6
ORD_004197,3.13,20,1,Clear,Low,Evening Peak,Motorcycle,3.9,25.4
ORD_004198,6.41,20,2,Windy,Medium,Evening Peak,Scooter,5.1,40.2
ORD_004199,5.65,25,4,Foggy,High,Evening Peak,Scooter,3.2,49.9
ORD_004200,3.27,20,3,Clear,Jam,Afternoon,Motorcycle,2.7,35.9
ORD_004201,4.84,25,4,Clear,Low,Late Night,Scooter,4.9,37.3
ORD_004202,1.96,15,2,Windy,Low,Late Night,Motorcycle,2.1,18.0
ORD_004203,2.71,20,2,Clear,Low,Afternoon,Motorcycle,4.3,19.9
ORD_004204,4.76,15,2,Clear,Low,Morning,Motorcycle,1.1,23.7
ORD_004205,3.8,30,2,Clear,Medium,Evening Peak,Scooter,1.1,40.6
ORD_004206,6.1,15,3,Clear,Medium,Evening Peak,Electric Bike,4.0,38.8
ORD_004207,3.32,30,6,Clear,High,Evening Peak,Motorcycle,1.0,47.3
ORD_004208,4.12,25,3,Windy,Medium,Late Night,Electric Bike,1.4,44.7
ORD_004209,4.99,20,5,Clear,Medium,Late Night,Electric Bike,3.9,38.2
ORD_004210,3.16,15,6,Windy,Low,Evening Peak,Motorcycle,2.9,25.4
ORD_004211,4.08,15,2,Rainy,High,Evening Peak,Motorcycle,3.6,31.9
ORD_004212,5.63,20,3,Rainy,High,Morning,Motorcycle,5.9,43.8
ORD_004213,11.19,15,3,Clear,Medium,Afternoon,Motorcycle,4.0,44.5
ORD_004214,3.17,30,3,Windy,Low,Afternoon,Motorcycle,3.7,42.9
ORD_004215,3.81,25,3,Windy,Jam,Afternoon,Scooter,2.6,45.5
ORD_004216,8.13,25,2,Rainy,High,Evening Peak,Scooter,4.0,62.8
ORD_004217,9.25,15,2,Rainy,Low,Evening Peak,Scooter,0.6,45.8
ORD_004218,6.75,10,2,Foggy,Medium,Evening Peak,Motorcycle,3.6,28.7
ORD_004219,9.12,20,2,Windy,Low,Afternoon,Motorcycle,0.9,42.0
ORD_004220,3.08,15,2,Clear,Low,Morning,Motorcycle,1.7,19.8
ORD_004221,8.64,25,2,Clear,Low,Afternoon,Scooter,3.6,48.4
ORD_004222,7.56,25,1,Windy,High,Morning,Motorcycle,4.2,51.2
ORD_004223,2.64,10,2,Clear,Medium,Morning,Motorcycle,2.6,14.5
ORD_004224,4.15,20,3,Clear,Medium,Evening Peak,Motorcycle,2.8,33.5
ORD_004225,1.45,20,1,Rainy,Low,Afternoon,Scooter,3.2,31.7
ORD_004226,5.4,20,2,Heavy Storm,Low,Late Night,Scooter,4.7,48.5
ORD_004227,8.55,20,1,Clear,High,Morning,Scooter,0.6,53.2
ORD_004228,3.7,15,4,Rainy,High,Late Night,Scooter,3.0,36.8
ORD_004229,2.81,15,2,Rainy,Medium,Evening Peak,Scooter,0.6,32.0
ORD_004230,2.7,25,2,Clear,Low,Evening Peak,Motorcycle,2.3,31.0
ORD_004231,4.95,10,2,Clear,High,Evening Peak,Electric Bike,3.4,33.3
ORD_004232,6.72,25,3,Rainy,Jam,Evening Peak,Motorcycle,0.9,61.6
ORD_004233,11.32,20,2,Clear,Medium,Morning,Scooter,3.2,55.7
ORD_004234,1.4,30,3,Rainy,Low,Late Night,Motorcycle,5.6,38.1
ORD_004235,10.56,35,3,Clear,High,Late Night,Scooter,4.3,76.0
ORD_004236,5.57,20,3,Windy,Low,Evening Peak,Motorcycle,4.8,32.3
ORD_004237,8.33,15,5,Clear,Low,Morning,Scooter,3.7,37.7
ORD_004238,7.31,15,3,Clear,Medium,Evening Peak,Motorcycle,5.4,36.5
ORD_004239,5.12,15,1,Foggy,Low,Evening Peak,Motorcycle,1.3,30.9
ORD_004240,5.01,10,2,Clear,Jam,Afternoon,Scooter,3.0,36.3
ORD_004241,6.19,20,1,Windy,High,Late Night,Motorcycle,3.8,42.4
ORD_004242,4.33,25,1,Rainy,Medium,Morning,Electric Bike,5.3,44.6
ORD_004243,4.53,15,3,Rainy,Jam,Morning,Motorcycle,2.2,40.5
ORD_004244,6.9,15,1,Rainy,Medium,Evening Peak,Scooter,0.5,47.0
ORD_004245,3.17,20,3,Clear,Medium,Afternoon,Electric Bike,5.9,30.8
ORD_004246,8.77,30,2,Foggy,Medium,Afternoon,Motorcycle,0.6,61.1
ORD_004247,8.37,10,2,Clear,Medium,Afternoon,Motorcycle,1.3,35.7
ORD_004248,3.82,15,4,Clear,Low,Evening Peak,Electric Bike,2.8,25.5
ORD_004249,6.94,30,5,Clear,Jam,Afternoon,Motorcycle,3.2,60.1
ORD_004250,6.45,10,2,Clear,Medium,Evening Peak,Scooter,5.1,28.4
ORD_004251,3.6,20,4,Clear,High,Evening Peak,Electric Bike,3.0,37.2
ORD_004252,7.22,20,3,Clear,High,Afternoon,Motorcycle,3.5,41.8
ORD_004253,10.99,15,2,Clear,High,Evening Peak,Scooter,1.6,50.9
ORD_004254,8.94,15,2,Clear,Medium,Afternoon,Scooter,3.6,42.3
ORD_004255,2.17,25,4,Clear,High,Afternoon,Motorcycle,2.4,32.8
ORD_004256,6.58,15,4,Clear,Low,Morning,Scooter,1.0,37.5
ORD_004257,8.15,15,3,Rainy,High,Evening Peak,Scooter,5.7,52.4
ORD_004258,3.47,20,2,Clear,High,Evening Peak,Motorcycle,0.9,33.0
ORD_004259,8.77,15,1,Windy,Medium,Evening Peak,Motorcycle,4.2,38.6
ORD_004260,3.26,20,2,Clear,Medium,Evening Peak,Motorcycle,5.5,24.4
ORD_004261,4.31,30,2,Clear,Medium,Late Night,Electric Bike,1.5,49.6
ORD_004262,3.33,30,2,Windy,Low,Afternoon,Motorcycle,1.8,41.8
ORD_004263,3.03,15,2,Clear,Medium,Late Night,Motorcycle,2.8,23.3
ORD_004264,6.19,15,2,Heavy Storm,Jam,Evening Peak,Scooter,2.1,55.6
ORD_004265,2.27,15,8,Rainy,High,Evening Peak,Motorcycle,4.7,34.1
ORD_004266,4.45,30,4,Heavy Storm,Medium,Morning,Motorcycle,2.4,49.6
ORD_004267,6.19,15,1,Clear,Jam,Evening Peak,Motorcycle,5.9,37.2
ORD_004268,3.35,15,4,Rainy,Medium,Afternoon,Scooter,5.2,32.8
ORD_004269,9.61,25,1,Clear,Medium,Morning,Scooter,5.4,50.3
ORD_004270,4.65,20,4,Foggy,High,Morning,Motorcycle,0.9,43.9
ORD_004271,11.96,10,1,Rainy,Medium,Evening Peak,Motorcycle,1.5,47.8
ORD_004272,2.14,15,2,Clear,Jam,Evening Peak,Motorcycle,1.4,24.0
ORD_004273,6.33,20,2,Clear,High,Evening Peak,Motorcycle,4.2,37.5
ORD_004274,5.64,20,3,Clear,Jam,Afternoon,Motorcycle,0.6,44.1
ORD_004275,4.05,20,2,Foggy,Low,Late Night,Motorcycle,4.9,33.7
ORD_004276,5.14,10,1,Windy,Medium,Morning,Motorcycle,3.5,26.2
ORD_004277,6.85,15,3,Clear,Medium,Morning,Motorcycle,3.6,33.1
ORD_004278,7.58,20,2,Foggy,Medium,Afternoon,Motorcycle,3.5,41.1
ORD_004279,4.73,25,2,Rainy,High,Morning,Motorcycle,3.4,45.7
ORD_004280,6.37,10,3,Rainy,High,Evening Peak,Motorcycle,1.6,36.0
ORD_004281,3.16,10,1,Clear,Medium,Afternoon,Motorcycle,2.1,18.0
ORD_004282,7.66,20,2,Clear,Medium,Evening Peak,Scooter,3.2,44.3
ORD_004283,10.66,20,2,Rainy,High,Evening Peak,Motorcycle,4.2,59.5
ORD_004284,7.98,15,2,Clear,High,Evening Peak,Motorcycle,2.0,38.5
ORD_004285,3.33,20,3,Clear,High,Evening Peak,Scooter,4.9,30.9
ORD_004286,2.88,35,1,Rainy,High,Evening Peak,Motorcycle,5.0,47.2
ORD_004287,16.16,20,3,Foggy,Jam,Evening Peak,Motorcycle,2.0,95.0
ORD_004288,10.27,15,2,Windy,Low,Evening Peak,Motorcycle,3.6,40.0
ORD_004289,7.59,25,2,Clear,Jam,Afternoon,Electric Bike,2.4,70.9
ORD_004290,11.05,15,3,Rainy,Medium,Evening Peak,Motorcycle,1.5,52.8
ORD_004291,5.04,15,1,Clear,Medium,Late Night,Scooter,4.9,28.0
ORD_004292,7.51,20,2,Clear,Jam,Evening Peak,Scooter,6.0,56.1
ORD_004293,9.55,20,1,Rainy,Medium,Afternoon,Scooter,3.6,52.7
ORD_004294,4.33,30,6,Clear,Low,Evening Peak,Scooter,5.5,41.7
ORD_004295,6.58,15,2,Windy,Medium,Afternoon,Motorcycle,4.0,32.7
ORD_004296,8.97,10,4,Clear,High,Evening Peak,Scooter,3.6,42.3
ORD_004297,2.77,30,3,Clear,Medium,Evening Peak,Scooter,3.1,39.6
ORD_004298,4.09,15,2,Windy,High,Evening Peak,Scooter,1.8,30.8
ORD_004299,8.86,15,3,Foggy,High,Morning,Scooter,1.0,55.4
ORD_004300,5.73,20,3,Clear,Jam,Morning,Motorcycle,2.9,44.8
ORD_004301,5.31,35,3,Windy,Medium,Evening Peak,Motorcycle,3.6,50.8
ORD_004302,4.97,20,2,Clear,Medium,Evening Peak,Electric Bike,3.3,34.2
ORD_004303,9.37,15,4,Clear,Medium,Evening Peak,Electric Bike,4.3,49.0
ORD_004304,2.94,20,3,Foggy,Medium,Afternoon,Motorcycle,1.6,30.0
ORD_004305,3.94,35,6,Windy,Low,Evening Peak,Electric Bike,2.4,53.4
ORD_004306,2.26,25,4,Rainy,Low,Evening Peak,Motorcycle,2.8,34.7
ORD_004307,4.26,15,2,Clear,Jam,Afternoon,Motorcycle,1.5,36.6
ORD_004308,5.57,25,2,Clear,Medium,Late Night,Scooter,5.5,41.5
ORD_004309,1.67,25,2,Clear,Low,Evening Peak,Scooter,4.2,26.0
ORD_004310,3.19,20,1,Foggy,Medium,Late Night,Scooter,1.0,31.4
ORD_004311,5.72,20,2,Clear,High,Afternoon,Scooter,4.4,38.6
ORD_004312,6.52,15,1,Clear,Medium,Evening Peak,Scooter,3.5,31.4
ORD_004313,12.44,20,1,Clear,Medium,Evening Peak,Electric Bike,3.4,65.2
ORD_004314,7.06,20,2,Heavy Storm,High,Afternoon,Scooter,5.9,57.0
ORD_004315,4.63,10,3,Foggy,Low,Late Night,Motorcycle,3.9,23.8
ORD_004316,5.49,15,6,Clear,Medium,Afternoon,Scooter,5.4,31.8
ORD_004317,5.59,15,1,Windy,High,Afternoon,Scooter,5.5,37.9
ORD_004318,3.94,25,1,Windy,Medium,Evening Peak,Electric Bike,1.1,43.3
ORD_004319,5.86,20,5,Heavy Storm,Jam,Afternoon,Motorcycle,0.5,62.0
ORD_004320,3.84,15,2,Foggy,Medium,Late Night,Motorcycle,2.9,30.1
ORD_004321,6.02,25,3,Clear,Low,Evening Peak,Motorcycle,4.7,35.3
ORD_004322,4.96,20,1,Heavy Storm,Low,Afternoon,Electric Bike,5.0,44.3
ORD_004323,4.51,30,2,Clear,Medium,Late Night,Electric Bike,4.8,46.4
ORD_004324,4.59,10,2,Windy,Medium,Afternoon,Motorcycle,3.0,26.4
ORD_004325,7.72,20,2,Foggy,Medium,Evening Peak,Scooter,4.6,47.2
ORD_004326,7.31,20,4,Clear,Medium,Morning,Motorcycle,4.5,40.8
ORD_004327,4.39,15,3,Heavy Storm,Medium,Morning,Scooter,2.2,45.9
ORD_004328,7.55,15,6,Clear,Low,Afternoon,Motorcycle,1.4,35.3
ORD_004329,4.91,15,3,Clear,Medium,Morning,Electric Bike,3.9,32.8
ORD_004330,4.95,25,1,Clear,Jam,Afternoon,Motorcycle,4.2,45.7
ORD_004331,3.94,15,2,Rainy,Low,Evening Peak,Scooter,3.6,28.7
ORD_004332,11.72,15,1,Clear,Low,Evening Peak,Scooter,1.7,42.5
ORD_004333,11.04,15,4,Clear,Medium,Afternoon,Electric Bike,2.0,60.1
ORD_004334,3.49,15,2,Clear,Low,Afternoon,Scooter,4.4,21.4
ORD_004335,4.24,30,2,Clear,Medium,Afternoon,Motorcycle,5.8,40.9
ORD_004336,6.28,15,4,Clear,Jam,Afternoon,Motorcycle,5.7,47.3
ORD_004337,6.93,20,2,Clear,High,Afternoon,Scooter,3.4,42.4
ORD_004338,2.8,10,2,Clear,High,Evening Peak,Motorcycle,5.4,14.9
ORD_004339,3.07,15,3,Clear,Low,Morning,Scooter,0.7,27.6
ORD_004340,0.99,30,1,Windy,Medium,Evening Peak,Scooter,5.2,37.5
ORD_004341,6.94,35,2,Clear,Medium,Afternoon,Motorcycle,3.1,51.4
ORD_004342,2.16,15,1,Windy,High,Morning,Electric Bike,4.8,24.0
ORD_004343,3.5,15,3,Clear,High,Afternoon,Scooter,0.5,32.0
ORD_004344,8.19,15,1,Rainy,Low,Late Night,Electric Bike,5.3,47.5
ORD_004345,7.98,15,6,Clear,Medium,Evening Peak,Motorcycle,3.8,39.1
ORD_004346,11.36,20,2,Foggy,Low,Late Night,Electric Bike,1.8,58.7
ORD_004347,13.49,15,2,Rainy,Jam,Afternoon,Scooter,2.4,86.7
ORD_004348,19.9,25,2,Heavy Storm,Medium,Afternoon,Scooter,1.6,95.0
ORD_004349,4.17,20,4,Foggy,Medium,Evening Peak,Scooter,2.8,36.1
ORD_004350,3.64,15,2,Clear,Jam,Afternoon,Scooter,2.3,33.1
ORD_004351,6.42,25,2,Clear,Jam,Afternoon,Scooter,3.4,59.1
ORD_004352,2.29,25,6,Clear,Medium,Evening Peak,Electric Bike,5.0,36.0
ORD_004353,4.47,20,2,Rainy,High,Morning,Motorcycle,5.9,39.2
ORD_004354,5.56,30,2,Clear,Medium,Evening Peak,Scooter,1.9,44.6
ORD_004355,6.69,25,4,Foggy,Medium,Late Night,Motorcycle,1.1,50.0
ORD_004356,7.09,20,4,Clear,Medium,Morning,Motorcycle,2.7,38.9
ORD_004357,4.39,30,3,Rainy,High,Afternoon,Motorcycle,1.3,55.0
ORD_004358,2.48,20,1,Foggy,Medium,Evening Peak,Motorcycle,5.1,28.5
ORD_004359,2.78,20,3,Clear,Medium,Evening Peak,Scooter,3.3,30.9
ORD_004360,1.57,15,3,Foggy,High,Afternoon,Motorcycle,3.9,26.4
ORD_004361,3.71,25,2,Clear,High,Evening Peak,Electric Bike,1.3,45.1
ORD_004362,2.26,10,3,Foggy,High,Afternoon,Motorcycle,4.6,22.5
ORD_004363,3.86,15,2,Rainy,Medium,Evening Peak,Scooter,5.9,29.8
ORD_004364,6.38,20,2,Rainy,Jam,Morning,Motorcycle,3.2,53.9
ORD_004365,2.51,20,2,Clear,Low,Afternoon,Scooter,5.8,23.3
ORD_004366,5.39,20,4,Clear,Medium,Morning,Electric Bike,0.7,42.0
ORD_004367,4.36,20,5,Foggy,Jam,Morning,Motorcycle,0.7,46.2
ORD_004368,6.2,15,3,Foggy,High,Morning,Electric Bike,5.8,48.0
ORD_004369,7.02,25,1,Clear,High,Evening Peak,Motorcycle,4.4,49.7
ORD_004370,4.21,20,3,Windy,Low,Late Night,Motorcycle,1.5,30.6
ORD_004371,5.14,25,2,Clear,Medium,Afternoon,Motorcycle,2.5,40.2
ORD_004372,4.37,15,1,Windy,Jam,Morning,Scooter,3.3,39.4
ORD_004373,3.92,20,2,Rainy,Low,Evening Peak,Motorcycle,4.4,32.8
ORD_004374,3.4,20,5,Windy,Medium,Morning,Motorcycle,5.1,30.1
ORD_004375,6.66,15,2,Clear,Medium,Evening Peak,Motorcycle,1.0,34.9
ORD_004376,10.25,25,3,Heavy Storm,Medium,Evening Peak,Electric Bike,4.1,75.5
ORD_004377,9.58,10,3,Clear,Medium,Morning,Scooter,3.1,41.3
ORD_004378,2.39,20,4,Clear,Low,Late Night,Motorcycle,3.8,25.4
ORD_004379,10.14,20,1,Clear,Medium,Afternoon,Electric Bike,3.3,59.1
ORD_004380,2.98,20,2,Clear,Medium,Late Night,Scooter,3.0,32.9
ORD_004381,5.56,20,4,Clear,Medium,Afternoon,Scooter,1.6,39.2
ORD_004382,6.12,15,2,Foggy,Low,Morning,Motorcycle,3.1,32.1
ORD_004383,2.07,20,1,Windy,Medium,Morning,Scooter,1.5,25.3
ORD_004384,4.64,15,2,Windy,High,Evening Peak,Scooter,0.7,36.5
ORD_004385,10.5,15,3,Rainy,High,Afternoon,Scooter,2.6,60.5
ORD_004386,1.33,15,6,Heavy Storm,High,Late Night,Motorcycle,0.6,34.7
ORD_004387,16.87,15,3,Clear,Jam,Afternoon,Scooter,3.6,95.0
ORD_004388,1.53,20,5,Clear,High,Evening Peak,Motorcycle,0.9,30.3
ORD_004389,6.04,25,5,Foggy,Jam,Morning,Motorcycle,2.9,55.8
ORD_004390,2.12,15,4,Windy,Low,Late Night,Electric Bike,5.9,25.7
ORD_004391,6.58,15,2,Clear,Medium,Evening Peak,Scooter,0.6,39.5
ORD_004392,9.34,15,3,Windy,Medium,Evening Peak,Scooter,2.5,49.0
ORD_004393,7.96,20,5,Foggy,High,Afternoon,Scooter,4.2,53.2
ORD_004394,8.7,15,4,Heavy Storm,High,Morning,Motorcycle,1.4,61.7
ORD_004395,4.39,15,3,Windy,Low,Evening Peak,Scooter,3.6,29.5
ORD_004396,2.19,20,4,Windy,Medium,Afternoon,Motorcycle,1.9,28.1
ORD_004397,10.46,15,4,Foggy,High,Morning,Scooter,1.7,61.6
ORD_004398,14.72,15,1,Clear,Medium,Late Night,Scooter,5.4,56.1
ORD_004399,5.41,10,2,Foggy,Medium,Evening Peak,Motorcycle,1.6,30.4
ORD_004400,4.11,15,4,Clear,Low,Evening Peak,Motorcycle,2.6,27.0
ORD_004401,3.22,10,3,Clear,High,Evening Peak,Scooter,1.4,20.5
ORD_004402,7.68,20,2,Windy,Low,Morning,Motorcycle,2.1,40.6
ORD_004403,8.93,15,2,Clear,Medium,Late Night,Motorcycle,2.1,38.9
ORD_004404,4.11,15,8,Clear,Jam,Evening Peak,Motorcycle,2.3,38.2
ORD_004405,11.74,15,2,Clear,Medium,Afternoon,Motorcycle,4.0,46.1
ORD_004406,7.32,20,2,Clear,High,Afternoon,Electric Bike,4.6,52.5
ORD_004407,5.37,25,3,Clear,High,Morning,Motorcycle,3.3,39.3
ORD_004408,6.15,20,1,Clear,Low,Morning,Electric Bike,3.9,37.2
ORD_004409,2.83,20,1,Clear,Jam,Morning,Scooter,5.0,29.8
ORD_004410,7.63,20,4,Clear,Low,Morning,Motorcycle,6.0,39.9
ORD_004411,2.93,10,4,Clear,Medium,Afternoon,Electric Bike,3.0,20.4
ORD_004412,3.81,10,3,Rainy,High,Late Night,Motorcycle,5.7,32.4
ORD_004413,4.92,10,1,Rainy,High,Evening Peak,Motorcycle,3.2,34.1
ORD_004414,13.41,10,2,Clear,Medium,Evening Peak,Motorcycle,4.8,44.8
ORD_004415,5.87,15,3,Clear,Low,Afternoon,Motorcycle,3.7,26.3
ORD_004416,3.1,20,4,Windy,Medium,Afternoon,Motorcycle,5.4,30.3
ORD_004417,6.16,10,2,Clear,Jam,Afternoon,Scooter,3.0,40.7
ORD_004418,7.08,30,4,Heavy Storm,Low,Afternoon,Motorcycle,4.3,59.0
ORD_004419,9.76,25,4,Foggy,High,Late Night,Motorcycle,3.1,61.0
ORD_004420,5.06,35,4,Clear,Medium,Morning,Motorcycle,5.2,47.6
ORD_004421,3.37,10,3,Clear,High,Evening Peak,Scooter,6.0,23.6
ORD_004422,15.44,25,4,Windy,Medium,Evening Peak,Motorcycle,1.8,69.0
ORD_004423,6.17,25,1,Clear,Medium,Evening Peak,Motorcycle,3.1,44.4
ORD_004424,3.11,30,2,Clear,Low,Evening Peak,Motorcycle,0.9,41.6
ORD_004425,5.04,20,2,Foggy,Low,Afternoon,Motorcycle,1.3,35.5
ORD_004426,3.81,25,1,Clear,Medium,Evening Peak,Electric Bike,5.6,36.9
ORD_004427,10.09,10,8,Foggy,Jam,Evening Peak,Scooter,3.5,65.0
ORD_004428,7.04,10,2,Rainy,Jam,Afternoon,Scooter,2.7,50.1
ORD_004429,4.28,10,4,Clear,Low,Evening Peak,Motorcycle,4.2,20.6
ORD_004430,8.93,30,2,Clear,High,Morning,Motorcycle,3.6,57.6
ORD_004431,4.81,10,2,Rainy,Low,Afternoon,Motorcycle,2.1,22.2
ORD_004432,4.97,10,2,Clear,Jam,Evening Peak,Electric Bike,1.7,40.9
ORD_004433,3.31,30,1,Clear,High,Late Night,Motorcycle,3.7,39.8
ORD_004434,3.3,10,1,Rainy,Jam,Evening Peak,Motorcycle,1.5,37.3
ORD_004435,14.86,25,1,Clear,Medium,Afternoon,Motorcycle,1.3,63.3
ORD_004436,8.7,25,4,Clear,High,Evening Peak,Scooter,2.3,58.1
ORD_004437,1.69,10,2,Clear,High,Morning,Motorcycle,5.2,14.8
ORD_004438,2.89,10,8,Rainy,Medium,Afternoon,Scooter,0.7,32.9
ORD_004439,2.57,20,4,Foggy,Jam,Morning,Motorcycle,5.1,34.9
ORD_004440,5.31,35,3,Windy,Low,Morning,Motorcycle,3.9,49.5
ORD_004441,4.02,25,2,Clear,Jam,Evening Peak,Motorcycle,0.7,43.6
ORD_004442,11.23,15,2,Clear,High,Morning,Motorcycle,3.8,53.9
ORD_004443,4.24,15,1,Rainy,Medium,Evening Peak,Motorcycle,2.8,34.3
ORD_004444,14.0,15,1,Foggy,Low,Afternoon,Motorcycle,5.1,49.3
ORD_004445,4.89,20,2,Clear,Medium,Morning,Electric Bike,5.5,38.1
ORD_004446,15.73,15,4,Rainy,High,Afternoon,Motorcycle,2.1,76.0
ORD_004447,4.56,10,3,Rainy,High,Afternoon,Electric Bike,4.8,40.4
ORD_004448,4.62,20,2,Windy,Jam,Afternoon,Scooter,2.2,41.9
ORD_004449,8.59,15,3,Heavy Storm,Medium,Evening Peak,Scooter,2.1,51.6
ORD_004450,7.9,10,2,Clear,High,Evening Peak,Scooter,1.6,43.3
ORD_004451,2.33,25,2,Foggy,High,Afternoon,Scooter,4.2,38.3
ORD_004452,5.38,20,3,Clear,Jam,Late Night,Motorcycle,1.9,42.8
ORD_004453,4.0,15,2,Windy,Medium,Afternoon,Scooter,3.1,30.2
ORD_004454,3.85,20,1,Rainy,Medium,Afternoon,Motorcycle,5.0,38.5
ORD_004455,5.37,20,2,Clear,Low,Evening Peak,Motorcycle,4.9,35.2
ORD_004456,4.34,20,3,Foggy,Medium,Afternoon,Scooter,5.2,35.0
ORD_004457,5.69,25,2,Clear,High,Morning,Scooter,1.4,43.9
ORD_004458,2.82,20,2,Windy,Low,Morning,Motorcycle,3.7,29.1
ORD_004459,2.04,20,2,Clear,Low,Late Night,Electric Bike,5.5,24.7
ORD_004460,8.78,20,4,Clear,Medium,Evening Peak,Scooter,0.7,46.0
ORD_004461,9.54,20,3,Windy,Medium,Late Night,Motorcycle,4.9,45.0
ORD_004462,8.47,15,4,Windy,Medium,Morning,Scooter,1.9,44.5
ORD_004463,5.24,15,2,Clear,Medium,Morning,Electric Bike,4.2,31.8
ORD_004464,4.15,20,3,Clear,Medium,Evening Peak,Motorcycle,4.4,28.8
ORD_004465,3.56,15,3,Windy,Low,Morning,Motorcycle,5.6,24.8
ORD_004466,3.19,15,5,Windy,Medium,Afternoon,Motorcycle,3.3,27.9
ORD_004467,4.89,25,4,Clear,Low,Late Night,Motorcycle,5.2,35.4
ORD_004468,9.41,10,1,Windy,Low,Afternoon,Motorcycle,0.7,34.3
ORD_004469,3.39,20,3,Windy,High,Late Night,Motorcycle,2.8,37.3
ORD_004470,9.42,15,1,Windy,High,Morning,Scooter,2.9,51.4
ORD_004471,2.1,15,8,Rainy,Medium,Afternoon,Motorcycle,3.5,23.8
ORD_004472,5.86,15,2,Windy,Low,Morning,Scooter,3.1,30.2
ORD_004473,6.56,15,3,Rainy,Low,Evening Peak,Scooter,5.8,39.5
ORD_004474,3.77,15,1,Heavy Storm,Medium,Afternoon,Motorcycle,0.9,42.2
ORD_004475,2.72,15,3,Foggy,Medium,Evening Peak,Scooter,2.0,28.1
ORD_004476,8.13,15,3,Clear,High,Evening Peak,Scooter,5.8,42.5
ORD_004477,5.26,20,2,Clear,Low,Evening Peak,Motorcycle,2.9,29.7
ORD_004478,18.45,15,2,Rainy,Medium,Evening Peak,Motorcycle,3.6,71.6
ORD_004479,9.49,25,3,Clear,Medium,Evening Peak,Motorcycle,0.9,47.9
ORD_004480,9.54,20,2,Clear,High,Evening Peak,Motorcycle,2.1,54.4
ORD_004481,1.21,15,5,Rainy,Low,Evening Peak,Motorcycle,0.7,28.8
ORD_004482,3.43,15,2,Windy,Low,Late Night,Scooter,1.3,23.3
ORD_004483,2.54,10,2,Clear,Medium,Evening Peak,Scooter,4.0,15.3
ORD_004484,1.53,30,3,Heavy Storm,Medium,Afternoon,Electric Bike,4.7,46.4
ORD_004485,5.02,25,1,Foggy,High,Evening Peak,Motorcycle,5.3,42.5
ORD_004486,8.02,10,3,Clear,Medium,Late Night,Electric Bike,1.9,40.5
ORD_004487,2.87,20,3,Clear,Medium,Late Night,Scooter,2.3,29.0
ORD_004488,1.57,30,2,Windy,Medium,Evening Peak,Scooter,3.6,36.9
ORD_004489,3.01,20,6,Foggy,Low,Afternoon,Electric Bike,1.0,36.3
ORD_004490,4.68,15,2,Foggy,Jam,Afternoon,Motorcycle,4.9,36.2
ORD_004491,4.48,15,2,Clear,Medium,Morning,Scooter,3.2,27.8
ORD_004492,5.16,15,3,Windy,Medium,Morning,Scooter,5.8,29.8
ORD_004493,6.49,20,3,Windy,Medium,Late Night,Motorcycle,1.1,39.1
ORD_004494,5.09,25,2,Rainy,High,Evening Peak,Scooter,1.2,51.1
ORD_004495,8.27,20,1,Windy,High,Afternoon,Motorcycle,2.4,50.4
ORD_004496,2.9,10,3,Clear,Medium,Afternoon,Motorcycle,1.6,18.6
ORD_004497,4.38,30,2,Clear,High,Afternoon,Scooter,4.3,47.6
ORD_004498,7.09,25,2,Foggy,High,Late Night,Motorcycle,5.7,51.2
ORD_004499,6.01,10,3,Foggy,Low,Evening Peak,Motorcycle,1.0,29.4
ORD_004500,13.08,10,8,Clear,Low,Afternoon,Scooter,1.8,44.4
ORD_004501,2.97,20,3,Clear,Jam,Evening Peak,Motorcycle,1.8,31.2
ORD_004502,7.17,15,4,Clear,Low,Evening Peak,Motorcycle,3.3,29.1
ORD_004503,3.53,15,3,Clear,Medium,Evening Peak,Motorcycle,3.0,26.4
ORD_004504,3.31,10,2,Clear,Jam,Evening Peak,Motorcycle,4.5,25.1
ORD_004505,9.17,30,5,Rainy,Medium,Evening Peak,Motorcycle,4.5,66.4
ORD_004506,5.06,25,4,Windy,Medium,Morning,Motorcycle,3.7,43.9
ORD_004507,5.96,10,3,Heavy Storm,High,Late Night,Motorcycle,3.8,41.2
ORD_004508,3.69,25,2,Rainy,Medium,Afternoon,Motorcycle,5.1,44.1
ORD_004509,3.81,20,2,Windy,Medium,Late Night,Motorcycle,2.7,32.6
ORD_004510,2.02,15,2,Clear,Medium,Late Night,Motorcycle,0.6,18.4
ORD_004511,5.69,25,2,Rainy,Medium,Morning,Scooter,1.7,48.2
ORD_004512,2.74,20,5,Clear,Medium,Evening Peak,Motorcycle,0.7,27.6
ORD_004513,4.73,25,2,Clear,High,Late Night,Motorcycle,2.7,42.5
ORD_004514,8.27,15,5,Clear,High,Evening Peak,Scooter,2.5,49.9
ORD_004515,1.73,20,2,Clear,Medium,Evening Peak,Scooter,1.0,24.0
ORD_004516,21.26,15,4,Clear,Medium,Late Night,Motorcycle,4.7,72.0
ORD_004517,3.27,15,2,Clear,Jam,Evening Peak,Scooter,3.5,33.1
ORD_004518,4.81,20,6,Clear,Medium,Afternoon,Motorcycle,1.7,40.9
ORD_004519,5.95,30,4,Windy,High,Evening Peak,Scooter,4.7,57.1
ORD_004520,3.21,20,3,Foggy,High,Afternoon,Scooter,4.2,35.6
ORD_004521,3.89,10,5,Clear,Low,Morning,Scooter,1.6,25.9
ORD_004522,9.34,10,3,Clear,Low,Afternoon,Motorcycle,5.9,29.9
ORD_004523,7.77,25,1,Clear,Medium,Morning,Motorcycle,1.5,44.4
ORD_004524,4.43,15,2,Clear,High,Morning,Scooter,4.7,27.0
ORD_004525,5.13,15,1,Windy,Medium,Afternoon,Motorcycle,5.8,29.9
ORD_004526,5.56,25,1,Rainy,High,Evening Peak,Scooter,4.5,48.5
ORD_004527,6.99,30,2,Clear,High,Afternoon,Motorcycle,4.2,50.9
ORD_004528,7.27,20,6,Clear,Medium,Evening Peak,Scooter,5.5,42.0
ORD_004529,7.17,15,2,Clear,Medium,Late Night,Electric Bike,2.0,43.7
ORD_004530,4.03,15,6,Clear,Low,Evening Peak,Scooter,2.0,26.9
ORD_004531,5.46,25,4,Clear,Jam,Evening Peak,Scooter,4.0,49.1
ORD_004532,8.79,30,1,Clear,High,Evening Peak,Motorcycle,5.4,56.7
ORD_004533,15.42,35,4,Clear,Low,Afternoon,Scooter,3.9,72.9
ORD_004534,5.37,20,2,Heavy Storm,Low,Morning,Scooter,5.9,45.0
ORD_004535,3.73,25,1,Rainy,Low,Late Night,Motorcycle,1.7,39.0
ORD_004536,3.18,10,1,Windy,Medium,Evening Peak,Scooter,5.0,17.5
ORD_004537,7.2,15,2,Foggy,Medium,Late Night,Scooter,5.6,38.8
ORD_004538,1.97,15,3,Clear,High,Afternoon,Motorcycle,2.8,20.5
ORD_004539,7.24,35,1,Clear,Medium,Morning,Scooter,5.8,53.9
ORD_004540,7.31,10,3,Clear,High,Evening Peak,Scooter,1.6,33.3
ORD_004541,3.81,15,1,Windy,Low,Late Night,Motorcycle,5.7,24.3
ORD_004542,5.88,30,3,Rainy,High,Evening Peak,Motorcycle,5.5,55.0
ORD_004543,4.52,15,1,Clear,High,Evening Peak,Motorcycle,0.9,25.3
ORD_004544,2.27,15,2,Clear,Medium,Evening Peak,Motorcycle,3.4,24.4
ORD_004545,6.94,20,4,Rainy,Medium,Evening Peak,Electric Bike,3.4,54.8
ORD_004546,6.6,20,6,Clear,Medium,Afternoon,Scooter,0.8,40.8
ORD_004547,3.98,15,1,Windy,High,Afternoon,Motorcycle,0.7,29.2
ORD_004548,15.28,30,4,Clear,Jam,Evening Peak,Electric Bike,0.5,95.0
ORD_004549,5.15,15,3,Clear,Low,Evening Peak,Motorcycle,3.4,24.7
ORD_004550,1.65,30,5,Foggy,Medium,Morning,Electric Bike,3.1,41.7
ORD_004551,9.05,25,2,Clear,Medium,Morning,Motorcycle,5.7,47.3
ORD_004552,7.89,15,3,Clear,Low,Evening Peak,Motorcycle,2.4,31.0
ORD_004553,8.42,25,1,Rainy,Low,Morning,Scooter,4.1,49.8
ORD_004554,2.83,10,2,Clear,Low,Morning,Motorcycle,0.5,18.1
ORD_004555,5.79,10,2,Clear,Medium,Morning,Scooter,4.1,26.6
ORD_004556,5.1,30,2,Clear,Low,Evening Peak,Scooter,5.5,44.4
ORD_004557,4.64,10,3,Clear,Medium,Afternoon,Scooter,2.5,21.2
ORD_004558,10.39,10,1,Clear,High,Morning,Electric Bike,2.2,57.4
ORD_004559,5.19,15,1,Clear,High,Morning,Motorcycle,3.9,33.4
ORD_004560,4.06,10,1,Clear,Medium,Evening Peak,Scooter,2.3,27.1
ORD_004561,4.04,25,1,Clear,Low,Morning,Motorcycle,2.7,30.7
ORD_004562,2.71,30,2,Rainy,Low,Evening Peak,Electric Bike,2.0,46.0
ORD_004563,5.48,15,5,Clear,High,Afternoon,Electric Bike,2.4,42.8
ORD_004564,10.84,15,3,Foggy,High,Morning,Motorcycle,4.2,50.3
ORD_004565,4.25,20,2,Clear,Low,Afternoon,Scooter,5.6,27.1
ORD_004566,5.97,15,2,Clear,Low,Afternoon,Motorcycle,3.7,29.1
ORD_004567,4.6,15,3,Clear,High,Afternoon,Scooter,0.6,31.0
ORD_004568,4.88,10,3,Rainy,Medium,Evening Peak,Motorcycle,2.0,33.7
ORD_004569,8.09,15,3,Clear,Medium,Morning,Electric Bike,5.7,43.8
ORD_004570,2.69,20,4,Clear,Medium,Morning,Scooter,5.5,26.9
ORD_004571,2.08,30,3,Clear,High,Morning,Electric Bike,1.1,42.9
ORD_004572,9.05,20,2,Windy,Medium,Late Night,Scooter,5.5,50.4
ORD_004573,3.75,20,3,Rainy,Medium,Evening Peak,Motorcycle,5.8,42.9
ORD_004574,4.09,15,2,Clear,Low,Evening Peak,Motorcycle,2.3,22.8
ORD_004575,17.16,25,3,Windy,Medium,Afternoon,Scooter,4.4,78.4
ORD_004576,7.87,30,1,Clear,Jam,Late Night,Scooter,3.6,67.2
ORD_004577,3.05,30,2,Heavy Storm,Medium,Evening Peak,Scooter,2.4,54.2
ORD_004578,9.41,10,1,Foggy,Jam,Afternoon,Motorcycle,1.3,61.4
ORD_004579,7.97,20,6,Clear,High,Evening Peak,Scooter,2.5,50.4
ORD_004580,0.96,20,1,Clear,Low,Morning,Scooter,5.6,18.0
ORD_004581,5.6,15,2,Clear,High,Afternoon,Scooter,5.0,34.1
ORD_004582,2.76,35,2,Windy,Medium,Evening Peak,Motorcycle,2.3,42.5
ORD_004583,4.88,15,2,Clear,Low,Evening Peak,Scooter,3.5,21.4
ORD_004584,15.44,15,2,Windy,Low,Afternoon,Electric Bike,2.7,64.1
ORD_004585,8.28,15,2,Windy,Low,Late Night,Motorcycle,3.1,34.3
ORD_004586,8.92,15,2,Clear,High,Evening Peak,Motorcycle,4.7,47.3
ORD_004587,4.61,30,2,Windy,High,Evening Peak,Scooter,3.5,45.6
ORD_004588,8.94,15,6,Rainy,Medium,Late Night,Motorcycle,1.5,48.6
ORD_004589,3.34,15,2,Clear,Medium,Evening Peak,Motorcycle,2.0,23.3
ORD_004590,5.56,20,2,Foggy,High,Late Night,Scooter,3.6,43.8
ORD_004591,8.07,10,2,Clear,High,Evening Peak,Motorcycle,4.3,34.0
ORD_004592,7.93,25,3,Clear,Medium,Afternoon,Motorcycle,3.3,48.2
ORD_004593,2.15,25,6,Rainy,Low,Afternoon,Scooter,3.9,39.0
ORD_004594,13.55,15,3,Windy,Medium,Afternoon,Motorcycle,4.8,50.2
ORD_004595,2.98,30,8,Windy,High,Evening Peak,Motorcycle,3.5,47.0
ORD_004596,18.92,20,2,Clear,High,Evening Peak,Motorcycle,5.9,79.8
ORD_004597,8.21,20,5,Clear,Low,Evening Peak,Motorcycle,1.8,40.5
ORD_004598,7.81,30,2,Clear,Medium,Evening Peak,Motorcycle,5.6,50.0
ORD_004599,3.13,20,3,Windy,Low,Afternoon,Scooter,1.9,28.7
ORD_004600,3.84,15,1,Windy,High,Late Night,Scooter,3.4,30.5
ORD_004601,12.93,10,1,Clear,High,Morning,Motorcycle,3.0,48.5
ORD_004602,11.98,20,2,Clear,High,Morning,Motorcycle,2.6,55.6
ORD_004603,4.68,30,1,Windy,High,Evening Peak,Electric Bike,5.8,52.1
ORD_004604,4.46,15,2,Heavy Storm,Medium,Evening Peak,Scooter,2.0,42.7
ORD_004605,4.53,15,2,Clear,Medium,Late Night,Motorcycle,4.2,28.0
ORD_004606,9.45,20,6,Windy,High,Evening Peak,Motorcycle,4.9,49.7
ORD_004607,8.93,20,1,Foggy,High,Afternoon,Motorcycle,1.6,55.5
ORD_004608,6.38,10,2,Clear,Low,Late Night,Electric Bike,5.9,26.4
ORD_004609,5.59,25,2,Clear,Jam,Afternoon,Electric Bike,3.5,58.6
ORD_004610,4.65,25,1,Windy,Low,Morning,Motorcycle,5.5,38.4
ORD_004611,18.06,20,1,Foggy,Medium,Evening Peak,Motorcycle,4.2,70.0
ORD_004612,2.28,10,4,Windy,Low,Evening Peak,Motorcycle,4.1,16.2
ORD_004613,4.12,20,2,Clear,Jam,Afternoon,Motorcycle,2.4,37.6
ORD_004614,6.13,10,3,Clear,Medium,Morning,Electric Bike,4.7,29.9
ORD_004615,2.04,20,2,Clear,Jam,Morning,Motorcycle,0.7,30.3
ORD_004616,3.69,10,5,Clear,Medium,Evening Peak,Motorcycle,3.6,25.2
ORD_004617,15.33,20,3,Clear,Low,Evening Peak,Motorcycle,0.7,50.3
ORD_004618,8.6,15,2,Clear,Medium,Evening Peak,Scooter,2.2,42.9
ORD_004619,3.68,25,4,Windy,High,Late Night,Motorcycle,1.0,41.4
ORD_004620,3.61,25,1,Clear,Medium,Evening Peak,Motorcycle,5.5,29.8
ORD_004621,2.29,35,1,Clear,Low,Morning,Electric Bike,4.0,41.0
ORD_004622,3.97,15,3,Foggy,Medium,Afternoon,Motorcycle,4.2,29.4
ORD_004623,7.03,10,3,Foggy,Low,Evening Peak,Motorcycle,5.2,27.2
ORD_004624,6.36,15,3,Clear,Low,Evening Peak,Scooter,4.5,30.5
ORD_004625,4.09,10,3,Heavy Storm,Medium,Late Night,Scooter,1.2,37.9
ORD_004626,2.96,15,2,Clear,High,Afternoon,Scooter,3.9,26.2
ORD_004627,4.61,20,4,Clear,Medium,Late Night,Motorcycle,5.9,32.1
ORD_004628,4.56,20,6,Clear,Medium,Morning,Motorcycle,1.7,31.8
ORD_004629,7.98,10,2,Rainy,Medium,Late Night,Motorcycle,3.9,33.9
ORD_004630,5.85,15,2,Foggy,Jam,Evening Peak,Scooter,3.6,46.8
ORD_004631,5.41,20,2,Windy,Medium,Morning,Motorcycle,2.7,35.0
ORD_004632,9.92,15,2,Clear,High,Evening Peak,Motorcycle,5.8,46.2
ORD_004633,11.92,25,1,Foggy,Medium,Late Night,Scooter,2.5,62.0
ORD_004634,6.32,15,3,Clear,Low,Afternoon,Motorcycle,1.0,29.0
ORD_004635,6.41,15,3,Rainy,High,Morning,Scooter,5.8,45.7
ORD_004636,4.8,15,1,Clear,High,Late Night,Motorcycle,4.5,26.0
ORD_004637,3.11,10,2,Clear,Medium,Afternoon,Scooter,2.4,19.9
ORD_004638,8.34,25,8,Heavy Storm,Medium,Evening Peak,Electric Bike,2.0,71.7
ORD_004639,7.45,15,2,Clear,Low,Late Night,Motorcycle,5.6,28.2
ORD_004640,5.02,20,5,Clear,Low,Evening Peak,Motorcycle,2.0,32.7
ORD_004641,5.86,15,4,Clear,High,Evening Peak,Scooter,3.5,35.7
ORD_004642,9.55,20,1,Rainy,Jam,Evening Peak,Motorcycle,1.7,71.5
ORD_004643,10.46,30,2,Clear,Medium,Evening Peak,Motorcycle,6.0,60.0
ORD_004644,1.23,25,3,Clear,Medium,Evening Peak,Motorcycle,4.7,20.8
ORD_004645,3.54,10,3,Clear,High,Morning,Motorcycle,3.6,23.9
ORD_004646,5.01,25,2,Clear,High,Late Night,Motorcycle,4.6,42.6
ORD_004647,2.71,15,1,Rainy,Medium,Evening Peak,Motorcycle,5.5,26.7
ORD_004648,5.95,15,2,Heavy Storm,Medium,Evening Peak,Motorcycle,5.8,42.8
ORD_004649,3.64,20,3,Heavy Storm,High,Evening Peak,Motorcycle,4.8,44.2
ORD_004650,6.06,30,2,Clear,Low,Afternoon,Motorcycle,5.2,41.4
ORD_004651,3.71,10,2,Foggy,Medium,Evening Peak,Motorcycle,2.7,26.0
ORD_004652,3.8,25,4,Windy,Medium,Afternoon,Scooter,2.7,38.0
ORD_004653,6.04,15,2,Clear,Medium,Evening Peak,Scooter,4.9,29.9
ORD_004654,8.55,15,6,Foggy,Medium,Afternoon,Motorcycle,4.7,45.9
ORD_004655,7.2,25,1,Rainy,Medium,Morning,Motorcycle,5.5,49.9
ORD_004656,5.04,20,1,Clear,Low,Late Night,Motorcycle,1.2,30.8
ORD_004657,1.72,10,2,Rainy,High,Evening Peak,Scooter,4.3,24.8
ORD_004658,3.75,20,1,Rainy,Low,Morning,Scooter,4.1,33.0
ORD_004659,3.52,25,2,Foggy,High,Morning,Electric Bike,4.9,45.4
ORD_004660,7.7,20,2,Rainy,High,Afternoon,Scooter,0.6,59.8
ORD_004661,5.61,15,2,Clear,Jam,Evening Peak,Scooter,5.0,42.4
ORD_004662,5.73,15,4,Foggy,Medium,Afternoon,Motorcycle,2.3,33.8
ORD_004663,3.19,30,2,Windy,Low,Late Night,Scooter,4.3,35.9
ORD_004664,10.7,20,2,Clear,High,Late Night,Motorcycle,3.9,53.4
ORD_004665,5.71,20,1,Clear,Medium,Late Night,Electric Bike,2.9,41.8
ORD_004666,3.08,25,2,Rainy,Low,Morning,Scooter,4.6,39.2
ORD_004667,3.21,10,1,Rainy,High,Late Night,Motorcycle,5.8,24.8
ORD_004668,6.19,20,2,Heavy Storm,Low,Evening Peak,Motorcycle,2.3,47.7
ORD_004669,3.01,15,3,Clear,Medium,Evening Peak,Scooter,4.6,25.3
ORD_004670,3.54,10,2,Clear,High,Morning,Motorcycle,2.2,20.7
ORD_004671,2.63,15,1,Windy,Low,Evening Peak,Motorcycle,5.2,15.4
ORD_004672,7.67,25,2,Rainy,High,Evening Peak,Scooter,2.9,65.0
ORD_004673,3.05,15,4,Foggy,Medium,Evening Peak,Motorcycle,3.0,30.4
ORD_004674,11.7,15,2,Clear,Medium,Morning,Motorcycle,4.7,46.6
ORD_004675,6.63,15,3,Foggy,Low,Evening Peak,Motorcycle,3.2,37.0
ORD_004676,2.63,10,2,Clear,Medium,Morning,Scooter,2.0,19.8
ORD_004677,7.16,15,6,Windy,Medium,Morning,Electric Bike,6.0,43.5
ORD_004678,10.71,25,2,Clear,Jam,Afternoon,Motorcycle,3.9,76.1
ORD_004679,4.91,10,3,Clear,High,Evening Peak,Motorcycle,4.0,22.6
ORD_004680,11.42,10,3,Foggy,High,Evening Peak,Electric Bike,4.1,64.5
ORD_004681,6.7,20,3,Clear,Low,Late Night,Scooter,5.4,35.5
ORD_004682,3.65,20,4,Clear,High,Afternoon,Motorcycle,1.5,35.8
ORD_004683,15.47,20,1,Clear,Medium,Afternoon,Electric Bike,0.8,77.8
ORD_004684,2.25,15,4,Clear,Medium,Evening Peak,Motorcycle,2.6,22.6
ORD_004685,4.25,25,1,Clear,High,Afternoon,Scooter,3.6,38.7
ORD_004686,5.04,15,3,Clear,Jam,Afternoon,Motorcycle,2.1,37.5
ORD_004687,13.99,20,2,Clear,Low,Evening Peak,Motorcycle,4.3,48.8
ORD_004688,7.77,10,3,Clear,High,Morning,Scooter,0.9,35.2
ORD_004689,7.04,15,1,Clear,Jam,Afternoon,Motorcycle,4.8,43.6
ORD_004690,3.33,25,3,Clear,Medium,Evening Peak,Motorcycle,4.4,30.8
ORD_004691,4.81,15,2,Clear,Medium,Evening Peak,Scooter,1.7,31.0
ORD_004692,3.7,10,3,Clear,High,Evening Peak,Scooter,2.1,27.2
ORD_004693,6.91,20,2,Rainy,Jam,Morning,Electric Bike,4.9,65.2
ORD_004694,9.76,20,2,Rainy,Jam,Afternoon,Motorcycle,4.8,67.7
ORD_004695,17.49,20,2,Rainy,Low,Late Night,Scooter,5.0,69.5
ORD_004696,3.94,20,1,Clear,High,Late Night,Motorcycle,2.3,31.8
ORD_004697,2.22,20,8,Clear,Medium,Evening Peak,Motorcycle,5.8,32.0
ORD_004698,4.29,15,3,Clear,Medium,Late Night,Motorcycle,4.4,32.3
ORD_004699,9.01,30,2,Windy,High,Evening Peak,Motorcycle,0.9,65.3
ORD_004700,3.1,20,5,Clear,High,Afternoon,Motorcycle,3.1,30.7
ORD_004701,5.14,20,2,Windy,Medium,Evening Peak,Motorcycle,4.2,32.8
ORD_004702,7.09,15,2,Windy,Medium,Afternoon,Electric Bike,1.4,43.5
ORD_004703,3.98,25,3,Rainy,Medium,Late Night,Motorcycle,5.5,44.6
ORD_004704,5.85,10,5,Rainy,Medium,Afternoon,Motorcycle,4.6,31.8
ORD_004705,2.94,20,3,Rainy,High,Evening Peak,Motorcycle,0.9,37.8
ORD_004706,10.14,15,1,Clear,High,Afternoon,Scooter,5.5,50.6
ORD_004707,4.48,20,4,Heavy Storm,Medium,Late Night,Motorcycle,2.7,44.3
ORD_004708,5.76,15,2,Foggy,High,Morning,Scooter,3.0,41.0
ORD_004709,1.76,20,4,Windy,Medium,Evening Peak,Electric Bike,4.8,28.5
ORD_004710,2.71,10,8,Clear,Low,Afternoon,Motorcycle,4.0,17.8
ORD_004711,8.84,15,3,Clear,Low,Morning,Scooter,2.9,35.3
ORD_004712,3.95,25,2,Windy,Medium,Afternoon,Motorcycle,1.9,35.9
ORD_004713,3.02,15,2,Clear,Medium,Afternoon,Motorcycle,3.3,26.0
ORD_004714,2.12,10,3,Clear,Low,Evening Peak,Scooter,3.7,14.3
ORD_004715,10.03,15,1,Clear,High,Afternoon,Scooter,4.0,50.3
ORD_004716,7.58,35,3,Clear,Medium,Morning,Motorcycle,3.8,57.1
ORD_004717,7.3,10,2,Clear,Jam,Late Night,Scooter,3.9,46.7
ORD_004718,12.3,10,1,Clear,Low,Evening Peak,Motorcycle,3.1,35.1
ORD_004719,4.26,20,3,Clear,High,Morning,Motorcycle,3.6,34.9
ORD_004720,2.23,15,3,Clear,Low,Afternoon,Motorcycle,2.1,18.0
ORD_004721,5.31,15,2,Clear,Low,Evening Peak,Scooter,1.4,29.4
ORD_004722,13.64,25,2,Heavy Storm,Low,Afternoon,Scooter,3.8,69.2
ORD_004723,5.38,15,5,Clear,Low,Afternoon,Scooter,0.8,33.3
ORD_004724,9.61,20,1,Windy,Low,Evening Peak,Scooter,0.9,45.6
ORD_004725,2.28,20,1,Clear,Low,Morning,Motorcycle,1.9,24.9
ORD_004726,3.29,30,2,Clear,Low,Evening Peak,Scooter,1.6,38.9
ORD_004727,8.54,35,2,Clear,High,Morning,Electric Bike,2.6,72.9
ORD_004728,5.69,15,1,Heavy Storm,Medium,Afternoon,Scooter,2.5,45.5
ORD_004729,4.86,20,8,Clear,Medium,Morning,Motorcycle,1.1,40.7
ORD_004730,9.54,20,8,Clear,Low,Afternoon,Motorcycle,1.9,42.9
ORD_004731,8.48,15,3,Windy,Medium,Evening Peak,Electric Bike,0.5,52.2
ORD_004732,5.78,15,2,Foggy,Medium,Evening Peak,Motorcycle,2.4,37.4
ORD_004733,1.24,30,2,Windy,Jam,Morning,Scooter,4.9,40.3
ORD_004734,5.19,15,4,Clear,Medium,Evening Peak,Motorcycle,2.0,31.3
ORD_004735,6.58,10,1,Windy,Low,Morning,Motorcycle,4.0,24.0
ORD_004736,1.78,25,1,Heavy Storm,Low,Afternoon,Motorcycle,1.0,46.7
ORD_004737,6.46,20,2,Rainy,Medium,Evening Peak,Motorcycle,0.6,44.0
ORD_004738,9.78,15,8,Clear,Medium,Late Night,Motorcycle,3.2,45.1
ORD_004739,5.18,10,1,Clear,High,Late Night,Electric Bike,3.0,33.3
ORD_004740,2.83,15,3,Clear,Medium,Evening Peak,Scooter,1.6,25.0
ORD_004741,1.31,30,4,Windy,Medium,Evening Peak,Scooter,2.1,34.9
ORD_004742,6.53,30,1,Clear,High,Evening Peak,Scooter,0.7,55.0
ORD_004743,1.9,15,1,Clear,Low,Evening Peak,Motorcycle,4.9,16.2
ORD_004744,7.26,25,2,Clear,Low,Evening Peak,Motorcycle,2.2,39.7
ORD_004745,13.26,15,3,Clear,High,Evening Peak,Scooter,1.7,65.1
ORD_004746,3.38,20,2,Clear,Medium,Afternoon,Electric Bike,4.9,30.8
ORD_004747,4.55,15,2,Clear,Medium,Evening Peak,Scooter,0.7,29.5
ORD_004748,13.7,20,1,Heavy Storm,High,Afternoon,Motorcycle,2.1,81.9
ORD_004749,5.55,15,3,Foggy,Jam,Evening Peak,Motorcycle,1.9,43.7
ORD_004750,3.97,10,2,Clear,Medium,Late Night,Motorcycle,1.9,20.4
ORD_004751,9.01,10,2,Clear,High,Evening Peak,Scooter,0.6,44.3
ORD_004752,4.1,15,3,Clear,Medium,Evening Peak,Scooter,5.6,23.0
ORD_004753,3.25,35,2,Windy,Low,Evening Peak,Scooter,5.3,40.2
ORD_004754,7.2,30,2,Clear,Jam,Evening Peak,Motorcycle,2.8,60.7
ORD_004755,9.42,25,1,Heavy Storm,High,Morning,Scooter,2.9,72.9
ORD_004756,3.24,15,2,Windy,High,Evening Peak,Scooter,3.4,28.5
ORD_004757,5.81,15,1,Heavy Storm,Medium,Afternoon,Motorcycle,3.1,40.1
ORD_004758,4.66,15,2,Clear,Jam,Morning,Motorcycle,4.8,31.5
ORD_004759,5.1,15,8,Windy,Medium,Late Night,Motorcycle,3.2,34.3
ORD_004760,2.84,10,2,Clear,High,Evening Peak,Scooter,1.5,18.1
ORD_004761,7.51,20,1,Clear,Low,Evening Peak,Motorcycle,1.1,32.6
ORD_004762,11.67,10,8,Rainy,Low,Evening Peak,Motorcycle,5.6,47.3
ORD_004763,3.2,25,2,Clear,Medium,Evening Peak,Motorcycle,0.8,35.9
ORD_004764,7.51,20,3,Clear,Medium,Morning,Motorcycle,5.4,37.6
ORD_004765,8.89,15,4,Clear,High,Evening Peak,Motorcycle,4.3,49.1
ORD_004766,5.79,20,2,Clear,Low,Afternoon,Motorcycle,2.7,31.9
ORD_004767,7.33,15,3,Foggy,High,Evening Peak,Scooter,1.5,48.4
ORD_004768,3.41,15,1,Foggy,High,Evening Peak,Electric Bike,2.2,34.6
ORD_004769,11.3,15,2,Foggy,High,Morning,Scooter,3.4,61.6
ORD_004770,9.46,25,4,Heavy Storm,Medium,Evening Peak,Scooter,4.1,71.9
ORD_004771,10.07,15,4,Clear,High,Afternoon,Motorcycle,4.3,47.3
ORD_004772,2.58,20,2,Clear,High,Afternoon,Scooter,3.0,32.6
ORD_004773,6.81,15,1,Clear,Medium,Afternoon,Motorcycle,2.6,34.6
ORD_004774,3.56,15,3,Clear,High,Evening Peak,Motorcycle,4.7,26.1
ORD_004775,11.85,15,1,Foggy,Medium,Morning,Scooter,5.6,53.3
ORD_004776,3.24,20,4,Windy,Medium,Evening Peak,Motorcycle,5.5,30.4
ORD_004777,5.92,20,2,Clear,Low,Afternoon,Motorcycle,3.5,34.3
ORD_004778,1.54,20,2,Rainy,High,Morning,Scooter,0.9,34.3
ORD_004779,5.9,15,2,Windy,Low,Evening Peak,Scooter,0.9,34.6
ORD_004780,2.59,10,2,Clear,Medium,Evening Peak,Scooter,2.7,16.0
ORD_004781,7.01,20,4,Clear,Medium,Afternoon,Scooter,4.5,39.8
ORD_004782,4.74,10,2,Rainy,Low,Late Night,Scooter,3.2,25.3
ORD_004783,4.17,15,1,Clear,Jam,Evening Peak,Electric Bike,4.0,37.6
ORD_004784,12.02,15,3,Heavy Storm,Jam,Evening Peak,Motorcycle,5.1,85.7
ORD_004785,16.08,20,2,Clear,High,Morning,Motorcycle,0.7,72.6
ORD_004786,2.18,20,2,Clear,Medium,Evening Peak,Motorcycle,5.6,23.6
ORD_004787,4.25,15,1,Windy,Low,Late Night,Scooter,2.3,26.8
ORD_004788,8.19,20,1,Clear,Low,Evening Peak,Motorcycle,0.8,41.9
ORD_004789,6.37,20,3,Foggy,High,Afternoon,Motorcycle,5.1,45.9
ORD_004790,7.94,15,2,Windy,Medium,Late Night,Motorcycle,5.6,34.7
ORD_004791,4.94,15,2,Heavy Storm,High,Afternoon,Electric Bike,4.7,50.7
ORD_004792,9.68,20,6,Windy,High,Late Night,Electric Bike,4.9,65.2
ORD_004793,5.77,20,1,Clear,Low,Evening Peak,Motorcycle,5.3,32.4
ORD_004794,6.58,10,5,Clear,High,Evening Peak,Electric Bike,3.4,41.3
ORD_004795,2.59,20,4,Clear,Medium,Evening Peak,Electric Bike,4.2,26.6
ORD_004796,5.44,15,2,Rainy,Low,Afternoon,Scooter,2.1,36.1
ORD_004797,8.24,25,2,Clear,Medium,Evening Peak,Motorcycle,1.9,51.2
ORD_004798,6.17,15,1,Windy,High,Morning,Motorcycle,3.8,34.4
ORD_004799,5.58,15,2,Clear,Jam,Evening Peak,Motorcycle,4.5,37.7
ORD_004800,6.82,20,2,Clear,Low,Late Night,Motorcycle,2.7,33.8
ORD_004801,5.75,15,2,Clear,Medium,Afternoon,Scooter,2.7,31.8
ORD_004802,5.03,15,5,Windy,Medium,Late Night,Motorcycle,5.7,29.8
ORD_004803,8.38,20,1,Clear,Medium,Morning,Scooter,3.4,45.2
ORD_004804,4.83,20,2,Clear,Medium,Evening Peak,Scooter,5.9,33.1
ORD_004805,2.5,20,5,Clear,High,Afternoon,Motorcycle,5.2,30.0
ORD_004806,11.71,15,1,Windy,High,Morning,Motorcycle,4.0,54.4
ORD_004807,3.62,20,2,Clear,High,Evening Peak,Motorcycle,0.6,34.5
ORD_004808,2.12,15,3,Clear,High,Evening Peak,Motorcycle,2.1,21.5
ORD_004809,7.3,10,2,Clear,Medium,Evening Peak,Scooter,2.8,32.8
ORD_004810,12.56,15,4,Windy,High,Morning,Scooter,4.1,65.1
ORD_004811,7.4,10,1,Clear,Low,Evening Peak,Electric Bike,2.7,35.7
ORD_004812,10.78,15,8,Rainy,Jam,Morning,Scooter,5.1,75.5
ORD_004813,3.04,15,3,Clear,Jam,Afternoon,Scooter,4.1,29.6
ORD_004814,2.52,35,2,Windy,High,Morning,Motorcycle,2.4,45.7
ORD_004815,4.24,25,1,Rainy,Medium,Late Night,Motorcycle,4.8,45.5
ORD_004816,9.28,25,3,Clear,Medium,Evening Peak,Motorcycle,2.2,52.8
ORD_004817,7.02,20,3,Clear,Low,Evening Peak,Scooter,0.8,37.2
ORD_004818,7.32,25,2,Rainy,Low,Afternoon,Scooter,1.4,54.6
ORD_004819,5.58,15,5,Clear,Medium,Afternoon,Scooter,0.5,37.5
ORD_004820,4.28,20,2,Clear,Low,Evening Peak,Electric Bike,5.1,35.9
ORD_004821,5.72,15,3,Clear,Medium,Evening Peak,Electric Bike,3.9,39.0
ORD_004822,4.74,15,1,Clear,Medium,Evening Peak,Scooter,3.6,28.5
ORD_004823,4.11,10,2,Windy,Medium,Afternoon,Scooter,4.1,27.7
ORD_004824,6.47,20,3,Clear,Low,Evening Peak,Motorcycle,4.1,29.1
ORD_004825,4.48,10,3,Clear,Medium,Evening Peak,Motorcycle,3.6,22.6
ORD_004826,6.05,20,2,Windy,High,Late Night,Electric Bike,5.1,47.2
ORD_004827,1.62,30,4,Foggy,Medium,Late Night,Scooter,2.9,39.8
ORD_004828,5.77,15,5,Clear,Low,Late Night,Electric Bike,4.9,33.0
ORD_004829,4.47,15,2,Rainy,High,Morning,Motorcycle,4.8,32.6
ORD_004830,11.1,20,2,Clear,Low,Late Night,Scooter,1.6,49.4
ORD_004831,2.07,15,3,Windy,High,Evening Peak,Motorcycle,3.0,23.7
ORD_004832,5.53,30,8,Clear,Medium,Afternoon,Motorcycle,5.1,49.8
ORD_004833,8.3,25,1,Clear,Low,Evening Peak,Motorcycle,5.1,38.3
ORD_004834,4.85,10,2,Foggy,High,Late Night,Motorcycle,0.6,27.0
ORD_004835,4.38,10,2,Windy,Low,Morning,Electric Bike,1.7,22.8
ORD_004836,8.28,35,8,Rainy,Medium,Afternoon,Motorcycle,2.8,69.4
ORD_004837,6.93,30,4,Foggy,Medium,Late Night,Electric Bike,0.8,61.1
ORD_004838,7.22,15,2,Clear,Low,Evening Peak,Scooter,1.9,31.5
ORD_004839,4.12,10,3,Foggy,Medium,Morning,Motorcycle,1.9,27.2
ORD_004840,3.83,20,2,Clear,High,Late Night,Scooter,1.7,33.8
ORD_004841,6.06,15,3,Clear,Jam,Late Night,Electric Bike,2.7,52.7
ORD_004842,8.67,30,1,Clear,High,Evening Peak,Scooter,5.0,60.3
ORD_004843,2.33,25,2,Rainy,Medium,Evening Peak,Motorcycle,1.8,39.6
ORD_004844,4.95,20,3,Clear,High,Evening Peak,Motorcycle,3.7,34.5
ORD_004845,3.93,15,2,Windy,Medium,Late Night,Motorcycle,3.6,27.8
ORD_004846,5.29,20,3,Clear,High,Afternoon,Scooter,5.0,41.0
ORD_004847,7.86,15,2,Rainy,High,Afternoon,Motorcycle,2.7,48.6
ORD_004848,3.2,10,1,Rainy,Medium,Afternoon,Scooter,1.7,25.1
ORD_004849,7.37,20,5,Clear,Medium,Afternoon,Motorcycle,5.4,40.5
ORD_004850,4.2,15,2,Windy,Medium,Afternoon,Scooter,5.1,31.7
ORD_004851,9.44,25,3,Clear,Jam,Afternoon,Scooter,3.9,71.1
ORD_004852,3.31,25,3,Windy,Medium,Evening Peak,Scooter,1.0,37.9
ORD_004853,8.6,15,3,Rainy,High,Afternoon,Scooter,0.6,54.1
ORD_004854,2.47,15,2,Heavy Storm,Medium,Evening Peak,Motorcycle,1.5,37.9
ORD_004855,5.83,15,2,Clear,Medium,Evening Peak,Scooter,1.6,34.0
ORD_004856,7.46,15,4,Clear,Medium,Morning,Motorcycle,1.2,39.3
ORD_004857,3.36,20,3,Clear,Medium,Evening Peak,Motorcycle,1.9,30.9
ORD_004858,1.41,20,4,Foggy,Medium,Morning,Scooter,2.4,30.8
ORD_004859,4.0,30,2,Foggy,High,Late Night,Scooter,4.6,48.0
ORD_004860,5.32,20,6,Clear,Low,Evening Peak,Motorcycle,4.4,32.6
ORD_004861,4.37,15,1,Clear,Medium,Late Night,Electric Bike,1.1,30.1
ORD_004862,3.79,15,2,Windy,Medium,Afternoon,Motorcycle,5.9,23.3
ORD_004863,8.35,15,1,Clear,Jam,Evening Peak,Scooter,4.6,53.2
ORD_004864,9.98,15,2,Clear,High,Morning,Motorcycle,1.4,46.5
ORD_004865,9.65,15,1,Clear,Medium,Afternoon,Motorcycle,1.2,38.6
ORD_004866,6.77,15,2,Rainy,Medium,Afternoon,Motorcycle,1.0,44.9
ORD_004867,7.28,35,1,Clear,High,Late Night,Scooter,4.5,62.3
ORD_004868,3.05,10,3,Windy,Low,Morning,Motorcycle,1.8,18.2
ORD_004869,5.05,20,5,Rainy,High,Afternoon,Motorcycle,0.9,45.8
ORD_004870,5.57,10,1,Clear,Low,Afternoon,Motorcycle,2.8,17.3
ORD_004871,6.18,15,3,Windy,Low,Evening Peak,Electric Bike,4.4,33.5
ORD_004872,6.12,15,2,Rainy,Medium,Evening Peak,Scooter,2.2,42.8
ORD_004873,5.33,15,1,Clear,Jam,Morning,Motorcycle,3.2,37.0
ORD_004874,6.72,15,4,Heavy Storm,Jam,Evening Peak,Electric Bike,1.6,74.3
ORD_004875,5.97,20,2,Clear,Jam,Evening Peak,Electric Bike,2.9,56.0
ORD_004876,5.96,20,1,Clear,Low,Evening Peak,Scooter,2.5,32.7
ORD_004877,3.49,20,2,Rainy,High,Evening Peak,Motorcycle,2.9,39.6
ORD_004878,2.67,25,6,Clear,High,Evening Peak,Electric Bike,3.1,40.4
ORD_004879,6.2,25,4,Windy,Medium,Afternoon,Electric Bike,1.0,49.8
ORD_004880,4.1,20,3,Clear,Medium,Morning,Motorcycle,1.0,32.0
ORD_004881,3.58,10,6,Windy,High,Morning,Scooter,1.9,25.0
ORD_004882,7.56,30,4,Clear,Low,Late Night,Scooter,1.1,54.8
ORD_004883,5.08,30,2,Clear,High,Afternoon,Scooter,1.9,49.4
ORD_004884,10.8,20,2,Windy,High,Afternoon,Electric Bike,0.6,69.8
ORD_004885,7.12,20,5,Clear,Medium,Evening Peak,Scooter,2.4,46.1
ORD_004886,3.37,15,1,Foggy,High,Late Night,Scooter,1.7,29.4
ORD_004887,7.62,25,2,Heavy Storm,Medium,Afternoon,Scooter,5.4,60.2
ORD_004888,6.54,25,2,Clear,Medium,Afternoon,Motorcycle,5.2,41.7
ORD_004889,3.3,20,2,Rainy,High,Late Night,Motorcycle,2.2,38.1
ORD_004890,3.82,20,1,Clear,High,Evening Peak,Motorcycle,3.1,33.8
ORD_004891,7.42,15,2,Rainy,Medium,Evening Peak,Scooter,5.8,42.6
ORD_004892,1.85,15,3,Rainy,Medium,Evening Peak,Scooter,3.4,28.0
ORD_004893,1.51,20,2,Windy,Medium,Afternoon,Motorcycle,5.2,23.0
ORD_004894,5.77,10,2,Clear,High,Evening Peak,Motorcycle,5.0,23.9
ORD_004895,5.54,20,3,Foggy,Low,Afternoon,Scooter,5.7,35.1
ORD_004896,6.06,25,3,Rainy,High,Evening Peak,Motorcycle,2.2,51.1
ORD_004897,5.54,15,1,Clear,Low,Afternoon,Motorcycle,0.7,26.4
ORD_004898,6.67,10,1,Clear,High,Evening Peak,Motorcycle,1.1,33.7
ORD_004899,10.06,25,1,Clear,Low,Evening Peak,Scooter,3.6,45.7
ORD_004900,5.27,10,3,Rainy,Medium,Morning,Electric Bike,3.4,37.7
ORD_004901,2.23,15,1,Clear,High,Evening Peak,Motorcycle,2.1,21.0
ORD_004902,1.73,20,6,Windy,High,Afternoon,Scooter,1.9,30.3
ORD_004903,4.31,25,3,Clear,Low,Afternoon,Motorcycle,4.4,30.4
ORD_004904,4.37,25,3,Rainy,Medium,Evening Peak,Electric Bike,2.4,46.8
ORD_004905,2.44,20,1,Clear,Medium,Late Night,Electric Bike,3.8,24.9
ORD_004906,1.38,15,1,Heavy Storm,Medium,Evening Peak,Motorcycle,4.4,32.1
ORD_004907,4.13,25,2,Clear,High,Afternoon,Electric Bike,2.9,45.7
ORD_004908,12.53,20,2,Clear,Low,Evening Peak,Motorcycle,1.6,43.8
ORD_004909,6.52,20,2,Clear,Low,Afternoon,Motorcycle,5.2,29.5
ORD_004910,6.21,15,1,Clear,Low,Afternoon,Scooter,1.0,32.7
ORD_004911,4.77,15,2,Foggy,Low,Morning,Motorcycle,5.1,30.0
ORD_004912,4.3,15,3,Foggy,Low,Evening Peak,Electric Bike,5.1,34.8
ORD_004913,6.89,15,2,Windy,Jam,Evening Peak,Motorcycle,3.6,50.8
ORD_004914,2.6,15,2,Heavy Storm,Low,Late Night,Electric Bike,4.0,35.0
ORD_004915,14.38,35,5,Clear,Low,Afternoon,Electric Bike,2.5,82.1
ORD_004916,2.71,15,2,Heavy Storm,Medium,Morning,Motorcycle,5.1,35.4
ORD_004917,7.24,15,5,Clear,Jam,Evening Peak,Scooter,2.0,56.0
ORD_004918,2.85,15,1,Rainy,Jam,Late Night,Motorcycle,3.6,32.9
ORD_004919,5.62,20,4,Clear,High,Morning,Scooter,0.5,46.8
ORD_004920,7.67,30,2,Clear,Low,Evening Peak,Motorcycle,5.7,40.7
ORD_004921,2.0,25,2,Clear,Low,Morning,Scooter,5.7,29.8
ORD_004922,3.03,25,3,Rainy,Medium,Morning,Scooter,4.4,37.7
ORD_004923,3.14,25,3,Foggy,Low,Evening Peak,Motorcycle,2.8,36.5
ORD_004924,4.51,30,4,Clear,High,Late Night,Scooter,1.5,45.7
ORD_004925,6.02,15,1,Rainy,Jam,Evening Peak,Electric Bike,3.2,56.5
ORD_004926,12.67,15,2,Rainy,Low,Afternoon,Motorcycle,4.9,45.2
ORD_004927,3.8,15,2,Clear,Medium,Afternoon,Scooter,3.8,24.6
ORD_004928,12.22,15,6,Rainy,Jam,Afternoon,Scooter,3.4,87.3
ORD_004929,6.4,20,1,Clear,High,Afternoon,Motorcycle,5.2,40.7
ORD_004930,2.66,15,2,Rainy,High,Afternoon,Motorcycle,2.2,30.8
ORD_004931,4.78,20,3,Clear,Jam,Morning,Motorcycle,5.2,43.4
ORD_004932,2.25,15,5,Clear,Medium,Evening Peak,Motorcycle,2.9,21.2
ORD_004933,4.31,15,4,Foggy,High,Afternoon,Motorcycle,0.5,36.7
ORD_004934,4.14,15,6,Clear,High,Morning,Scooter,4.5,33.4
ORD_004935,5.67,25,2,Windy,Medium,Evening Peak,Scooter,5.3,42.5
ORD_004936,7.25,20,3,Windy,Medium,Late Night,Motorcycle,3.2,43.6
ORD_004937,4.99,35,4,Windy,High,Evening Peak,Scooter,3.0,53.2
ORD_004938,2.83,25,2,Windy,High,Morning,Motorcycle,4.9,33.3
ORD_004939,10.78,15,1,Windy,Medium,Afternoon,Motorcycle,5.4,41.2
ORD_004940,13.13,15,1,Clear,Medium,Evening Peak,Motorcycle,5.9,48.4
ORD_004941,4.72,20,5,Clear,Low,Morning,Scooter,2.4,34.1
ORD_004942,6.24,20,1,Rainy,High,Afternoon,Electric Bike,3.8,53.9
ORD_004943,4.57,15,2,Rainy,Medium,Afternoon,Scooter,5.0,34.2
ORD_004944,5.7,15,4,Clear,Medium,Evening Peak,Electric Bike,3.4,35.9
ORD_004945,5.87,20,2,Rainy,Medium,Evening Peak,Motorcycle,3.0,45.5
ORD_004946,2.46,15,1,Clear,High,Evening Peak,Motorcycle,3.6,20.7
ORD_004947,4.35,30,1,Clear,Medium,Morning,Motorcycle,2.5,41.6
ORD_004948,9.02,20,1,Clear,Low,Afternoon,Motorcycle,1.6,35.8
ORD_004949,8.59,15,3,Windy,High,Afternoon,Motorcycle,0.9,50.2
ORD_004950,4.31,15,2,Clear,Low,Late Night,Scooter,3.9,24.4
ORD_004951,5.93,20,1,Rainy,Low,Evening Peak,Motorcycle,2.6,38.2
ORD_004952,4.49,20,1,Rainy,Low,Late Night,Motorcycle,5.4,35.7
ORD_004953,7.41,20,4,Heavy Storm,Medium,Evening Peak,Motorcycle,1.7,56.0
ORD_004954,1.99,20,1,Clear,Medium,Morning,Motorcycle,2.2,25.2
ORD_004955,6.9,20,2,Rainy,High,Evening Peak,Scooter,5.8,51.6
ORD_004956,11.18,15,2,Windy,Low,Evening Peak,Electric Bike,3.6,49.1
ORD_004957,3.47,30,2,Foggy,High,Evening Peak,Electric Bike,2.4,49.9
ORD_004958,10.34,15,1,Rainy,Low,Evening Peak,Electric Bike,5.2,49.0
ORD_004959,6.1,10,3,Windy,Medium,Late Night,Motorcycle,4.6,31.1
ORD_004960,4.98,15,4,Clear,High,Afternoon,Motorcycle,3.7,29.8
ORD_004961,4.29,10,3,Clear,Medium,Late Night,Motorcycle,5.4,17.5
ORD_004962,10.54,15,2,Windy,Jam,Morning,Motorcycle,1.0,63.2
ORD_004963,4.5,20,2,Rainy,Medium,Late Night,Scooter,2.7,43.2
ORD_004964,12.12,10,2,Rainy,High,Morning,Motorcycle,5.0,55.4
ORD_004965,11.35,25,2,Windy,Medium,Evening Peak,Scooter,2.6,60.4
ORD_004966,3.95,20,2,Clear,Medium,Evening Peak,Scooter,5.6,29.2
ORD_004967,4.69,15,2,Clear,Low,Evening Peak,Electric Bike,1.3,30.1
ORD_004968,1.69,15,3,Clear,Low,Afternoon,Scooter,2.4,19.2
ORD_004969,5.08,15,1,Clear,Medium,Morning,Electric Bike,2.8,30.7
ORD_004970,5.44,15,2,Foggy,Medium,Evening Peak,Motorcycle,4.3,32.2
ORD_004971,9.56,10,3,Rainy,Jam,Evening Peak,Motorcycle,1.6,61.2
ORD_004972,11.69,10,3,Clear,High,Afternoon,Scooter,0.6,53.0
ORD_004973,7.8,15,3,Rainy,High,Afternoon,Motorcycle,5.9,44.4
ORD_004974,9.12,10,2,Foggy,Medium,Afternoon,Scooter,5.4,39.0
ORD_004975,4.69,10,2,Clear,Medium,Late Night,Electric Bike,2.2,27.7
ORD_004976,2.54,25,1,Windy,Low,Evening Peak,Scooter,3.2,27.6
ORD_004977,6.1,15,6,Foggy,Medium,Late Night,Motorcycle,3.2,36.3
ORD_004978,9.47,20,4,Windy,Low,Morning,Scooter,5.3,39.8
ORD_004979,1.14,15,5,Clear,Medium,Evening Peak,Motorcycle,3.8,21.3
ORD_004980,5.59,10,3,Clear,Medium,Afternoon,Motorcycle,5.0,25.2
ORD_004981,1.81,20,2,Clear,Low,Evening Peak,Electric Bike,5.5,22.1
ORD_004982,3.31,10,4,Rainy,High,Late Night,Motorcycle,3.6,29.0
ORD_004983,5.71,10,2,Clear,High,Evening Peak,Electric Bike,2.1,34.6
ORD_004984,11.8,20,2,Windy,Low,Late Night,Motorcycle,3.2,47.7
ORD_004985,5.27,10,2,Rainy,Jam,Afternoon,Motorcycle,5.2,38.0
ORD_004986,7.52,15,1,Foggy,Medium,Evening Peak,Motorcycle,3.7,41.8
ORD_004987,6.06,15,3,Clear,Low,Evening Peak,Electric Bike,5.4,31.4
ORD_004988,3.43,15,2,Foggy,Medium,Evening Peak,Motorcycle,5.4,25.6
ORD_004989,6.74,10,3,Foggy,Jam,Evening Peak,Motorcycle,2.6,44.4
ORD_004990,2.51,30,3,Clear,Jam,Evening Peak,Motorcycle,3.0,39.6
ORD_004991,5.23,20,3,Windy,Low,Evening Peak,Scooter,4.2,30.0
ORD_004992,10.43,20,5,Rainy,High,Late Night,Scooter,1.1,66.9
ORD_004993,5.8,20,1,Clear,Medium,Evening Peak,Motorcycle,3.1,36.4
ORD_004994,6.06,25,3,Rainy,Low,Morning,Scooter,1.3,45.3
ORD_004995,4.3,20,2,Clear,High,Late Night,Motorcycle,5.2,31.0
ORD_004996,2.07,25,1,Clear,Medium,Evening Peak,Motorcycle,5.7,27.5
ORD_004997,4.59,15,1,Clear,Medium,Evening Peak,Electric Bike,1.3,35.6
ORD_004998,8.35,15,4,Foggy,Medium,Evening Peak,Electric Bike,4.2,53.8
ORD_004999,6.5,25,2,Clear,Medium,Afternoon,Electric Bike,4.0,48.3
ORD_005000,2.59,25,3,Clear,High,Late Night,Motorcycle,4.7,32.8
ORD_005001,1.76,10,5,Clear,Medium,Evening Peak,Scooter,4.3,12.0
ORD_005002,3.4,20,4,Foggy,Low,Afternoon,Electric Bike,1.7,34.4
ORD_005003,4.62,20,2,Clear,High,Late Night,Scooter,2.1,38.9
ORD_005004,4.8,10,3,Foggy,Low,Late Night,Motorcycle,1.4,26.0
ORD_005005,4.84,30,2,Foggy,Jam,Afternoon,Scooter,5.6,58.0
ORD_005006,5.24,20,1,Clear,Medium,Late Night,Scooter,3.4,35.1
ORD_005007,6.62,20,5,Windy,Low,Evening Peak,Scooter,5.9,38.1
ORD_005008,4.14,15,3,Clear,Medium,Morning,Motorcycle,3.0,24.4
ORD_005009,2.99,15,4,Windy,Medium,Late Night,Scooter,3.5,27.4
ORD_005010,7.05,10,2,Rainy,Low,Morning,Scooter,4.8,36.0
ORD_005011,8.46,15,2,Clear,Low,Evening Peak,Motorcycle,4.9,28.2
ORD_005012,3.77,15,2,Rainy,Jam,Evening Peak,Motorcycle,1.8,38.5
ORD_005013,14.43,25,2,Rainy,Medium,Evening Peak,Electric Bike,2.1,84.0
ORD_005014,11.45,20,1,Clear,Low,Morning,Scooter,1.0,51.2
ORD_005015,2.69,15,3,Windy,Medium,Afternoon,Motorcycle,4.9,23.9
ORD_005016,1.83,10,6,Foggy,Low,Morning,Electric Bike,4.9,19.5
ORD_005017,4.73,20,5,Clear,Low,Afternoon,Motorcycle,0.9,32.7
ORD_005018,6.09,15,1,Clear,Low,Late Night,Scooter,1.9,31.9
ORD_005019,14.31,35,2,Clear,High,Late Night,Motorcycle,3.0,82.2
ORD_005020,14.04,25,2,Windy,Low,Evening Peak,Motorcycle,3.5,58.0
ORD_005021,7.53,25,1,Clear,Medium,Late Night,Motorcycle,3.4,44.1
ORD_005022,4.19,10,3,Clear,Low,Afternoon,Motorcycle,5.9,22.2
ORD_005023,9.79,25,3,Rainy,Medium,Evening Peak,Electric Bike,4.7,72.7
ORD_005024,5.61,15,3,Clear,Medium,Evening Peak,Scooter,1.1,36.0
ORD_005025,2.38,20,3,Clear,Medium,Evening Peak,Scooter,2.1,25.9
ORD_005026,2.43,15,2,Clear,Medium,Morning,Motorcycle,2.4,19.5
ORD_005027,4.2,20,1,Clear,High,Afternoon,Electric Bike,2.2,38.8
ORD_005028,8.89,10,2,Windy,High,Morning,Electric Bike,4.8,52.2
ORD_005029,2.82,15,4,Clear,Medium,Morning,Electric Bike,2.5,27.2
ORD_005030,4.2,10,2,Clear,Medium,Afternoon,Scooter,3.2,22.4
ORD_005031,11.39,10,2,Clear,High,Evening Peak,Motorcycle,3.4,49.8
ORD_005032,6.49,20,3,Clear,Low,Evening Peak,Motorcycle,2.0,36.5
ORD_005033,6.93,30,2,Clear,Jam,Morning,Electric Bike,2.3,72.7
ORD_005034,9.07,25,4,Clear,High,Morning,Scooter,4.8,59.5
ORD_005035,4.25,15,4,Windy,Medium,Late Night,Scooter,5.3,33.7
ORD_005036,11.83,10,4,Clear,Medium,Morning,Motorcycle,0.7,48.0
ORD_005037,7.65,10,3,Clear,Low,Afternoon,Scooter,3.8,27.9
ORD_005038,4.89,15,1,Rainy,Medium,Morning,Scooter,4.0,35.1
ORD_005039,10.58,35,2,Clear,Medium,Evening Peak,Motorcycle,4.6,60.6
ORD_005040,7.47,15,2,Clear,Low,Morning,Motorcycle,4.3,27.3
ORD_005041,5.18,25,2,Windy,Low,Evening Peak,Scooter,5.3,37.4
ORD_005042,7.04,20,3,Clear,Jam,Morning,Electric Bike,0.9,61.9
ORD_005043,3.15,20,3,Clear,Low,Afternoon,Scooter,2.6,25.8
ORD_005044,9.81,30,2,Windy,High,Afternoon,Electric Bike,4.8,75.0
ORD_005045,14.17,15,3,Clear,Medium,Late Night,Motorcycle,5.2,53.1
ORD_005046,2.02,15,2,Clear,Medium,Afternoon,Scooter,2.0,23.1
ORD_005047,3.75,25,3,Clear,High,Morning,Motorcycle,3.7,38.7
ORD_005048,3.57,20,3,Clear,Low,Evening Peak,Motorcycle,1.5,29.3
ORD_005049,7.93,15,2,Heavy Storm,High,Evening Peak,Motorcycle,5.2,53.0
ORD_005050,5.91,15,2,Clear,High,Afternoon,Motorcycle,4.5,33.9
ORD_005051,4.08,25,8,Clear,Medium,Evening Peak,Electric Bike,1.7,44.4
ORD_005052,4.44,10,3,Clear,Medium,Morning,Motorcycle,3.9,25.2
ORD_005053,3.87,30,2,Windy,Low,Afternoon,Electric Bike,3.3,41.1
ORD_005054,7.38,10,3,Clear,High,Morning,Scooter,1.9,38.5
ORD_005055,5.85,20,2,Foggy,High,Afternoon,Motorcycle,5.4,45.0
ORD_005056,4.32,20,2,Rainy,Medium,Evening Peak,Motorcycle,1.3,35.3
ORD_005057,3.91,20,2,Clear,Medium,Evening Peak,Motorcycle,3.1,26.3
ORD_005058,10.69,15,2,Clear,Medium,Afternoon,Electric Bike,3.7,53.6
ORD_005059,9.67,25,6,Heavy Storm,Medium,Late Night,Scooter,5.0,73.3
ORD_005060,7.42,20,6,Rainy,Medium,Afternoon,Motorcycle,1.3,50.4
ORD_005061,9.1,25,2,Clear,Low,Morning,Scooter,3.9,42.4
ORD_005062,2.39,10,1,Rainy,Low,Late Night,Scooter,0.5,24.2
ORD_005063,2.81,10,2,Windy,High,Evening Peak,Motorcycle,5.0,21.0
ORD_005064,2.64,10,5,Clear,Medium,Evening Peak,Motorcycle,1.8,19.6
ORD_005065,5.27,10,1,Rainy,Medium,Evening Peak,Motorcycle,4.5,26.8
ORD_005066,9.27,20,3,Windy,Medium,Late Night,Scooter,3.8,46.3
ORD_005067,4.11,15,1,Rainy,Medium,Afternoon,Electric Bike,0.8,37.0
ORD_005068,9.99,25,2,Clear,Low,Evening Peak,Motorcycle,1.5,48.4
ORD_005069,3.74,15,2,Foggy,Medium,Evening Peak,Electric Bike,2.0,33.8
ORD_005070,4.86,15,3,Clear,Medium,Morning,Scooter,5.4,30.2
ORD_005071,4.09,25,2,Foggy,High,Afternoon,Scooter,3.1,44.1
ORD_005072,4.65,30,2,Clear,Medium,Afternoon,Scooter,5.5,41.4
ORD_005073,4.94,30,3,Clear,Low,Afternoon,Scooter,0.8,46.0
ORD_005074,1.8,25,3,Foggy,High,Evening Peak,Motorcycle,0.5,36.6
ORD_005075,6.39,20,3,Clear,Medium,Evening Peak,Scooter,5.7,36.4
ORD_005076,4.88,30,4,Rainy,Jam,Evening Peak,Electric Bike,4.5,63.0
ORD_005077,11.81,20,1,Clear,Jam,Evening Peak,Motorcycle,4.8,69.3
ORD_005078,7.22,30,6,Windy,High,Late Night,Motorcycle,5.5,56.8
ORD_005079,6.24,10,3,Clear,Low,Evening Peak,Motorcycle,5.9,18.6
ORD_005080,11.42,30,1,Windy,Medium,Evening Peak,Scooter,1.0,66.5
ORD_005081,10.77,20,2,Foggy,High,Afternoon,Motorcycle,1.4,63.9
ORD_005082,12.11,10,2,Rainy,Medium,Morning,Scooter,1.5,52.0
ORD_005083,3.88,15,3,Rainy,Medium,Evening Peak,Scooter,5.0,31.9
ORD_005084,2.6,25,8,Clear,Medium,Late Night,Scooter,2.5,38.7
ORD_005085,1.8,20,4,Windy,Medium,Late Night,Scooter,3.8,28.8
ORD_005086,9.03,35,4,Foggy,High,Evening Peak,Electric Bike,5.2,78.2
ORD_005087,1.66,10,2,Foggy,Medium,Afternoon,Motorcycle,4.3,17.3
ORD_005088,5.9,15,2,Rainy,Medium,Evening Peak,Scooter,0.9,42.2
ORD_005089,2.11,15,2,Rainy,High,Evening Peak,Scooter,3.0,27.3
ORD_005090,9.78,20,2,Foggy,High,Evening Peak,Motorcycle,0.9,57.4
ORD_005091,6.9,20,3,Foggy,Jam,Late Night,Motorcycle,3.1,52.8
ORD_005092,9.74,20,4,Foggy,Low,Evening Peak,Scooter,1.7,48.6
ORD_005093,5.97,10,1,Rainy,Jam,Evening Peak,Motorcycle,0.5,41.5
ORD_005094,2.99,10,5,Clear,Medium,Late Night,Motorcycle,5.0,15.9
ORD_005095,4.03,10,2,Foggy,Medium,Evening Peak,Electric Bike,5.8,30.3
ORD_005096,8.53,25,2,Rainy,Medium,Late Night,Motorcycle,5.8,52.1
ORD_005097,2.01,15,2,Clear,Medium,Morning,Motorcycle,2.1,25.0
ORD_005098,3.84,15,3,Clear,Low,Evening Peak,Scooter,5.1,22.1
ORD_005099,3.54,15,3,Clear,Jam,Afternoon,Motorcycle,4.2,31.4
ORD_005100,4.98,25,2,Clear,Low,Afternoon,Motorcycle,4.9,36.1
ORD_005101,7.36,10,6,Rainy,Jam,Morning,Motorcycle,5.2,51.9
ORD_005102,9.6,10,3,Clear,Medium,Afternoon,Scooter,5.9,36.0
ORD_005103,2.3,20,4,Foggy,Jam,Evening Peak,Motorcycle,1.3,37.7
ORD_005104,3.1,30,5,Rainy,High,Evening Peak,Electric Bike,4.7,48.2
ORD_005105,2.45,20,2,Rainy,Medium,Late Night,Motorcycle,4.5,32.3
ORD_005106,5.09,15,2,Clear,Medium,Afternoon,Scooter,2.1,32.1
ORD_005107,2.62,20,3,Clear,Jam,Evening Peak,Motorcycle,2.7,31.6
ORD_005108,6.36,35,2,Clear,Medium,Morning,Motorcycle,1.5,48.0
ORD_005109,10.35,20,2,Clear,Low,Late Night,Electric Bike,5.5,48.6
ORD_005110,1.84,15,1,Clear,Jam,Evening Peak,Electric Bike,5.3,25.9
ORD_005111,3.17,15,4,Clear,Medium,Evening Peak,Motorcycle,3.9,20.0
ORD_005112,12.18,30,3,Clear,Low,Afternoon,Motorcycle,3.3,56.5
ORD_005113,5.81,20,3,Clear,High,Afternoon,Motorcycle,1.8,40.3
ORD_005114,3.88,20,2,Clear,Medium,Morning,Scooter,4.8,30.6
ORD_005115,19.46,15,6,Rainy,Medium,Morning,Scooter,0.5,82.2
ORD_005116,4.43,20,2,Windy,Medium,Evening Peak,Electric Bike,3.0,41.9
ORD_005117,7.19,15,3,Windy,Low,Afternoon,Scooter,5.2,33.6
ORD_005118,3.25,15,1,Foggy,High,Afternoon,Scooter,3.9,30.5
ORD_005119,2.93,25,1,Clear,Medium,Evening Peak,Motorcycle,4.0,32.0
ORD_005120,7.43,15,6,Foggy,Medium,Evening Peak,Scooter,0.9,43.2
ORD_005121,12.81,15,3,Clear,Jam,Morning,Scooter,2.1,83.5
ORD_005122,3.98,30,1,Clear,High,Evening Peak,Scooter,4.2,36.7
ORD_005123,2.8,15,3,Clear,Medium,Evening Peak,Motorcycle,0.8,24.4
ORD_005124,8.94,20,1,Clear,Medium,Late Night,Electric Bike,2.3,54.9
ORD_005125,4.0,20,3,Clear,High,Morning,Scooter,2.4,35.9
ORD_005126,6.41,30,1,Heavy Storm,Medium,Evening Peak,Motorcycle,3.2,61.1
ORD_005127,3.91,25,2,Windy,High,Evening Peak,Scooter,2.5,40.2
ORD_005128,4.29,20,2,Clear,Medium,Evening Peak,Motorcycle,3.0,31.3
ORD_005129,3.09,15,3,Foggy,Medium,Afternoon,Motorcycle,3.5,27.7
ORD_005130,7.55,15,2,Foggy,Jam,Morning,Scooter,1.2,56.2
ORD_005131,6.52,30,3,Clear,Low,Evening Peak,Electric Bike,1.5,53.9
ORD_005132,6.39,10,2,Foggy,Medium,Evening Peak,Motorcycle,5.1,33.3
ORD_005133,3.44,25,2,Rainy,Jam,Evening Peak,Scooter,3.0,49.1
ORD_005134,6.2,15,3,Windy,Jam,Evening Peak,Motorcycle,2.5,44.4
ORD_005135,13.8,15,3,Windy,High,Afternoon,Scooter,2.9,68.8
ORD_005136,2.81,15,4,Rainy,Medium,Evening Peak,Scooter,1.5,33.3
ORD_005137,3.26,10,2,Windy,High,Morning,Scooter,1.8,24.7
ORD_005138,3.36,35,2,Heavy Storm,Medium,Evening Peak,Scooter,3.3,59.8
ORD_005139,5.53,25,1,Clear,Medium,Evening Peak,Motorcycle,2.5,39.7
ORD_005140,2.7,20,3,Rainy,Medium,Late Night,Motorcycle,3.1,34.6
ORD_005141,6.9,20,5,Windy,Low,Afternoon,Scooter,1.3,38.0
ORD_005142,1.73,20,1,Clear,High,Morning,Motorcycle,1.4,29.9
ORD_005143,8.07,25,6,Rainy,Medium,Evening Peak,Scooter,2.6,56.8
ORD_005144,6.33,25,3,Heavy Storm,High,Morning,Scooter,2.6,62.7
ORD_005145,13.62,15,2,Clear,Medium,Evening Peak,Electric Bike,5.4,61.8
ORD_005146,2.89,15,5,Rainy,Medium,Afternoon,Scooter,0.7,34.3
ORD_005147,9.15,20,8,Clear,Low,Evening Peak,Scooter,6.0,48.3
ORD_005148,4.88,35,1,Clear,Medium,Evening Peak,Motorcycle,5.8,45.5
ORD_005149,4.35,20,6,Clear,Medium,Evening Peak,Motorcycle,3.5,31.4
ORD_005150,2.81,25,2,Rainy,Jam,Afternoon,Electric Bike,4.5,50.3
ORD_005151,3.94,25,3,Foggy,Medium,Morning,Motorcycle,5.6,41.0
ORD_005152,4.04,20,2,Clear,Medium,Evening Peak,Motorcycle,1.9,29.7
ORD_005153,2.12,25,2,Windy,High,Late Night,Motorcycle,2.2,36.7
ORD_005154,6.29,15,2,Clear,Medium,Evening Peak,Electric Bike,1.1,40.4
ORD_005155,5.83,15,3,Foggy,High,Afternoon,Scooter,3.6,43.6
ORD_005156,7.18,25,4,Clear,Medium,Afternoon,Scooter,1.4,47.8
ORD_005157,3.65,10,3,Clear,Medium,Evening Peak,Motorcycle,5.6,22.2
ORD_005158,8.24,15,6,Rainy,Medium,Morning,Motorcycle,2.9,47.8
ORD_005159,10.66,20,1,Windy,Medium,Evening Peak,Electric Bike,5.6,60.8
ORD_005160,4.54,15,3,Foggy,Low,Morning,Motorcycle,1.6,28.3
ORD_005161,2.92,30,5,Windy,Medium,Morning,Electric Bike,4.3,43.4
ORD_005162,5.37,30,2,Clear,Medium,Afternoon,Electric Bike,4.1,50.8
ORD_005163,5.23,20,4,Windy,Medium,Evening Peak,Motorcycle,2.7,38.1
ORD_005164,4.67,20,1,Clear,Medium,Evening Peak,Electric Bike,5.4,36.1
ORD_005165,7.19,20,5,Clear,High,Afternoon,Scooter,2.9,52.6
ORD_005166,4.23,15,1,Foggy,High,Evening Peak,Scooter,1.6,32.0
ORD_005167,2.79,15,1,Foggy,Medium,Morning,Scooter,5.9,24.9
ORD_005168,5.65,20,2,Rainy,Low,Late Night,Electric Bike,2.9,42.4
ORD_005169,7.38,20,4,Windy,High,Evening Peak,Scooter,1.6,50.3
ORD_005170,7.73,15,1,Rainy,High,Afternoon,Scooter,2.5,51.6
ORD_005171,4.07,25,5,Windy,High,Late Night,Motorcycle,3.9,36.3
ORD_005172,6.11,20,2,Clear,Medium,Afternoon,Motorcycle,3.3,31.8
ORD_005173,10.77,15,1,Clear,Jam,Afternoon,Scooter,4.0,67.6
ORD_005174,9.3,20,3,Foggy,Medium,Afternoon,Motorcycle,4.1,49.4
ORD_005175,2.05,15,4,Windy,Medium,Evening Peak,Motorcycle,1.2,21.8
ORD_005176,4.25,15,6,Clear,Medium,Morning,Motorcycle,2.2,27.8
ORD_005177,10.37,25,2,Clear,Jam,Evening Peak,Electric Bike,4.6,88.4
ORD_005178,2.04,30,4,Clear,Low,Late Night,Motorcycle,4.1,37.6
ORD_005179,4.99,15,1,Clear,High,Evening Peak,Motorcycle,1.0,32.6
ORD_005180,3.62,30,3,Clear,Low,Evening Peak,Scooter,2.2,39.1
ORD_005181,6.18,15,1,Clear,Low,Evening Peak,Scooter,5.6,26.2
ORD_005182,1.45,10,2,Rainy,Medium,Afternoon,Scooter,5.2,21.0
ORD_005183,9.82,10,4,Rainy,Medium,Morning,Motorcycle,4.2,41.5
ORD_005184,5.13,15,1,Rainy,Low,Afternoon,Electric Bike,0.9,37.4
ORD_005185,2.69,15,3,Windy,Low,Morning,Motorcycle,3.8,22.8
ORD_005186,3.33,30,4,Windy,Low,Late Night,Motorcycle,0.6,41.2
ORD_005187,6.3,15,2,Rainy,High,Afternoon,Electric Bike,4.1,51.0
ORD_005188,3.19,15,4,Clear,Low,Evening Peak,Electric Bike,4.5,23.3
ORD_005189,12.58,20,2,Clear,Medium,Afternoon,Motorcycle,3.2,55.8
ORD_005190,4.79,15,2,Clear,Low,Morning,Motorcycle,0.5,29.5
ORD_005191,11.29,20,3,Windy,Medium,Late Night,Motorcycle,4.2,56.8
ORD_005192,5.65,15,4,Clear,High,Evening Peak,Scooter,5.0,39.4
ORD_005193,7.55,15,2,Clear,Medium,Evening Peak,Scooter,3.7,37.9
ORD_005194,7.29,20,2,Foggy,Medium,Morning,Motorcycle,4.4,43.0
ORD_005195,3.88,10,3,Foggy,Low,Afternoon,Scooter,1.0,27.8
ORD_005196,7.6,15,3,Clear,High,Morning,Electric Bike,4.4,50.9
ORD_005197,4.08,15,1,Windy,High,Late Night,Motorcycle,3.9,24.4
ORD_005198,1.94,15,3,Foggy,Medium,Afternoon,Motorcycle,2.3,25.6
ORD_005199,4.55,20,3,Clear,Low,Evening Peak,Motorcycle,4.3,28.0
ORD_005200,2.48,15,1,Clear,Low,Late Night,Scooter,4.1,16.4
ORD_005201,3.99,20,4,Clear,Medium,Evening Peak,Motorcycle,3.8,33.7
ORD_005202,5.03,20,2,Rainy,Medium,Evening Peak,Motorcycle,1.5,38.1
ORD_005203,2.97,15,3,Foggy,Medium,Evening Peak,Motorcycle,2.1,27.2
ORD_005204,6.99,30,2,Clear,Medium,Evening Peak,Electric Bike,6.0,55.5
ORD_005205,4.05,30,2,Clear,Low,Evening Peak,Electric Bike,2.9,41.4
ORD_005206,2.44,20,2,Clear,Medium,Morning,Scooter,0.8,25.6
ORD_005207,3.0,10,2,Clear,Low,Evening Peak,Motorcycle,5.4,13.4
ORD_005208,5.46,15,3,Clear,Jam,Morning,Electric Bike,1.5,50.6
ORD_005209,4.44,15,3,Clear,Low,Evening Peak,Motorcycle,2.7,21.2
ORD_005210,6.05,15,3,Clear,Low,Morning,Motorcycle,2.0,26.9
ORD_005211,5.48,15,4,Clear,Medium,Afternoon,Scooter,5.8,30.6
ORD_005212,2.84,20,2,Clear,Low,Morning,Motorcycle,2.6,25.3
ORD_005213,3.57,10,2,Rainy,High,Morning,Motorcycle,4.4,26.7
ORD_005214,8.2,30,3,Clear,High,Evening Peak,Motorcycle,3.8,56.3
ORD_005215,3.12,15,3,Clear,Medium,Late Night,Electric Bike,0.7,32.1
ORD_005216,11.45,20,4,Heavy Storm,High,Evening Peak,Scooter,2.6,78.6
ORD_005217,2.15,30,2,Clear,High,Morning,Electric Bike,2.6,38.2
ORD_005218,8.05,15,2,Clear,Low,Afternoon,Motorcycle,5.9,30.2
ORD_005219,4.83,30,4,Clear,High,Afternoon,Scooter,5.0,47.4
ORD_005220,2.86,15,2,Clear,High,Morning,Scooter,5.2,23.0
ORD_005221,5.37,30,6,Windy,Medium,Late Night,Motorcycle,2.2,49.0
ORD_005222,3.18,35,2,Clear,High,Evening Peak,Scooter,2.3,47.6
ORD_005223,3.7,15,8,Clear,High,Morning,Electric Bike,3.3,34.7
ORD_005224,4.1,25,1,Heavy Storm,High,Evening Peak,Scooter,4.0,50.7
ORD_005225,7.7,15,2,Clear,Low,Morning,Scooter,4.5,30.1
ORD_005226,3.54,15,2,Windy,Low,Afternoon,Scooter,5.0,21.2
ORD_005227,5.85,10,8,Rainy,Jam,Evening Peak,Motorcycle,5.3,45.6
ORD_005228,7.86,15,4,Rainy,Medium,Afternoon,Motorcycle,0.6,45.3
ORD_005229,5.29,20,3,Clear,Medium,Late Night,Scooter,4.9,35.8
ORD_005230,6.36,15,5,Heavy Storm,Jam,Evening Peak,Motorcycle,3.9,57.1
ORD_005231,5.01,25,5,Foggy,Low,Morning,Motorcycle,3.4,41.0
ORD_005232,6.91,15,1,Windy,Medium,Evening Peak,Motorcycle,4.0,36.9
ORD_005233,2.4,30,2,Windy,Medium,Evening Peak,Motorcycle,5.4,37.2
ORD_005234,10.87,10,1,Clear,Low,Evening Peak,Electric Bike,3.5,38.6
ORD_005235,3.41,10,2,Clear,Medium,Afternoon,Electric Bike,1.4,22.7
ORD_005236,4.86,20,3,Windy,High,Afternoon,Motorcycle,2.9,38.4
ORD_005237,1.64,25,3,Clear,Low,Evening Peak,Motorcycle,5.6,27.0
ORD_005238,3.8,25,2,Foggy,High,Evening Peak,Motorcycle,5.0,38.2
ORD_005239,5.98,15,1,Clear,Jam,Morning,Scooter,1.6,44.6
ORD_005240,11.71,15,1,Foggy,Jam,Evening Peak,Motorcycle,4.4,70.1
ORD_005241,7.09,10,2,Clear,Medium,Evening Peak,Electric Bike,1.9,38.0
ORD_005242,3.97,20,1,Clear,High,Evening Peak,Motorcycle,2.4,36.9
ORD_005243,2.06,15,8,Foggy,High,Morning,Scooter,3.1,31.7
ORD_005244,10.17,15,1,Clear,High,Morning,Electric Bike,2.9,62.1
ORD_005245,3.87,20,4,Foggy,Medium,Evening Peak,Motorcycle,0.7,35.5
ORD_005246,5.97,20,2,Foggy,Medium,Afternoon,Motorcycle,4.8,40.4
ORD_005247,3.98,20,3,Clear,Low,Morning,Scooter,5.2,26.9
ORD_005248,6.39,15,2,Clear,Low,Afternoon,Scooter,3.4,29.1
ORD_005249,9.92,20,1,Clear,Medium,Late Night,Scooter,1.5,52.3
ORD_005250,7.65,10,5,Foggy,Medium,Morning,Scooter,1.9,36.1
ORD_005251,4.39,10,5,Rainy,Medium,Afternoon,Motorcycle,1.2,31.0
ORD_005252,10.31,25,2,Clear,Jam,Evening Peak,Scooter,1.4,75.8
ORD_005253,13.17,20,1,Clear,Low,Morning,Motorcycle,5.3,46.1
ORD_005254,8.75,25,1,Clear,High,Evening Peak,Motorcycle,3.1,51.1
ORD_005255,4.05,15,4,Clear,Low,Evening Peak,Scooter,1.1,25.7
ORD_005256,8.06,30,3,Heavy Storm,High,Afternoon,Motorcycle,1.9,72.5
ORD_005257,8.7,10,2,Clear,Medium,Morning,Motorcycle,5.7,32.7
ORD_005258,4.44,25,2,Clear,Low,Afternoon,Scooter,3.3,36.8
ORD_005259,13.17,15,2,Foggy,High,Evening Peak,Scooter,3.3,68.9
ORD_005260,9.67,10,2,Windy,High,Evening Peak,Scooter,3.4,44.9
ORD_005261,4.57,15,1,Clear,Medium,Morning,Scooter,1.1,30.0
ORD_005262,4.05,15,2,Clear,Jam,Evening Peak,Scooter,5.8,33.1
ORD_005263,8.59,15,4,Foggy,Low,Afternoon,Scooter,1.0,43.4
ORD_005264,15.19,30,4,Windy,Medium,Afternoon,Motorcycle,4.4,69.8
ORD_005265,2.49,15,5,Clear,Medium,Evening Peak,Electric Bike,0.8,25.4
ORD_005266,6.57,20,3,Clear,Medium,Evening Peak,Motorcycle,2.9,36.4
ORD_005267,7.98,25,1,Rainy,High,Morning,Motorcycle,5.4,60.5
ORD_005268,9.87,20,2,Clear,High,Morning,Scooter,4.7,56.4
ORD_005269,8.02,15,1,Clear,High,Evening Peak,Scooter,2.3,42.8
ORD_005270,3.9,35,6,Windy,Medium,Afternoon,Motorcycle,3.5,48.8
ORD_005271,2.34,15,3,Windy,High,Afternoon,Scooter,1.4,24.5
ORD_005272,4.3,20,1,Windy,Low,Morning,Electric Bike,5.8,30.8
ORD_005273,7.87,25,6,Windy,Medium,Late Night,Electric Bike,4.4,58.3
ORD_005274,3.67,10,2,Rainy,Medium,Afternoon,Scooter,2.6,26.9
ORD_005275,10.74,20,1,Clear,Medium,Afternoon,Motorcycle,2.2,48.6
ORD_005276,4.77,15,3,Windy,Medium,Morning,Motorcycle,1.8,30.7
ORD_005277,3.54,15,1,Windy,High,Evening Peak,Scooter,4.8,26.9
ORD_005278,6.98,15,2,Windy,Medium,Late Night,Scooter,2.9,33.2
ORD_005279,4.5,30,1,Rainy,High,Late Night,Motorcycle,2.3,50.5
ORD_005280,3.99,25,3,Windy,Medium,Afternoon,Scooter,5.5,36.1
ORD_005281,14.14,15,2,Clear,Jam,Late Night,Motorcycle,1.3,78.9
ORD_005282,3.65,10,4,Rainy,Medium,Afternoon,Electric Bike,2.0,35.3
ORD_005283,4.22,15,3,Clear,High,Afternoon,Motorcycle,2.4,31.2
ORD_005284,7.04,20,2,Clear,High,Evening Peak,Scooter,1.9,45.2
ORD_005285,10.65,25,6,Windy,Medium,Evening Peak,Scooter,3.7,59.8
ORD_005286,6.67,30,1,Clear,Medium,Evening Peak,Scooter,3.8,48.4
ORD_005287,5.44,25,3,Foggy,Medium,Afternoon,Scooter,0.8,45.8
ORD_005288,15.09,20,1,Clear,Medium,Late Night,Motorcycle,1.3,62.8
ORD_005289,4.11,10,2,Rainy,Low,Afternoon,Electric Bike,1.6,31.9
ORD_005290,4.12,10,1,Foggy,High,Late Night,Motorcycle,0.9,25.6
ORD_005291,3.68,20,5,Clear,Low,Evening Peak,Scooter,1.2,34.8
ORD_005292,6.44,20,2,Clear,Medium,Morning,Motorcycle,1.8,39.3
ORD_005293,3.09,25,4,Clear,High,Morning,Motorcycle,2.4,36.2
ORD_005294,2.66,15,1,Foggy,Medium,Morning,Scooter,4.9,26.1
ORD_005295,4.21,10,3,Clear,Low,Morning,Motorcycle,1.7,19.3
ORD_005296,2.01,15,2,Clear,Medium,Evening Peak,Motorcycle,4.2,18.3
ORD_005297,5.98,30,8,Clear,High,Morning,Scooter,0.8,55.4
ORD_005298,6.45,25,3,Rainy,Medium,Morning,Motorcycle,4.1,53.1
ORD_005299,7.08,10,5,Clear,Medium,Afternoon,Motorcycle,4.9,26.8
ORD_005300,8.26,25,2,Windy,Medium,Evening Peak,Scooter,3.8,49.6
ORD_005301,4.28,15,4,Clear,Low,Afternoon,Scooter,1.6,28.0
ORD_005302,9.96,15,2,Clear,Medium,Afternoon,Scooter,2.3,41.2
ORD_005303,9.41,15,3,Clear,Low,Afternoon,Scooter,4.9,33.9
ORD_005304,2.85,20,6,Windy,Medium,Afternoon,Motorcycle,2.9,31.1
ORD_005305,5.02,20,3,Heavy Storm,Medium,Late Night,Electric Bike,1.9,49.7
ORD_005306,1.35,20,1,Clear,High,Late Night,Electric Bike,5.6,24.5
ORD_005307,10.04,20,2,Windy,Medium,Morning,Motorcycle,4.0,51.6
ORD_005308,8.18,10,3,Clear,Medium,Morning,Motorcycle,4.9,38.8
ORD_005309,11.35,15,1,Clear,Medium,Morning,Motorcycle,0.6,47.7
ORD_005310,2.14,25,2,Clear,Medium,Afternoon,Motorcycle,2.4,31.7
ORD_005311,6.78,20,2,Clear,Medium,Late Night,Scooter,3.0,43.8
ORD_005312,3.82,15,4,Clear,Medium,Evening Peak,Scooter,3.7,27.1
ORD_005313,1.63,15,3,Rainy,High,Afternoon,Motorcycle,1.5,32.7
ORD_005314,8.86,10,2,Clear,Medium,Evening Peak,Scooter,3.2,37.9
ORD_005315,2.52,15,2,Rainy,Jam,Late Night,Scooter,4.3,34.5
ORD_005316,6.29,10,2,Clear,Medium,Morning,Motorcycle,2.4,27.1
ORD_005317,3.8,15,3,Clear,Medium,Late Night,Motorcycle,4.3,24.2
ORD_005318,5.69,25,1,Clear,Jam,Evening Peak,Motorcycle,2.6,51.0
ORD_005319,8.32,15,2,Foggy,High,Morning,Scooter,3.1,51.1
ORD_005320,5.7,25,2,Windy,Medium,Evening Peak,Motorcycle,1.2,42.0
ORD_005321,3.06,20,3,Foggy,High,Morning,Motorcycle,4.1,33.2
ORD_005322,14.34,10,3,Clear,Medium,Morning,Scooter,1.7,53.6
ORD_005323,4.31,20,2,Clear,High,Evening Peak,Motorcycle,5.1,34.1
ORD_005324,3.4,15,2,Rainy,Low,Late Night,Motorcycle,3.5,29.8
ORD_005325,4.94,20,1,Heavy Storm,Jam,Afternoon,Electric Bike,3.6,61.5
ORD_005326,2.17,10,3,Foggy,Medium,Morning,Motorcycle,5.5,20.9
ORD_005327,3.57,15,2,Foggy,Low,Evening Peak,Motorcycle,1.4,27.5
ORD_005328,4.46,20,4,Windy,High,Afternoon,Electric Bike,3.4,49.9
ORD_005329,5.96,10,3,Windy,High,Evening Peak,Scooter,2.6,32.2
ORD_005330,5.32,15,1,Windy,High,Afternoon,Electric Bike,5.8,41.2
ORD_005331,6.79,15,2,Heavy Storm,Medium,Evening Peak,Motorcycle,4.9,46.1
ORD_005332,5.05,15,3,Foggy,Jam,Afternoon,Scooter,4.7,45.5
ORD_005333,9.35,25,3,Windy,Medium,Morning,Motorcycle,1.6,51.3
ORD_005334,7.45,15,2,Clear,High,Evening Peak,Electric Bike,1.8,48.4
ORD_005335,6.49,15,2,Heavy Storm,Medium,Evening Peak,Motorcycle,0.7,46.7
ORD_005336,10.22,15,2,Clear,High,Afternoon,Scooter,4.0,49.4
ORD_005337,10.22,15,8,Rainy,Jam,Evening Peak,Motorcycle,2.5,72.1
ORD_005338,5.54,20,2,Foggy,Medium,Afternoon,Motorcycle,2.2,38.3
ORD_005339,4.2,15,2,Clear,High,Afternoon,Motorcycle,4.0,30.2
ORD_005340,5.84,25,4,Clear,Low,Afternoon,Scooter,5.1,39.4
ORD_005341,4.81,20,1,Rainy,Medium,Afternoon,Electric Bike,1.2,45.0
ORD_005342,4.1,10,5,Clear,Medium,Afternoon,Electric Bike,5.6,22.9
ORD_005343,5.71,20,4,Rainy,High,Evening Peak,Motorcycle,0.7,48.1
ORD_005344,6.38,20,2,Windy,Medium,Late Night,Scooter,1.0,43.3
ORD_005345,7.25,15,2,Clear,Medium,Afternoon,Electric Bike,5.1,44.9
ORD_005346,11.14,10,5,Clear,Jam,Late Night,Scooter,3.2,66.7
ORD_005347,6.02,15,3,Clear,Low,Afternoon,Motorcycle,5.7,25.5
ORD_005348,5.11,15,3,Clear,Medium,Evening Peak,Scooter,3.0,33.4
ORD_005349,8.74,15,2,Rainy,High,Morning,Motorcycle,5.6,50.2
ORD_005350,3.23,20,1,Foggy,Medium,Evening Peak,Scooter,1.8,31.2
ORD_005351,2.02,20,2,Clear,Low,Evening Peak,Motorcycle,3.9,22.6
ORD_005352,6.72,25,1,Clear,High,Evening Peak,Scooter,6.0,46.8
ORD_005353,4.3,20,2,Clear,Medium,Evening Peak,Motorcycle,2.6,32.1
ORD_005354,4.49,20,3,Rainy,Low,Late Night,Motorcycle,0.5,38.6
ORD_005355,3.19,20,3,Windy,Medium,Evening Peak,Electric Bike,0.9,37.6
ORD_005356,9.73,35,3,Clear,High,Late Night,Scooter,5.2,73.2
ORD_005357,2.06,15,1,Windy,Medium,Evening Peak,Electric Bike,3.2,22.3
ORD_005358,7.1,15,2,Heavy Storm,High,Afternoon,Scooter,3.5,50.5
ORD_005359,5.15,10,3,Foggy,Medium,Evening Peak,Motorcycle,4.9,27.5
ORD_005360,11.53,15,1,Clear,High,Evening Peak,Scooter,5.0,58.6
ORD_005361,8.76,10,2,Foggy,High,Afternoon,Scooter,3.1,44.8
ORD_005362,2.72,15,3,Foggy,Medium,Afternoon,Motorcycle,5.2,25.9
ORD_005363,7.45,15,3,Clear,Jam,Evening Peak,Electric Bike,3.1,58.4
ORD_005364,6.61,30,2,Rainy,Medium,Evening Peak,Scooter,4.2,56.3
ORD_005365,4.94,30,4,Rainy,Low,Evening Peak,Motorcycle,0.7,50.8
ORD_005366,7.13,20,4,Windy,Low,Evening Peak,Scooter,1.3,40.7
ORD_005367,3.57,15,3,Clear,High,Afternoon,Scooter,5.2,35.9
ORD_005368,5.44,25,4,Clear,Medium,Afternoon,Motorcycle,2.2,39.6
ORD_005369,5.2,25,6,Rainy,Medium,Morning,Electric Bike,2.3,51.9
ORD_005370,3.28,30,5,Clear,Medium,Evening Peak,Scooter,4.1,43.4
ORD_005371,4.31,20,1,Windy,High,Morning,Electric Bike,3.8,38.9
ORD_005372,3.91,15,2,Clear,Low,Late Night,Scooter,1.0,29.0
ORD_005373,6.38,10,3,Clear,Medium,Afternoon,Motorcycle,4.7,25.8
ORD_005374,10.05,30,1,Heavy Storm,High,Morning,Scooter,3.9,80.0
ORD_005375,2.4,10,1,Clear,Jam,Morning,Motorcycle,5.2,17.7
ORD_005376,6.49,15,2,Foggy,Low,Evening Peak,Scooter,3.4,31.6
ORD_005377,3.83,15,1,Rainy,High,Evening Peak,Scooter,2.8,33.7
ORD_005378,8.46,10,2,Heavy Storm,Medium,Evening Peak,Motorcycle,2.5,45.0
ORD_005379,6.44,30,2,Heavy Storm,Medium,Evening Peak,Motorcycle,0.5,63.0
ORD_005380,2.1,15,3,Clear,Low,Morning,Motorcycle,0.7,21.4
ORD_005381,5.71,10,1,Heavy Storm,High,Morning,Motorcycle,1.2,43.3
ORD_005382,4.8,35,2,Clear,Medium,Afternoon,Motorcycle,5.6,43.1
ORD_005383,2.54,15,6,Windy,Low,Morning,Scooter,5.3,21.9
ORD_005384,3.86,25,4,Rainy,High,Morning,Motorcycle,3.2,46.9
ORD_005385,5.57,15,3,Rainy,Medium,Evening Peak,Scooter,1.5,38.8
ORD_005386,3.92,20,6,Clear,Low,Evening Peak,Motorcycle,1.3,33.9
ORD_005387,9.0,15,1,Clear,Medium,Late Night,Scooter,1.9,41.5
ORD_005388,4.77,20,2,Foggy,Low,Afternoon,Scooter,5.5,30.3
ORD_005389,3.7,15,1,Clear,High,Evening Peak,Motorcycle,3.4,23.8
ORD_005390,5.74,30,3,Windy,Low,Late Night,Motorcycle,4.9,47.1
ORD_005391,6.16,10,4,Foggy,High,Morning,Scooter,3.3,39.6
ORD_005392,8.5,15,3,Rainy,Low,Late Night,Scooter,3.9,39.5
ORD_005393,5.32,25,2,Clear,Low,Afternoon,Motorcycle,3.9,37.3
ORD_005394,6.02,15,1,Windy,Medium,Late Night,Motorcycle,0.7,33.1
ORD_005395,4.3,20,2,Clear,Jam,Evening Peak,Scooter,2.9,44.0
ORD_005396,11.69,20,1,Foggy,Jam,Evening Peak,Scooter,5.3,80.7
ORD_005397,6.42,10,1,Clear,Low,Morning,Scooter,3.2,22.4
ORD_005398,5.64,10,3,Rainy,Medium,Late Night,Motorcycle,2.9,34.0
ORD_005399,3.92,30,1,Clear,Medium,Afternoon,Motorcycle,3.4,35.6
ORD_005400,9.11,15,5,Clear,Low,Morning,Scooter,2.6,39.8
ORD_005401,1.99,15,2,Foggy,Medium,Evening Peak,Motorcycle,3.3,22.8
ORD_005402,5.76,20,4,Clear,High,Late Night,Electric Bike,1.2,48.2
ORD_005403,3.59,15,3,Clear,Low,Late Night,Scooter,5.8,19.5
ORD_005404,8.03,20,1,Windy,High,Evening Peak,Motorcycle,0.7,49.2
ORD_005405,6.2,15,6,Clear,Medium,Afternoon,Scooter,3.2,35.2
ORD_005406,5.69,25,2,Clear,Medium,Evening Peak,Electric Bike,1.7,47.3
ORD_005407,2.88,15,2,Clear,High,Afternoon,Motorcycle,0.8,24.4
ORD_005408,4.98,15,2,Clear,High,Afternoon,Motorcycle,4.1,28.6
ORD_005409,6.33,25,1,Foggy,High,Evening Peak,Motorcycle,5.9,51.1
ORD_005410,8.5,15,3,Clear,High,Evening Peak,Scooter,4.6,48.7
ORD_005411,6.79,15,3,Clear,High,Late Night,Scooter,1.9,41.1
ORD_005412,8.03,25,3,Windy,Medium,Morning,Scooter,3.2,52.9
ORD_005413,2.31,20,4,Rainy,Low,Morning,Scooter,0.8,31.9
ORD_005414,5.61,15,1,Clear,Jam,Morning,Electric Bike,3.4,52.6
ORD_005415,8.69,15,1,Rainy,Medium,Evening Peak,Motorcycle,1.0,46.6
ORD_005416,1.45,25,4,Clear,Medium,Afternoon,Motorcycle,4.9,30.8
ORD_005417,4.56,15,1,Rainy,Low,Evening Peak,Motorcycle,0.8,31.5
ORD_005418,6.37,30,1,Clear,High,Evening Peak,Motorcycle,0.6,53.0
ORD_005419,9.34,15,2,Heavy Storm,Jam,Late Night,Motorcycle,5.2,68.0
ORD_005420,5.48,25,2,Foggy,Medium,Late Night,Motorcycle,5.7,44.5
ORD_005421,5.14,15,3,Clear,High,Afternoon,Motorcycle,1.0,34.5
ORD_005422,6.06,15,1,Clear,Medium,Afternoon,Motorcycle,2.0,28.7
ORD_005423,6.4,15,4,Clear,Medium,Morning,Motorcycle,4.6,28.7
ORD_005424,3.17,15,2,Clear,Low,Evening Peak,Motorcycle,3.5,20.0
ORD_005425,3.92,10,2,Windy,Medium,Evening Peak,Motorcycle,5.7,20.2
ORD_005426,1.82,15,1,Clear,Medium,Morning,Scooter,2.6,21.6
ORD_005427,3.59,25,6,Foggy,Low,Morning,Motorcycle,0.5,40.8
ORD_005428,2.77,10,2,Clear,Medium,Afternoon,Motorcycle,0.6,13.7
ORD_005429,3.15,35,2,Clear,Low,Afternoon,Motorcycle,3.6,42.4
ORD_005430,15.15,10,2,Clear,Medium,Evening Peak,Electric Bike,4.6,69.1
ORD_005431,9.04,20,2,Clear,Jam,Morning,Scooter,4.8,66.7
ORD_005432,2.81,25,1,Clear,Medium,Evening Peak,Scooter,5.5,29.6
ORD_005433,2.44,30,3,Windy,Medium,Evening Peak,Motorcycle,1.8,37.9
ORD_005434,3.71,10,3,Foggy,Low,Evening Peak,Scooter,4.6,23.7
ORD_005435,2.39,20,2,Clear,Low,Evening Peak,Scooter,5.0,25.8
ORD_005436,5.97,10,2,Clear,Medium,Evening Peak,Scooter,5.1,26.3
ORD_005437,5.91,15,3,Clear,Medium,Evening Peak,Scooter,2.8,29.6
ORD_005438,3.12,20,4,Heavy Storm,High,Morning,Motorcycle,3.9,44.6
ORD_005439,7.48,15,2,Windy,Medium,Afternoon,Scooter,3.5,39.0
ORD_005440,7.49,15,3,Windy,Low,Evening Peak,Electric Bike,3.8,37.4
ORD_005441,3.51,10,4,Clear,Medium,Afternoon,Motorcycle,2.1,23.8
ORD_005442,3.07,10,3,Clear,Low,Afternoon,Scooter,4.3,16.6
ORD_005443,4.1,10,4,Clear,Jam,Evening Peak,Motorcycle,4.4,28.0
ORD_005444,6.98,25,3,Windy,Low,Evening Peak,Electric Bike,1.6,52.5
ORD_005445,14.43,10,1,Rainy,Low,Evening Peak,Motorcycle,2.9,45.8
ORD_005446,6.89,20,3,Clear,Medium,Late Night,Motorcycle,2.8,36.9
ORD_005447,2.68,25,4,Windy,Medium,Morning,Motorcycle,4.6,33.2
ORD_005448,6.15,20,2,Clear,Medium,Evening Peak,Motorcycle,4.2,36.8
ORD_005449,5.49,20,3,Windy,Low,Morning,Motorcycle,3.1,33.6
ORD_005450,5.31,20,1,Windy,High,Evening Peak,Motorcycle,4.1,33.6
ORD_005451,2.43,15,3,Clear,High,Morning,Scooter,1.9,26.8
ORD_005452,6.14,15,1,Windy,Medium,Evening Peak,Motorcycle,1.8,36.6
ORD_005453,5.07,30,2,Clear,High,Afternoon,Scooter,1.8,48.1
ORD_005454,2.62,35,4,Windy,Medium,Afternoon,Motorcycle,0.7,48.5
ORD_005455,12.38,20,2,Clear,Medium,Evening Peak,Electric Bike,4.3,69.0
ORD_005456,2.47,15,1,Clear,High,Evening Peak,Motorcycle,5.9,17.6
ORD_005457,6.59,15,3,Clear,Low,Afternoon,Scooter,2.2,29.4
ORD_005458,4.73,15,4,Rainy,High,Morning,Motorcycle,5.6,38.1
ORD_005459,4.22,25,2,Clear,High,Evening Peak,Motorcycle,3.8,37.0
ORD_005460,9.96,20,3,Clear,Jam,Afternoon,Motorcycle,1.7,66.4
ORD_005461,8.43,20,3,Clear,Medium,Morning,Scooter,0.6,46.2
ORD_005462,4.74,20,2,Clear,Medium,Evening Peak,Scooter,4.5,34.1
ORD_005463,3.22,10,1,Windy,Medium,Evening Peak,Motorcycle,4.3,18.6
ORD_005464,3.95,25,4,Foggy,Medium,Evening Peak,Scooter,1.8,45.1
ORD_005465,4.39,15,4,Heavy Storm,Low,Morning,Motorcycle,2.3,44.4
ORD_005466,8.51,20,1,Rainy,Medium,Evening Peak,Scooter,5.4,49.8
ORD_005467,6.32,10,3,Clear,High,Evening Peak,Scooter,1.4,39.7
ORD_005468,8.66,10,3,Clear,Medium,Morning,Motorcycle,5.1,36.0
ORD_005469,2.38,10,1,Clear,Low,Evening Peak,Motorcycle,1.4,16.3
ORD_005470,9.07,30,4,Rainy,Medium,Morning,Scooter,3.1,66.3
ORD_005471,10.77,20,2,Clear,Medium,Afternoon,Motorcycle,3.2,48.9
ORD_005472,3.34,15,3,Windy,High,Afternoon,Scooter,3.1,26.2
ORD_005473,7.92,25,2,Windy,Low,Evening Peak,Motorcycle,2.1,44.7
ORD_005474,10.28,20,2,Clear,Medium,Afternoon,Scooter,1.9,53.0
ORD_005475,3.73,20,3,Windy,High,Afternoon,Motorcycle,4.5,32.9
ORD_005476,2.75,15,3,Clear,Low,Late Night,Electric Bike,2.0,21.2
ORD_005477,5.84,10,2,Clear,High,Evening Peak,Scooter,3.9,32.7
ORD_005478,1.79,15,1,Clear,Low,Evening Peak,Motorcycle,5.2,20.4
ORD_005479,9.0,10,2,Clear,Medium,Afternoon,Scooter,5.1,37.2
ORD_005480,3.11,20,4,Clear,High,Evening Peak,Motorcycle,1.4,32.3
ORD_005481,4.48,15,3,Foggy,Medium,Evening Peak,Scooter,4.1,32.3
ORD_005482,7.49,15,2,Rainy,Medium,Afternoon,Scooter,3.8,43.0
ORD_005483,6.95,15,3,Rainy,Low,Afternoon,Motorcycle,2.1,39.3
ORD_005484,7.37,10,4,Clear,Medium,Evening Peak,Motorcycle,2.7,33.5
ORD_005485,3.34,30,4,Clear,Low,Late Night,Motorcycle,2.1,39.9
ORD_005486,6.12,30,3,Clear,Medium,Evening Peak,Scooter,3.5,48.3
ORD_005487,8.18,10,1,Windy,Medium,Evening Peak,Scooter,4.9,36.0
ORD_005488,3.67,25,2,Clear,Medium,Afternoon,Motorcycle,5.3,33.2
ORD_005489,12.89,15,6,Clear,Jam,Late Night,Electric Bike,4.5,95.0
ORD_005490,4.59,25,3,Clear,Low,Afternoon,Motorcycle,3.2,32.3
ORD_005491,1.72,15,4,Windy,High,Morning,Electric Bike,5.8,25.9
ORD_005492,4.58,10,2,Clear,Low,Evening Peak,Motorcycle,3.6,17.5
ORD_005493,10.2,25,1,Heavy Storm,High,Evening Peak,Electric Bike,3.1,87.2
ORD_005494,3.01,25,1,Foggy,Medium,Morning,Motorcycle,5.2,36.7
ORD_005495,2.88,15,6,Clear,High,Morning,Motorcycle,1.5,29.4
ORD_005496,6.39,25,2,Clear,High,Late Night,Electric Bike,1.4,58.0
ORD_005497,2.75,20,2,Clear,Medium,Evening Peak,Scooter,4.8,29.4
ORD_005498,2.68,15,6,Clear,Medium,Evening Peak,Scooter,5.3,23.8
ORD_005499,3.21,15,2,Clear,High,Afternoon,Motorcycle,0.9,28.3
ORD_005500,11.7,10,1,Foggy,High,Morning,Motorcycle,4.7,47.1
ORD_005501,6.78,25,2,Foggy,Medium,Evening Peak,Scooter,2.8,49.0
ORD_005502,5.32,35,3,Clear,Medium,Afternoon,Motorcycle,4.4,47.1
ORD_005503,3.32,20,2,Windy,Low,Late Night,Scooter,1.2,29.0
ORD_005504,8.13,20,3,Heavy Storm,High,Morning,Motorcycle,5.9,58.2
ORD_005505,7.16,20,2,Windy,Medium,Afternoon,Scooter,5.3,42.9
ORD_005506,12.17,15,2,Heavy Storm,Low,Afternoon,Electric Bike,2.7,66.2
ORD_005507,2.99,15,1,Clear,Low,Evening Peak,Electric Bike,5.4,20.7
ORD_005508,2.78,15,1,Clear,High,Evening Peak,Scooter,5.4,19.3
ORD_005509,1.74,20,3,Clear,High,Afternoon,Motorcycle,3.0,27.6
ORD_005510,6.87,25,2,Rainy,Low,Afternoon,Motorcycle,5.7,42.1
ORD_005511,5.89,15,2,Clear,Medium,Morning,Scooter,5.9,29.8
ORD_005512,4.13,15,1,Heavy Storm,Low,Afternoon,Electric Bike,1.7,38.6
ORD_005513,1.73,25,3,Clear,Medium,Morning,Scooter,0.9,32.4
ORD_005514,10.87,10,2,Clear,High,Late Night,Motorcycle,2.3,41.9
ORD_005515,5.72,20,4,Clear,Low,Evening Peak,Electric Bike,3.2,39.9
ORD_005516,9.69,10,3,Clear,Low,Morning,Scooter,1.0,34.3
ORD_005517,10.2,20,1,Clear,Low,Evening Peak,Motorcycle,1.3,43.2
ORD_005518,6.76,25,2,Windy,Medium,Late Night,Scooter,5.8,43.2
ORD_005519,7.32,15,2,Clear,Low,Afternoon,Motorcycle,4.6,32.0
ORD_005520,3.6,25,4,Foggy,High,Afternoon,Motorcycle,5.3,40.0
ORD_005521,5.47,15,2,Foggy,High,Afternoon,Motorcycle,5.8,30.9
ORD_005522,8.8,15,3,Rainy,Low,Evening Peak,Scooter,2.6,39.2
ORD_005523,3.22,15,2,Clear,Medium,Evening Peak,Motorcycle,4.3,26.1
ORD_005524,8.45,25,2,Clear,Medium,Morning,Motorcycle,1.5,49.3
ORD_005525,8.15,10,4,Clear,High,Morning,Motorcycle,3.5,39.7
ORD_005526,8.04,15,4,Clear,Jam,Evening Peak,Scooter,1.7,57.1
ORD_005527,5.26,20,4,Clear,Medium,Late Night,Scooter,1.4,38.7
ORD_005528,3.35,15,6,Windy,Jam,Evening Peak,Motorcycle,1.0,38.1
ORD_005529,12.85,10,2,Foggy,Low,Late Night,Motorcycle,3.7,41.0
ORD_005530,10.5,15,3,Rainy,Low,Late Night,Motorcycle,5.7,45.2
ORD_005531,5.33,25,2,Rainy,High,Afternoon,Motorcycle,1.2,48.5
ORD_005532,5.9,30,4,Clear,Medium,Afternoon,Scooter,3.3,52.2
ORD_005533,4.42,10,2,Heavy Storm,Low,Evening Peak,Electric Bike,4.3,39.7
ORD_005534,1.8,20,2,Clear,Low,Late Night,Motorcycle,3.2,21.4
ORD_005535,4.89,10,1,Rainy,Low,Late Night,Motorcycle,5.5,22.8
ORD_005536,6.79,20,3,Clear,Medium,Afternoon,Scooter,1.4,45.8
ORD_005537,3.73,10,2,Rainy,High,Afternoon,Scooter,0.6,32.9
ORD_005538,4.3,10,1,Clear,High,Evening Peak,Scooter,2.6,25.4
ORD_005539,4.28,25,2,Foggy,Jam,Afternoon,Motorcycle,3.6,44.6
ORD_005540,5.51,10,2,Clear,Medium,Late Night,Scooter,1.9,26.3
ORD_005541,4.53,15,2,Clear,Low,Evening Peak,Motorcycle,1.4,27.4
ORD_005542,3.12,30,3,Clear,Jam,Afternoon,Electric Bike,4.9,46.2
ORD_005543,5.5,35,3,Foggy,High,Afternoon,Motorcycle,1.5,59.4
ORD_005544,6.6,15,1,Clear,Medium,Evening Peak,Scooter,2.9,34.1
ORD_005545,5.78,20,2,Clear,Low,Morning,Motorcycle,5.7,30.0
ORD_005546,1.73,20,2,Clear,Low,Late Night,Scooter,3.9,26.1
ORD_005547,7.29,15,3,Windy,Jam,Afternoon,Motorcycle,3.2,48.2
ORD_005548,2.63,30,2,Clear,Medium,Evening Peak,Electric Bike,2.5,39.7
ORD_005549,6.54,25,2,Windy,Medium,Evening Peak,Electric Bike,3.4,51.1
ORD_005550,6.7,25,2,Rainy,High,Evening Peak,Motorcycle,4.5,53.6
ORD_005551,2.13,15,2,Rainy,Jam,Evening Peak,Scooter,5.0,34.4
ORD_005552,8.3,15,1,Clear,Low,Evening Peak,Motorcycle,4.1,29.4
ORD_005553,12.78,15,2,Clear,Jam,Afternoon,Scooter,4.8,79.6
ORD_005554,4.37,15,2,Clear,Low,Evening Peak,Motorcycle,1.0,26.7
ORD_005555,6.54,10,1,Rainy,High,Evening Peak,Scooter,0.6,43.7
ORD_005556,3.96,10,3,Clear,Jam,Afternoon,Motorcycle,4.5,27.8
ORD_005557,2.61,15,2,Clear,Medium,Evening Peak,Scooter,1.9,21.3
ORD_005558,8.74,15,2,Clear,Medium,Afternoon,Motorcycle,5.3,38.7
ORD_005559,6.63,15,1,Rainy,High,Evening Peak,Electric Bike,3.4,50.8
ORD_005560,3.47,15,3,Heavy Storm,Medium,Evening Peak,Motorcycle,3.1,41.3
ORD_005561,2.67,15,3,Foggy,Low,Evening Peak,Scooter,4.8,22.5
ORD_005562,13.17,20,1,Rainy,Low,Afternoon,Scooter,4.6,60.3
ORD_005563,2.31,15,1,Windy,High,Evening Peak,Electric Bike,4.4,28.8
ORD_005564,7.15,30,2,Clear,Medium,Morning,Motorcycle,4.3,47.1
ORD_005565,5.67,20,6,Foggy,High,Late Night,Motorcycle,3.3,43.9
ORD_005566,7.82,25,2,Clear,Medium,Afternoon,Motorcycle,5.6,43.3
ORD_005567,11.25,30,5,Clear,High,Afternoon,Motorcycle,5.4,67.8
ORD_005568,1.18,15,8,Windy,Medium,Morning,Scooter,2.3,25.4
ORD_005569,2.84,15,2,Clear,Low,Evening Peak,Electric Bike,4.9,23.2
ORD_005570,4.81,15,1,Clear,Medium,Evening Peak,Motorcycle,5.4,25.7
ORD_005571,11.75,15,4,Foggy,High,Afternoon,Motorcycle,3.9,56.8
ORD_005572,4.06,10,3,Windy,High,Evening Peak,Motorcycle,3.6,25.3
ORD_005573,3.63,25,1,Foggy,Jam,Morning,Motorcycle,4.2,43.2
ORD_005574,1.42,10,2,Clear,Medium,Evening Peak,Scooter,1.4,20.5
ORD_005575,3.44,35,3,Clear,Jam,Afternoon,Motorcycle,1.0,49.2
ORD_005576,7.01,25,2,Clear,Medium,Evening Peak,Electric Bike,5.0,54.2
ORD_005577,4.82,20,3,Clear,Low,Late Night,Motorcycle,3.7,28.8
ORD_005578,3.39,15,5,Clear,Medium,Morning,Electric Bike,1.2,28.1
ORD_005579,13.26,20,1,Clear,High,Afternoon,Scooter,2.8,67.8
ORD_005580,4.36,15,2,Clear,High,Morning,Scooter,2.1,34.3
ORD_005581,5.51,15,1,Clear,Medium,Late Night,Motorcycle,5.3,29.8
ORD_005582,3.27,25,2,Clear,Low,Afternoon,Scooter,3.3,33.0
ORD_005583,2.6,15,2,Windy,Medium,Afternoon,Scooter,3.7,24.7
ORD_005584,7.53,15,2,Foggy,Jam,Evening Peak,Motorcycle,1.8,55.2
ORD_005585,1.91,25,2,Clear,Low,Evening Peak,Electric Bike,4.9,30.1
ORD_005586,6.68,10,3,Foggy,High,Evening Peak,Motorcycle,5.6,35.6
ORD_005587,1.04,20,2,Clear,Low,Evening Peak,Electric Bike,4.9,18.7
ORD_005588,6.16,20,2,Heavy Storm,Jam,Late Night,Scooter,3.2,61.6
ORD_005589,2.74,15,1,Clear,High,Morning,Motorcycle,5.1,21.4
ORD_005590,3.07,25,4,Rainy,Low,Morning,Scooter,1.5,37.8
ORD_005591,4.38,30,1,Clear,Low,Late Night,Motorcycle,1.1,37.5
ORD_005592,2.48,15,4,Heavy Storm,Jam,Late Night,Motorcycle,2.9,42.2
ORD_005593,1.67,15,3,Rainy,Medium,Afternoon,Motorcycle,1.5,29.2
ORD_005594,4.63,20,1,Clear,Medium,Evening Peak,Scooter,1.9,33.5
ORD_005595,7.75,20,3,Clear,Low,Afternoon,Motorcycle,3.7,36.1
ORD_005596,5.83,20,1,Clear,Low,Evening Peak,Motorcycle,2.7,32.8
ORD_005597,9.33,15,2,Clear,High,Evening Peak,Motorcycle,5.3,43.0
ORD_005598,1.77,10,2,Clear,High,Afternoon,Motorcycle,1.7,13.5
ORD_005599,4.08,30,8,Clear,High,Afternoon,Scooter,6.0,47.0
ORD_005600,5.23,15,3,Clear,Medium,Afternoon,Motorcycle,2.5,28.9
ORD_005601,3.07,20,1,Clear,Medium,Morning,Motorcycle,3.3,24.8
ORD_005602,5.36,25,1,Windy,Medium,Morning,Electric Bike,1.2,50.1
ORD_005603,9.04,15,1,Clear,Medium,Morning,Electric Bike,3.7,48.1
ORD_005604,6.79,20,4,Clear,Low,Morning,Scooter,5.8,32.9
ORD_005605,9.77,10,3,Clear,Jam,Afternoon,Electric Bike,4.6,71.5
ORD_005606,6.02,30,2,Clear,Medium,Morning,Scooter,1.8,47.7
ORD_005607,4.84,10,4,Clear,Low,Evening Peak,Scooter,2.9,24.9
ORD_005608,11.32,15,2,Clear,Jam,Evening Peak,Motorcycle,2.8,69.1
ORD_005609,5.49,20,4,Clear,Jam,Evening Peak,Motorcycle,1.0,43.3
ORD_005610,12.71,25,2,Clear,Jam,Evening Peak,Motorcycle,5.4,80.4
ORD_005611,8.4,10,5,Rainy,High,Evening Peak,Motorcycle,2.6,44.9
ORD_005612,3.46,15,6,Rainy,Low,Morning,Motorcycle,3.2,27.0
ORD_005613,4.57,15,3,Rainy,Jam,Morning,Motorcycle,2.1,47.0
ORD_005614,11.27,15,3,Clear,High,Late Night,Scooter,1.3,58.1
ORD_005615,9.33,25,3,Clear,Medium,Afternoon,Motorcycle,5.5,49.8
ORD_005616,7.68,10,2,Foggy,Jam,Morning,Motorcycle,0.7,48.0
ORD_005617,7.22,20,1,Heavy Storm,Medium,Morning,Motorcycle,2.7,52.6
ORD_005618,2.36,25,1,Clear,Jam,Late Night,Motorcycle,4.5,33.8
ORD_005619,2.66,30,3,Rainy,Medium,Afternoon,Scooter,2.2,44.6
ORD_005620,5.86,20,2,Foggy,Medium,Evening Peak,Scooter,3.0,41.3
ORD_005621,3.11,15,2,Heavy Storm,Medium,Evening Peak,Electric Bike,3.6,46.2
ORD_005622,4.4,15,1,Clear,High,Late Night,Scooter,6.0,26.7
ORD_005623,4.22,30,6,Clear,Medium,Morning,Motorcycle,4.7,42.2
ORD_005624,7.02,25,3,Clear,Jam,Evening Peak,Motorcycle,5.8,58.6
ORD_005625,5.99,15,1,Windy,Low,Late Night,Motorcycle,4.3,27.8
ORD_005626,8.93,30,3,Windy,Jam,Morning,Scooter,2.0,73.7
ORD_005627,6.05,25,1,Rainy,High,Morning,Scooter,2.1,53.6
ORD_005628,5.79,30,3,Rainy,Jam,Morning,Motorcycle,5.0,57.5
ORD_005629,5.13,20,3,Clear,Medium,Evening Peak,Scooter,2.9,34.7
ORD_005630,9.7,25,1,Clear,High,Afternoon,Scooter,2.5,61.4
ORD_005631,5.16,25,3,Clear,Medium,Evening Peak,Motorcycle,5.7,36.1
ORD_005632,3.41,10,3,Heavy Storm,High,Evening Peak,Scooter,0.6,39.5
ORD_005633,7.42,30,4,Clear,Medium,Evening Peak,Scooter,3.4,52.0
ORD_005634,4.81,15,5,Windy,Jam,Evening Peak,Motorcycle,4.8,41.7
ORD_005635,8.34,15,3,Clear,Jam,Late Night,Electric Bike,4.5,68.1
ORD_005636,10.28,25,2,Windy,Medium,Evening Peak,Scooter,2.5,57.1
ORD_005637,4.57,20,2,Clear,Medium,Morning,Motorcycle,3.4,29.4
ORD_005638,10.07,25,2,Windy,Medium,Afternoon,Motorcycle,0.5,53.3
ORD_005639,8.47,15,4,Rainy,Low,Evening Peak,Electric Bike,3.4,48.8
ORD_005640,3.75,15,2,Clear,Medium,Evening Peak,Scooter,3.7,26.0
ORD_005641,3.14,10,6,Clear,High,Evening Peak,Scooter,5.3,24.1
ORD_005642,3.0,15,3,Heavy Storm,Medium,Late Night,Electric Bike,1.7,42.3
ORD_005643,2.63,20,3,Clear,High,Afternoon,Motorcycle,5.0,29.8
ORD_005644,9.53,15,4,Clear,Medium,Morning,Motorcycle,4.4,38.9
ORD_005645,4.61,15,3,Clear,Medium,Late Night,Motorcycle,4.2,26.9
ORD_005646,12.23,15,4,Rainy,Medium,Evening Peak,Electric Bike,2.7,69.8
ORD_005647,3.5,25,2,Windy,High,Morning,Scooter,2.5,38.6
ORD_005648,3.87,10,3,Clear,Medium,Evening Peak,Electric Bike,4.4,19.7
ORD_005649,6.84,20,2,Clear,High,Evening Peak,Motorcycle,5.9,40.8
ORD_005650,11.88,15,4,Heavy Storm,High,Evening Peak,Scooter,2.7,73.0
ORD_005651,3.78,10,2,Clear,Low,Late Night,Motorcycle,5.6,12.2
ORD_005652,7.94,25,6,Clear,Low,Afternoon,Scooter,3.7,43.9
ORD_005653,5.15,15,2,Clear,Low,Morning,Motorcycle,5.3,23.1
ORD_005654,6.88,20,2,Clear,Low,Late Night,Motorcycle,1.7,33.8
ORD_005655,3.24,20,2,Clear,High,Morning,Electric Bike,4.7,34.3
ORD_005656,7.48,20,2,Windy,Medium,Evening Peak,Motorcycle,5.1,40.2
ORD_005657,4.41,20,3,Rainy,Low,Afternoon,Motorcycle,5.1,34.3
ORD_005658,3.97,25,3,Clear,Medium,Evening Peak,Motorcycle,4.8,36.9
ORD_005659,5.04,20,1,Clear,High,Late Night,Motorcycle,2.2,38.7
ORD_005660,7.12,15,4,Clear,Low,Morning,Scooter,3.4,34.8
ORD_005661,4.69,15,3,Clear,Medium,Morning,Motorcycle,2.1,27.7
ORD_005662,3.99,30,3,Foggy,Low,Late Night,Motorcycle,2.4,43.1
ORD_005663,4.78,30,5,Clear,Medium,Evening Peak,Motorcycle,2.2,47.0
ORD_005664,4.71,15,4,Clear,Low,Morning,Scooter,2.1,29.0
ORD_005665,6.8,10,3,Clear,High,Morning,Scooter,4.3,33.3
ORD_005666,4.14,15,2,Clear,Low,Afternoon,Electric Bike,4.1,25.9
ORD_005667,4.08,20,3,Clear,Low,Late Night,Scooter,1.6,31.3
ORD_005668,3.26,15,1,Clear,Jam,Morning,Motorcycle,4.3,28.9
ORD_005669,7.04,25,3,Windy,Medium,Evening Peak,Scooter,2.1,49.9
ORD_005670,5.55,30,2,Clear,Medium,Morning,Motorcycle,1.6,43.2
ORD_005671,9.66,30,3,Rainy,Low,Evening Peak,Scooter,4.6,58.9
ORD_005672,8.98,10,2,Clear,Medium,Evening Peak,Scooter,2.5,40.4
ORD_005673,5.86,30,3,Windy,Low,Morning,Motorcycle,3.6,44.8
ORD_005674,4.86,20,3,Clear,High,Afternoon,Motorcycle,1.6,37.7
ORD_005675,5.16,10,1,Clear,High,Evening Peak,Motorcycle,3.9,26.2
ORD_005676,3.63,15,3,Clear,High,Morning,Scooter,1.6,28.3
ORD_005677,3.28,20,6,Clear,High,Evening Peak,Scooter,1.4,38.3
ORD_005678,3.03,30,4,Clear,Medium,Evening Peak,Motorcycle,2.6,39.4
ORD_005679,4.64,15,1,Clear,Medium,Evening Peak,Scooter,4.8,25.8
ORD_005680,1.24,10,2,Clear,Low,Afternoon,Motorcycle,1.5,13.2
ORD_005681,11.62,15,2,Foggy,Low,Afternoon,Motorcycle,1.1,49.4
ORD_005682,13.52,30,1,Clear,Medium,Evening Peak,Scooter,0.7,63.7
ORD_005683,2.85,35,3,Clear,High,Late Night,Motorcycle,2.8,47.3
ORD_005684,13.4,15,4,Clear,Medium,Evening Peak,Motorcycle,2.1,50.4
ORD_005685,2.87,15,3,Windy,Medium,Evening Peak,Electric Bike,2.1,33.9
ORD_005686,5.18,30,1,Heavy Storm,Jam,Afternoon,Motorcycle,5.9,62.8
ORD_005687,6.37,20,1,Clear,Medium,Afternoon,Scooter,1.6,39.1
ORD_005688,5.43,35,3,Clear,Medium,Evening Peak,Motorcycle,3.0,51.0
ORD_005689,3.77,25,5,Clear,Jam,Evening Peak,Scooter,5.9,43.7
ORD_005690,3.67,15,1,Foggy,Low,Afternoon,Motorcycle,0.7,28.3
ORD_005691,7.99,25,3,Clear,Medium,Late Night,Scooter,4.3,48.6
ORD_005692,9.82,10,2,Foggy,Medium,Late Night,Scooter,2.5,42.1
ORD_005693,1.84,25,2,Rainy,Medium,Evening Peak,Motorcycle,5.5,34.6
ORD_005694,5.92,20,2,Foggy,Low,Afternoon,Electric Bike,5.5,37.6
ORD_005695,7.15,30,2,Windy,Medium,Afternoon,Motorcycle,2.6,49.0
ORD_005696,5.69,30,1,Windy,Low,Late Night,Scooter,1.7,46.7
ORD_005697,2.3,10,1,Clear,High,Afternoon,Scooter,2.9,17.3
ORD_005698,6.84,15,3,Clear,High,Evening Peak,Motorcycle,5.8,37.1
ORD_005699,9.09,15,1,Foggy,Low,Late Night,Motorcycle,2.0,38.2
ORD_005700,3.23,25,3,Clear,Medium,Evening Peak,Motorcycle,5.9,30.5
ORD_005701,3.75,25,4,Windy,High,Evening Peak,Motorcycle,5.0,37.1
ORD_005702,5.75,30,1,Clear,Low,Morning,Motorcycle,2.0,44.4
ORD_005703,4.94,20,5,Clear,High,Evening Peak,Motorcycle,4.9,39.0
ORD_005704,3.76,15,6,Foggy,Medium,Afternoon,Scooter,0.8,35.0
ORD_005705,2.59,10,1,Clear,Low,Evening Peak,Motorcycle,3.5,13.1
ORD_005706,3.94,15,1,Rainy,Medium,Morning,Scooter,2.5,32.4
ORD_005707,1.51,20,5,Heavy Storm,Jam,Evening Peak,Motorcycle,2.8,46.6
ORD_005708,7.22,30,1,Rainy,Low,Evening Peak,Motorcycle,3.1,55.6
ORD_005709,3.44,15,2,Clear,Low,Evening Peak,Motorcycle,3.3,24.2
ORD_005710,7.86,25,2,Rainy,Low,Evening Peak,Electric Bike,4.1,56.9
ORD_005711,4.53,15,1,Clear,Low,Evening Peak,Scooter,4.3,28.6
ORD_005712,5.56,15,2,Clear,Low,Evening Peak,Motorcycle,5.9,25.7
ORD_005713,2.02,20,5,Clear,High,Evening Peak,Motorcycle,4.7,27.5
ORD_005714,7.52,15,4,Clear,Medium,Late Night,Motorcycle,4.3,34.9
ORD_005715,17.98,30,1,Clear,Medium,Evening Peak,Electric Bike,2.7,95.0
ORD_005716,4.15,15,5,Clear,Low,Afternoon,Motorcycle,1.1,25.6
ORD_005717,5.5,15,3,Heavy Storm,Medium,Morning,Motorcycle,0.8,44.5
ORD_005718,5.9,25,6,Rainy,Jam,Evening Peak,Motorcycle,3.1,59.0
ORD_005719,2.41,35,1,Foggy,Low,Afternoon,Motorcycle,4.2,44.8
ORD_005720,2.78,20,1,Clear,Jam,Afternoon,Motorcycle,4.1,30.5
ORD_005721,6.92,15,2,Clear,High,Morning,Scooter,5.7,39.7
ORD_005722,3.23,15,8,Clear,Medium,Evening Peak,Motorcycle,2.6,29.7
ORD_005723,4.51,10,2,Foggy,Low,Late Night,Scooter,4.0,22.4
ORD_005724,5.57,10,3,Heavy Storm,High,Afternoon,Scooter,5.4,46.5
ORD_005725,7.06,30,2,Rainy,High,Evening Peak,Electric Bike,2.7,69.3
ORD_005726,4.65,10,4,Rainy,Low,Morning,Electric Bike,3.1,29.2
ORD_005727,4.72,15,4,Clear,Low,Evening Peak,Motorcycle,5.6,22.6
ORD_005728,16.38,20,6,Clear,High,Morning,Electric Bike,3.5,95.0
ORD_005729,8.57,25,3,Clear,Medium,Afternoon,Electric Bike,4.9,62.8
ORD_005730,4.22,15,3,Clear,Medium,Afternoon,Electric Bike,5.6,29.3
ORD_005731,4.75,15,1,Foggy,Medium,Morning,Motorcycle,3.6,31.1
ORD_005732,12.95,15,2,Rainy,Medium,Morning,Motorcycle,1.1,55.6
ORD_005733,7.07,15,2,Clear,Medium,Evening Peak,Motorcycle,5.0,35.3
ORD_005734,9.2,15,2,Rainy,Low,Morning,Scooter,5.0,41.9
ORD_005735,4.16,20,1,Clear,High,Late Night,Motorcycle,1.1,31.5
ORD_005736,3.89,10,2,Windy,Medium,Evening Peak,Motorcycle,3.5,19.5
ORD_005737,11.21,15,2,Clear,High,Afternoon,Motorcycle,3.2,55.0
ORD_005738,4.95,15,6,Clear,Jam,Evening Peak,Motorcycle,5.2,35.1
ORD_005739,4.91,30,2,Foggy,Low,Evening Peak,Scooter,2.0,48.1
ORD_005740,4.01,20,1,Clear,High,Evening Peak,Scooter,2.8,32.0
ORD_005741,9.0,25,2,Clear,Jam,Evening Peak,Motorcycle,3.8,62.6
ORD_005742,5.73,15,5,Foggy,High,Late Night,Electric Bike,3.3,47.5
ORD_005743,2.68,25,1,Clear,Low,Late Night,Motorcycle,5.8,25.9
ORD_005744,3.76,15,5,Rainy,High,Late Night,Electric Bike,5.8,40.5
ORD_005745,10.06,15,1,Rainy,High,Late Night,Motorcycle,0.9,53.5
ORD_005746,5.81,25,1,Clear,Medium,Evening Peak,Electric Bike,2.1,48.6
ORD_005747,9.05,25,1,Clear,Medium,Evening Peak,Electric Bike,0.5,62.3
ORD_005748,6.41,35,2,Clear,High,Evening Peak,Motorcycle,2.8,55.6
ORD_005749,2.89,25,3,Clear,Low,Evening Peak,Scooter,4.1,34.6
ORD_005750,6.8,10,2,Clear,Jam,Late Night,Scooter,3.1,41.7
ORD_005751,5.02,15,4,Clear,Jam,Morning,Scooter,0.9,41.0
ORD_005752,3.82,15,2,Rainy,Medium,Late Night,Scooter,1.6,34.9
ORD_005753,4.0,10,2,Clear,High,Evening Peak,Motorcycle,1.5,24.9
ORD_005754,8.92,25,2,Clear,Medium,Morning,Motorcycle,3.3,46.1
ORD_005755,5.92,20,2,Windy,Low,Evening Peak,Motorcycle,4.2,33.7
ORD_005756,5.68,30,2,Windy,Jam,Late Night,Motorcycle,2.2,57.5
ORD_005757,11.85,20,2,Heavy Storm,Low,Late Night,Electric Bike,1.2,71.2
ORD_005758,3.47,20,4,Foggy,Low,Morning,Motorcycle,4.9,35.5
ORD_005759,4.88,10,2,Clear,High,Late Night,Scooter,5.2,25.9
ORD_005760,3.63,10,1,Heavy Storm,Low,Morning,Motorcycle,2.0,30.5
ORD_005761,6.73,25,1,Clear,High,Morning,Scooter,2.8,48.8
ORD_005762,5.74,35,3,Rainy,Jam,Afternoon,Motorcycle,1.0,66.7
ORD_005763,4.21,15,8,Clear,Medium,Evening Peak,Scooter,1.8,35.2
ORD_005764,4.5,25,3,Clear,Low,Evening Peak,Motorcycle,4.7,36.8
ORD_005765,8.43,20,1,Foggy,Low,Afternoon,Electric Bike,2.5,49.9
ORD_005766,9.65,30,2,Clear,Jam,Afternoon,Motorcycle,3.8,72.7
ORD_005767,3.75,15,3,Clear,Medium,Morning,Scooter,5.7,24.3
ORD_005768,18.42,20,3,Foggy,Medium,Afternoon,Motorcycle,4.5,75.3
ORD_005769,2.37,15,1,Clear,Low,Late Night,Motorcycle,3.0,16.5
ORD_005770,2.82,20,3,Clear,Jam,Evening Peak,Scooter,2.5,35.9
ORD_005771,4.39,15,1,Clear,Medium,Evening Peak,Motorcycle,1.5,28.4
ORD_005772,3.36,15,3,Rainy,Medium,Afternoon,Motorcycle,4.7,30.9
ORD_005773,3.14,20,2,Clear,Medium,Morning,Scooter,1.1,30.7
ORD_005774,9.52,10,6,Windy,High,Late Night,Motorcycle,0.8,45.9
ORD_005775,6.87,20,2,Clear,Low,Late Night,Scooter,1.1,39.5
ORD_005776,5.41,20,1,Clear,Jam,Morning,Motorcycle,1.8,43.7
ORD_005777,3.83,25,8,Clear,Low,Evening Peak,Scooter,3.9,33.9
ORD_005778,2.89,15,3,Windy,Low,Afternoon,Motorcycle,5.2,21.2
ORD_005779,2.82,10,3,Clear,Low,Evening Peak,Motorcycle,6.0,14.8
ORD_005780,9.49,15,2,Clear,Low,Afternoon,Scooter,4.5,36.0
ORD_005781,9.27,10,2,Clear,Medium,Evening Peak,Scooter,1.3,40.1
ORD_005782,4.45,20,2,Rainy,Low,Morning,Electric Bike,2.0,39.6
ORD_005783,2.27,10,2,Foggy,Low,Evening Peak,Scooter,1.2,19.0
ORD_005784,7.2,15,2,Clear,Jam,Afternoon,Electric Bike,1.1,58.8
ORD_005785,4.46,10,5,Clear,Jam,Afternoon,Scooter,3.6,30.7
ORD_005786,8.63,10,1,Windy,Medium,Afternoon,Electric Bike,5.5,41.2
ORD_005787,2.79,30,2,Rainy,Medium,Afternoon,Scooter,4.3,45.7
ORD_005788,5.39,35,5,Clear,Medium,Evening Peak,Scooter,4.9,50.5
ORD_005789,2.65,20,3,Windy,High,Morning,Motorcycle,3.3,27.9
ORD_005790,3.41,15,8,Rainy,Low,Late Night,Motorcycle,3.1,32.9
ORD_005791,3.37,30,3,Clear,Medium,Late Night,Motorcycle,5.7,34.8
ORD_005792,4.41,30,1,Clear,Low,Evening Peak,Motorcycle,4.5,37.7
ORD_005793,9.94,25,2,Clear,High,Late Night,Motorcycle,3.0,58.0
ORD_005794,5.54,20,5,Heavy Storm,Medium,Evening Peak,Motorcycle,2.3,48.4
ORD_005795,7.85,10,6,Windy,Medium,Evening Peak,Motorcycle,1.0,35.7
ORD_005796,5.36,10,2,Clear,Low,Evening Peak,Motorcycle,5.0,22.8
ORD_005797,4.08,25,2,Clear,High,Morning,Scooter,1.4,43.3
ORD_005798,1.62,25,3,Windy,Low,Evening Peak,Motorcycle,3.3,33.3
ORD_005799,2.87,15,4,Clear,Medium,Morning,Motorcycle,4.0,24.6
ORD_005800,5.13,15,2,Clear,Medium,Late Night,Electric Bike,4.6,30.3
ORD_005801,5.64,20,3,Clear,Medium,Late Night,Motorcycle,1.0,36.6
ORD_005802,8.65,25,2,Clear,Medium,Morning,Motorcycle,0.6,49.1
ORD_005803,1.97,20,3,Clear,Medium,Evening Peak,Scooter,4.4,24.4
ORD_005804,14.83,20,1,Foggy,Medium,Evening Peak,Motorcycle,3.0,63.5
ORD_005805,1.61,15,1,Foggy,Medium,Evening Peak,Scooter,1.5,27.9
ORD_005806,4.95,15,3,Windy,Medium,Morning,Scooter,5.9,33.3
ORD_005807,3.68,20,3,Rainy,High,Morning,Scooter,4.9,39.2
ORD_005808,2.9,25,2,Clear,Low,Evening Peak,Electric Bike,3.7,34.6
ORD_005809,11.44,10,2,Clear,Medium,Evening Peak,Scooter,4.4,42.1
ORD_005810,3.76,15,3,Clear,Low,Morning,Scooter,1.4,26.2
ORD_005811,1.9,20,3,Clear,High,Evening Peak,Scooter,5.8,28.1
ORD_005812,2.45,15,4,Rainy,Medium,Evening Peak,Motorcycle,6.0,28.8
ORD_005813,9.23,20,2,Clear,High,Late Night,Motorcycle,4.1,51.7
ORD_005814,2.52,20,3,Clear,Medium,Evening Peak,Scooter,4.2,24.2
ORD_005815,2.19,25,1,Clear,Low,Evening Peak,Electric Bike,4.4,30.6
ORD_005816,5.7,25,2,Clear,Medium,Evening Peak,Motorcycle,4.2,36.2
ORD_005817,4.39,15,2,Clear,Low,Morning,Scooter,2.9,26.3
ORD_005818,6.59,20,4,Clear,Medium,Morning,Motorcycle,3.5,37.9
ORD_005819,4.09,10,2,Clear,High,Evening Peak,Motorcycle,2.1,21.5
ORD_005820,7.59,25,1,Clear,Medium,Evening Peak,Scooter,3.0,44.9
ORD_005821,2.33,25,3,Clear,Medium,Morning,Scooter,2.9,34.1
ORD_005822,2.1,15,2,Foggy,Medium,Evening Peak,Motorcycle,2.1,22.9
ORD_005823,5.99,15,2,Clear,Low,Evening Peak,Scooter,4.8,26.0
ORD_005824,4.4,10,3,Foggy,Medium,Afternoon,Motorcycle,2.8,29.2
ORD_005825,3.97,20,1,Clear,Low,Afternoon,Electric Bike,3.5,28.5
ORD_005826,7.19,10,2,Clear,Jam,Afternoon,Scooter,1.4,47.4
ORD_005827,16.04,20,3,Windy,High,Afternoon,Scooter,3.1,81.2
ORD_005828,2.12,20,1,Heavy Storm,Jam,Afternoon,Motorcycle,4.7,46.9
ORD_005829,10.14,20,2,Clear,Jam,Afternoon,Motorcycle,2.9,66.2
ORD_005830,7.37,25,3,Windy,High,Evening Peak,Motorcycle,3.6,53.8
ORD_005831,3.87,15,2,Windy,High,Evening Peak,Scooter,4.4,31.8
ORD_005832,11.92,30,2,Windy,Medium,Evening Peak,Scooter,2.6,67.7
ORD_005833,2.46,10,1,Clear,Low,Afternoon,Motorcycle,2.4,12.1
ORD_005834,6.46,10,1,Windy,High,Evening Peak,Scooter,1.0,37.8
ORD_005835,4.61,15,1,Clear,Medium,Evening Peak,Motorcycle,3.7,24.4
ORD_005836,3.87,20,2,Clear,Medium,Morning,Motorcycle,4.4,28.0
ORD_005837,2.65,10,2,Windy,High,Evening Peak,Scooter,3.7,23.8
ORD_005838,19.72,20,4,Foggy,Medium,Afternoon,Motorcycle,2.1,78.8
ORD_005839,3.85,15,2,Rainy,High,Morning,Motorcycle,1.9,39.1
ORD_005840,1.33,25,5,Clear,Medium,Evening Peak,Scooter,1.4,36.2
ORD_005841,8.05,20,2,Clear,High,Morning,Motorcycle,0.8,48.0
ORD_005842,6.15,20,3,Clear,Jam,Afternoon,Scooter,2.8,48.8
ORD_005843,4.36,30,3,Clear,Medium,Evening Peak,Motorcycle,1.4,43.6
ORD_005844,4.13,25,3,Clear,Low,Late Night,Electric Bike,4.3,34.4
ORD_005845,4.9,15,3,Clear,Medium,Evening Peak,Motorcycle,5.8,31.0
ORD_005846,8.09,15,1,Clear,Medium,Afternoon,Scooter,0.9,42.5
ORD_005847,6.2,20,3,Foggy,Medium,Evening Peak,Motorcycle,5.4,39.0
ORD_005848,6.78,15,1,Clear,Low,Morning,Electric Bike,4.1,35.4
ORD_005849,6.78,10,2,Clear,Medium,Afternoon,Electric Bike,5.2,35.8
ORD_005850,8.29,15,2,Foggy,High,Late Night,Electric Bike,1.4,57.2
ORD_005851,9.66,25,2,Clear,High,Morning,Electric Bike,5.5,69.1
ORD_005852,3.46,15,2,Clear,Jam,Evening Peak,Scooter,5.8,31.6
ORD_005853,5.69,10,4,Clear,Low,Evening Peak,Electric Bike,5.5,26.6
ORD_005854,9.41,15,8,Foggy,Jam,Afternoon,Motorcycle,4.8,63.6
ORD_005855,3.44,20,3,Clear,High,Evening Peak,Motorcycle,1.0,29.9
ORD_005856,10.61,20,1,Clear,High,Evening Peak,Motorcycle,1.7,54.1
ORD_005857,3.42,20,1,Heavy Storm,High,Evening Peak,Scooter,5.5,40.4
ORD_005858,6.33,15,1,Foggy,Medium,Evening Peak,Motorcycle,1.8,36.1
ORD_005859,4.41,30,2,Foggy,Medium,Evening Peak,Electric Bike,2.4,50.5
ORD_005860,4.01,15,4,Clear,Jam,Evening Peak,Motorcycle,0.8,38.7
ORD_005861,6.59,20,2,Clear,Low,Evening Peak,Electric Bike,4.0,39.4
ORD_005862,9.7,30,2,Heavy Storm,Low,Evening Peak,Motorcycle,3.6,64.5
ORD_005863,4.35,35,6,Windy,Low,Evening Peak,Motorcycle,5.8,45.3
ORD_005864,10.2,20,2,Clear,High,Afternoon,Scooter,5.4,54.0
ORD_005865,3.35,30,5,Heavy Storm,High,Evening Peak,Motorcycle,3.3,54.7
ORD_005866,9.78,20,1,Clear,Low,Late Night,Scooter,3.9,41.6
ORD_005867,5.45,15,3,Clear,Low,Evening Peak,Electric Bike,2.8,34.1
ORD_005868,6.11,15,1,Windy,Low,Late Night,Motorcycle,1.2,27.9
ORD_005869,2.61,20,1,Clear,High,Evening Peak,Scooter,5.3,26.5
ORD_005870,3.91,20,2,Clear,Low,Afternoon,Electric Bike,3.5,32.0
ORD_005871,5.05,15,1,Rainy,Low,Evening Peak,Motorcycle,2.8,36.4
ORD_005872,9.1,25,1,Clear,Low,Evening Peak,Scooter,0.9,49.4
ORD_005873,4.55,15,2,Clear,Jam,Late Night,Motorcycle,4.2,35.2
ORD_005874,3.2,15,8,Rainy,Low,Evening Peak,Electric Bike,2.7,35.3
ORD_005875,5.83,10,1,Rainy,Jam,Evening Peak,Motorcycle,1.9,43.0
ORD_005876,13.87,35,6,Clear,Medium,Morning,Motorcycle,5.3,73.2
ORD_005877,6.2,25,2,Clear,Medium,Evening Peak,Scooter,1.5,42.7
ORD_005878,4.52,20,2,Heavy Storm,Medium,Evening Peak,Motorcycle,3.3,47.3
ORD_005879,5.86,25,1,Clear,Medium,Late Night,Scooter,4.9,41.1
ORD_005880,3.08,25,1,Clear,Medium,Afternoon,Motorcycle,5.2,30.7
ORD_005881,10.98,30,2,Clear,High,Evening Peak,Motorcycle,5.0,63.9
ORD_005882,10.87,15,3,Clear,Medium,Afternoon,Motorcycle,5.4,39.5
ORD_005883,3.01,20,3,Clear,Jam,Morning,Motorcycle,1.3,34.3
ORD_005884,10.72,10,3,Clear,Medium,Morning,Scooter,5.7,40.3
ORD_005885,5.9,30,2,Clear,High,Late Night,Scooter,0.6,52.0
ORD_005886,7.45,35,2,Windy,High,Afternoon,Scooter,1.9,58.5
ORD_005887,5.11,25,4,Clear,Medium,Afternoon,Scooter,1.0,42.4
ORD_005888,5.33,15,3,Clear,High,Afternoon,Scooter,5.7,31.5
ORD_005889,3.59,15,2,Foggy,Low,Evening Peak,Scooter,2.8,25.0
ORD_005890,3.04,15,1,Windy,Low,Afternoon,Scooter,2.2,25.0
ORD_005891,2.95,15,3,Rainy,Medium,Afternoon,Electric Bike,1.4,31.7
ORD_005892,9.26,20,1,Clear,High,Morning,Motorcycle,1.4,54.0
ORD_005893,5.68,10,2,Clear,Medium,Evening Peak,Scooter,3.9,25.7
ORD_005894,3.12,35,2,Clear,Medium,Late Night,Motorcycle,0.8,45.3
ORD_005895,5.42,15,2,Foggy,Low,Evening Peak,Motorcycle,3.8,33.7
ORD_005896,1.95,30,3,Clear,Medium,Late Night,Electric Bike,4.8,36.3
ORD_005897,3.08,20,2,Heavy Storm,Medium,Late Night,Scooter,3.8,43.2
ORD_005898,9.77,15,1,Rainy,Low,Morning,Motorcycle,5.0,40.5
ORD_005899,3.81,15,2,Clear,Medium,Late Night,Motorcycle,2.0,27.7
ORD_005900,9.1,35,2,Rainy,Low,Morning,Electric Bike,0.9,71.5
ORD_005901,4.88,25,8,Clear,Low,Evening Peak,Motorcycle,4.5,35.6
ORD_005902,7.48,15,3,Clear,Medium,Evening Peak,Motorcycle,5.1,29.4
ORD_005903,2.67,10,1,Clear,Medium,Evening Peak,Motorcycle,3.3,15.7
ORD_005904,6.86,20,2,Clear,High,Evening Peak,Scooter,5.0,46.5
ORD_005905,1.44,15,2,Clear,Medium,Afternoon,Electric Bike,3.0,18.0
ORD_005906,4.01,15,3,Clear,Low,Late Night,Motorcycle,1.6,24.7
ORD_005907,10.06,20,3,Windy,High,Morning,Motorcycle,3.1,52.7
ORD_005908,5.23,20,2,Clear,Medium,Late Night,Motorcycle,1.7,31.3
ORD_005909,3.0,15,3,Clear,Medium,Late Night,Motorcycle,3.1,20.8
ORD_005910,9.59,30,2,Clear,Medium,Evening Peak,Electric Bike,1.3,69.0
ORD_005911,14.82,20,1,Windy,Jam,Evening Peak,Motorcycle,1.5,83.3
ORD_005912,4.45,25,1,Clear,Medium,Late Night,Motorcycle,5.4,32.6
ORD_005913,2.02,15,4,Rainy,Low,Afternoon,Motorcycle,1.1,24.9
ORD_005914,5.27,15,2,Heavy Storm,Medium,Evening Peak,Scooter,1.7,41.9
ORD_005915,7.73,10,5,Rainy,Medium,Afternoon,Motorcycle,6.0,40.1
ORD_005916,4.59,15,2,Clear,Low,Morning,Scooter,3.7,25.8
ORD_005917,1.53,35,4,Clear,Medium,Morning,Motorcycle,3.7,40.4
ORD_005918,7.3,30,1,Clear,High,Evening Peak,Motorcycle,5.1,52.0
ORD_005919,3.36,25,4,Rainy,Low,Afternoon,Scooter,3.4,40.7
ORD_005920,3.97,20,5,Clear,Jam,Evening Peak,Motorcycle,1.7,40.2
ORD_005921,2.08,25,6,Clear,Medium,Afternoon,Scooter,2.8,33.7
ORD_005922,1.28,20,2,Windy,Medium,Evening Peak,Electric Bike,4.7,25.5
ORD_005923,2.62,10,3,Clear,Medium,Evening Peak,Motorcycle,5.3,16.8
ORD_005924,3.78,20,1,Windy,Low,Evening Peak,Motorcycle,2.0,28.8
ORD_005925,3.73,20,2,Clear,Medium,Late Night,Scooter,1.9,32.7
ORD_005926,11.26,15,2,Clear,Medium,Evening Peak,Motorcycle,2.3,47.9
ORD_005927,2.81,15,3,Clear,Low,Morning,Electric Bike,3.8,23.5
ORD_005928,8.67,15,2,Clear,High,Late Night,Motorcycle,2.0,47.1
ORD_005929,5.57,20,1,Clear,High,Afternoon,Electric Bike,5.4,39.8
ORD_005930,12.19,10,2,Windy,Medium,Late Night,Motorcycle,5.9,44.6
ORD_005931,4.92,20,2,Rainy,Medium,Afternoon,Electric Bike,4.2,45.3
ORD_005932,1.61,15,3,Windy,Medium,Evening Peak,Motorcycle,5.8,18.5
ORD_005933,4.68,15,2,Clear,Low,Morning,Scooter,2.1,25.6
ORD_005934,1.31,25,2,Clear,Low,Morning,Motorcycle,5.0,27.6
ORD_005935,2.59,20,1,Clear,Medium,Late Night,Motorcycle,4.2,23.8
ORD_005936,4.72,15,2,Rainy,Low,Morning,Electric Bike,1.9,40.1
ORD_005937,4.78,25,1,Clear,Low,Evening Peak,Electric Bike,2.3,36.4
ORD_005938,8.51,15,2,Clear,Low,Morning,Scooter,3.2,32.1
ORD_005939,6.54,25,1,Clear,High,Evening Peak,Electric Bike,4.9,56.0
ORD_005940,11.52,20,1,Rainy,Low,Morning,Scooter,5.3,53.9
ORD_005941,8.5,15,5,Clear,Medium,Evening Peak,Motorcycle,4.0,46.0
ORD_005942,7.92,20,4,Foggy,Medium,Afternoon,Electric Bike,4.5,50.4
ORD_005943,14.13,15,3,Clear,Medium,Afternoon,Motorcycle,2.0,52.9
ORD_005944,8.27,10,3,Clear,Low,Afternoon,Electric Bike,4.6,32.4
ORD_005945,10.44,10,1,Windy,Jam,Morning,Scooter,3.8,62.9
ORD_005946,1.96,15,1,Windy,Low,Evening Peak,Scooter,1.7,21.2
ORD_005947,4.29,20,2,Rainy,Jam,Afternoon,Scooter,5.7,50.7
ORD_005948,6.39,25,2,Windy,Medium,Evening Peak,Scooter,3.3,44.2
ORD_005949,5.36,25,4,Clear,Low,Evening Peak,Motorcycle,4.9,37.8
ORD_005950,3.3,15,8,Clear,Jam,Morning,Electric Bike,3.4,41.0
ORD_005951,7.97,20,3,Foggy,Medium,Afternoon,Scooter,5.6,46.3
ORD_005952,9.05,15,1,Foggy,High,Evening Peak,Scooter,1.3,54.5
ORD_005953,4.9,20,4,Rainy,High,Afternoon,Motorcycle,3.5,44.1
ORD_005954,4.42,25,3,Clear,Low,Morning,Scooter,0.6,38.9
ORD_005955,3.83,10,1,Windy,High,Evening Peak,Motorcycle,1.6,24.1
ORD_005956,8.16,35,2,Clear,Low,Evening Peak,Motorcycle,2.0,49.6
ORD_005957,4.37,25,4,Clear,Medium,Evening Peak,Electric Bike,3.1,42.3
ORD_005958,5.26,25,4,Clear,Medium,Afternoon,Scooter,5.0,45.2
ORD_005959,9.82,20,3,Foggy,Medium,Morning,Electric Bike,3.1,61.3
ORD_005960,6.04,25,2,Rainy,High,Late Night,Scooter,3.6,54.0
ORD_005961,5.26,35,8,Clear,High,Evening Peak,Motorcycle,5.6,58.9
ORD_005962,3.65,25,1,Foggy,Medium,Late Night,Motorcycle,4.7,33.1
ORD_005963,5.1,15,1,Clear,Low,Morning,Scooter,0.8,27.5
ORD_005964,3.35,20,2,Clear,Low,Evening Peak,Motorcycle,1.5,24.4
ORD_005965,5.83,15,3,Foggy,High,Morning,Motorcycle,0.7,38.3
ORD_005966,3.92,35,1,Clear,Jam,Late Night,Motorcycle,0.9,52.9
ORD_005967,4.21,30,2,Clear,High,Evening Peak,Motorcycle,2.4,46.9
ORD_005968,5.12,20,2,Rainy,Low,Evening Peak,Motorcycle,4.5,35.6
ORD_005969,12.34,25,3,Windy,Low,Late Night,Scooter,1.8,58.5
ORD_005970,6.32,30,2,Rainy,Medium,Afternoon,Electric Bike,2.7,59.9
ORD_005971,2.61,15,3,Rainy,High,Evening Peak,Scooter,2.7,33.8
ORD_005972,4.36,20,1,Rainy,Medium,Morning,Motorcycle,3.7,39.0
ORD_005973,3.7,15,3,Clear,High,Afternoon,Motorcycle,5.4,29.6
ORD_005974,3.61,25,2,Heavy Storm,Low,Morning,Motorcycle,5.9,46.0
ORD_005975,3.68,15,3,Rainy,Low,Afternoon,Motorcycle,3.8,31.0
ORD_005976,4.44,20,2,Clear,Jam,Evening Peak,Scooter,3.3,42.0
ORD_005977,3.4,15,2,Rainy,High,Afternoon,Motorcycle,4.3,37.0
ORD_005978,3.41,10,2,Foggy,High,Afternoon,Scooter,4.2,26.4
ORD_005979,3.71,10,4,Foggy,Medium,Evening Peak,Scooter,3.4,25.7
ORD_005980,3.61,10,2,Clear,Medium,Evening Peak,Electric Bike,4.6,25.1
ORD_005981,3.12,10,2,Clear,High,Afternoon,Motorcycle,3.2,21.9
ORD_005982,7.12,20,2,Windy,Medium,Evening Peak,Motorcycle,6.0,37.0
ORD_005983,4.11,20,2,Clear,High,Evening Peak,Motorcycle,0.8,36.7
ORD_005984,4.55,10,3,Clear,Medium,Evening Peak,Electric Bike,2.9,25.4
ORD_005985,4.35,20,1,Clear,Jam,Afternoon,Scooter,2.7,42.7
ORD_005986,3.53,20,4,Rainy,Medium,Late Night,Electric Bike,4.7,37.7
ORD_005987,3.05,10,2,Clear,Low,Late Night,Motorcycle,1.5,17.2
ORD_005988,7.51,15,1,Windy,Low,Evening Peak,Motorcycle,2.9,34.2
ORD_005989,3.15,25,1,Foggy,Jam,Afternoon,Scooter,4.3,43.1
ORD_005990,3.24,10,2,Clear,Medium,Evening Peak,Motorcycle,3.8,16.0
ORD_005991,8.77,10,2,Clear,Low,Evening Peak,Electric Bike,3.5,31.0
ORD_005992,3.74,35,4,Clear,Low,Afternoon,Motorcycle,2.9,43.7
ORD_005993,5.1,20,4,Heavy Storm,Low,Morning,Scooter,4.6,47.9
ORD_005994,4.24,15,3,Clear,Low,Afternoon,Motorcycle,4.1,25.8
ORD_005995,4.99,20,4,Windy,Jam,Evening Peak,Motorcycle,5.3,47.1
ORD_005996,11.07,25,1,Foggy,Medium,Afternoon,Scooter,4.5,60.2
ORD_005997,3.36,25,1,Clear,Medium,Evening Peak,Scooter,1.3,36.1
ORD_005998,7.13,15,4,Foggy,High,Afternoon,Scooter,3.9,44.7
ORD_005999,7.49,15,2,Clear,High,Afternoon,Motorcycle,0.7,39.0
ORD_006000,7.19,20,5,Clear,Jam,Evening Peak,Electric Bike,2.6,64.1
ORD_006001,10.8,10,4,Clear,High,Morning,Motorcycle,2.8,47.9
ORD_006002,1.55,30,2,Clear,Low,Evening Peak,Motorcycle,5.2,32.5
ORD_006003,2.27,15,2,Clear,Jam,Late Night,Motorcycle,1.5,25.2
ORD_006004,3.01,15,4,Clear,High,Evening Peak,Motorcycle,4.0,28.4
ORD_006005,3.86,30,2,Rainy,Medium,Afternoon,Motorcycle,1.6,46.8
ORD_006006,5.89,10,2,Clear,Medium,Late Night,Motorcycle,5.7,28.7
ORD_006007,3.11,10,2,Windy,Jam,Evening Peak,Motorcycle,3.4,23.5
ORD_006008,3.09,20,3,Clear,Low,Evening Peak,Electric Bike,4.4,28.4
ORD_006009,5.38,15,2,Clear,Low,Afternoon,Scooter,4.1,26.1
ORD_006010,6.68,25,2,Foggy,Medium,Morning,Motorcycle,2.2,48.2
ORD_006011,5.05,10,2,Windy,High,Afternoon,Motorcycle,5.5,26.9
ORD_006012,6.87,15,4,Clear,Medium,Evening Peak,Electric Bike,3.9,38.6
ORD_006013,2.03,15,2,Windy,Medium,Afternoon,Scooter,3.3,18.3
ORD_006014,3.41,20,4,Clear,Medium,Afternoon,Scooter,3.4,32.7
ORD_006015,2.94,15,3,Clear,Low,Evening Peak,Electric Bike,5.4,19.6
ORD_006016,3.74,15,3,Foggy,Medium,Afternoon,Scooter,0.8,30.3
ORD_006017,4.89,25,3,Clear,Medium,Evening Peak,Motorcycle,2.6,40.0
ORD_006018,1.8,30,2,Clear,Medium,Late Night,Motorcycle,5.1,34.2
ORD_006019,3.72,20,3,Clear,Low,Morning,Motorcycle,0.7,26.8
ORD_006020,3.39,15,1,Clear,Medium,Evening Peak,Motorcycle,4.0,21.1
ORD_006021,2.13,20,2,Windy,High,Afternoon,Motorcycle,2.7,31.6
ORD_006022,6.96,20,4,Clear,Jam,Evening Peak,Motorcycle,1.6,52.8
ORD_006023,5.03,25,2,Foggy,Low,Evening Peak,Scooter,3.9,42.6
ORD_006024,3.76,25,2,Clear,Jam,Morning,Motorcycle,5.1,35.4
ORD_006025,11.9,30,4,Clear,Medium,Evening Peak,Scooter,3.1,66.1
ORD_006026,2.23,25,2,Foggy,High,Afternoon,Motorcycle,1.3,35.4
ORD_006027,12.27,10,3,Clear,High,Evening Peak,Motorcycle,2.2,49.8
ORD_006028,4.41,20,5,Rainy,Jam,Late Night,Electric Bike,5.9,53.4
ORD_006029,3.24,25,8,Foggy,Medium,Morning,Motorcycle,1.1,46.4
ORD_006030,3.82,25,2,Clear,Medium,Afternoon,Scooter,1.4,37.1
ORD_006031,4.04,30,3,Clear,Medium,Morning,Scooter,5.9,36.7
ORD_006032,13.18,20,2,Clear,Medium,Evening Peak,Motorcycle,5.4,53.5
ORD_006033,5.9,20,3,Foggy,High,Late Night,Motorcycle,4.4,41.9
ORD_006034,2.68,10,3,Clear,High,Evening Peak,Motorcycle,1.3,21.6
ORD_006035,7.49,20,2,Clear,Low,Afternoon,Motorcycle,1.8,36.7
ORD_006036,4.06,15,1,Clear,Medium,Late Night,Motorcycle,1.5,24.7
ORD_006037,1.16,30,3,Clear,Low,Evening Peak,Scooter,4.0,36.6
ORD_006038,7.38,30,1,Clear,High,Late Night,Scooter,2.7,57.3
ORD_006039,7.49,25,3,Rainy,Jam,Evening Peak,Motorcycle,0.8,67.4
ORD_006040,4.19,10,4,Foggy,High,Late Night,Electric Bike,2.1,36.0
ORD_006041,3.5,15,3,Foggy,High,Evening Peak,Electric Bike,5.2,32.2
ORD_006042,7.91,20,2,Rainy,Low,Late Night,Motorcycle,4.9,40.9
ORD_006043,3.4,10,2,Clear,Low,Evening Peak,Scooter,4.0,20.4
ORD_006044,8.91,15,2,Heavy Storm,Medium,Evening Peak,Motorcycle,1.0,51.6
ORD_006045,3.44,25,1,Clear,Jam,Morning,Scooter,5.4,37.5
ORD_006046,4.7,10,2,Clear,Medium,Late Night,Motorcycle,3.4,19.2
ORD_006047,6.25,10,2,Clear,High,Afternoon,Scooter,3.2,31.4
ORD_006048,5.54,20,2,Clear,Low,Evening Peak,Scooter,5.6,34.4
ORD_006049,3.28,30,1,Clear,High,Afternoon,Motorcycle,0.5,40.0
ORD_006050,6.05,25,1,Foggy,High,Late Night,Scooter,3.6,53.3
ORD_006051,7.29,35,1,Clear,Medium,Morning,Motorcycle,4.9,53.6
ORD_006052,2.76,25,2,Windy,High,Late Night,Motorcycle,0.9,34.3
ORD_006053,6.34,15,1,Foggy,High,Evening Peak,Scooter,2.5,39.2
ORD_006054,4.62,30,2,Rainy,Medium,Late Night,Electric Bike,5.9,50.2
ORD_006055,2.86,15,1,Foggy,High,Evening Peak,Motorcycle,1.7,31.9
ORD_006056,5.91,15,5,Clear,Medium,Evening Peak,Scooter,3.4,36.0
ORD_006057,7.75,15,8,Heavy Storm,Medium,Afternoon,Scooter,4.6,52.0
ORD_006058,3.62,25,2,Clear,Medium,Afternoon,Electric Bike,2.6,37.8
ORD_006059,6.08,30,3,Clear,Low,Morning,Electric Bike,2.7,50.0
ORD_006060,4.04,15,4,Clear,Medium,Afternoon,Scooter,0.8,27.9
ORD_006061,6.91,15,4,Clear,Medium,Evening Peak,Electric Bike,1.5,46.4
ORD_006062,8.55,25,3,Clear,Medium,Morning,Motorcycle,5.3,47.2
ORD_006063,5.73,10,2,Windy,Medium,Morning,Motorcycle,5.0,27.8
ORD_006064,7.25,25,2,Clear,Medium,Late Night,Scooter,2.2,49.6
ORD_006065,7.96,15,1,Clear,High,Morning,Scooter,2.6,42.8
ORD_006066,3.61,15,6,Clear,Medium,Afternoon,Motorcycle,2.9,31.7
ORD_006067,4.0,15,1,Clear,Medium,Morning,Motorcycle,2.4,25.5
ORD_006068,6.16,15,1,Clear,Jam,Evening Peak,Motorcycle,4.1,41.8
ORD_006069,9.61,25,2,Windy,Medium,Late Night,Electric Bike,0.6,64.5
ORD_006070,2.51,30,1,Clear,Low,Late Night,Scooter,5.3,33.4
ORD_006071,6.54,15,3,Clear,High,Late Night,Scooter,2.2,38.4
ORD_006072,9.17,25,1,Clear,Jam,Afternoon,Motorcycle,5.3,65.6
ORD_006073,4.54,20,4,Clear,Low,Evening Peak,Scooter,3.0,32.2
ORD_006074,4.97,15,5,Clear,High,Evening Peak,Motorcycle,4.8,31.5
ORD_006075,4.91,20,3,Clear,Medium,Late Night,Motorcycle,5.0,31.4
ORD_006076,4.75,20,3,Clear,Low,Evening Peak,Scooter,2.2,32.1
ORD_006077,3.23,10,3,Clear,Medium,Evening Peak,Scooter,4.0,21.0
ORD_006078,4.64,15,1,Clear,High,Evening Peak,Scooter,3.8,32.1
ORD_006079,3.28,35,2,Windy,Medium,Afternoon,Scooter,3.1,50.7
ORD_006080,6.98,20,3,Clear,Medium,Morning,Motorcycle,3.1,38.8
ORD_006081,1.9,15,2,Windy,Low,Morning,Motorcycle,2.2,19.7
ORD_006082,7.79,15,1,Windy,High,Afternoon,Scooter,2.2,45.8
ORD_006083,8.46,15,2,Clear,Low,Evening Peak,Motorcycle,3.5,34.3
ORD_006084,5.51,15,2,Clear,Low,Evening Peak,Electric Bike,0.7,33.9
ORD_006085,11.75,15,2,Windy,Jam,Late Night,Scooter,5.6,75.0
ORD_006086,6.3,10,4,Clear,High,Evening Peak,Scooter,4.1,34.6
ORD_006087,5.9,15,3,Clear,Medium,Afternoon,Motorcycle,2.9,28.9
ORD_006088,1.84,20,3,Windy,Low,Evening Peak,Motorcycle,0.8,28.7
ORD_006089,8.75,10,6,Windy,Medium,Afternoon,Motorcycle,4.0,36.0
ORD_006090,3.03,10,3,Clear,Jam,Morning,Electric Bike,0.6,30.6
ORD_006091,2.83,10,3,Rainy,Medium,Morning,Motorcycle,4.2,24.3
ORD_006092,5.63,15,2,Clear,Low,Evening Peak,Scooter,0.9,29.1
ORD_006093,3.29,15,3,Clear,Jam,Late Night,Motorcycle,4.1,30.7
ORD_006094,4.5,20,2,Foggy,High,Evening Peak,Scooter,2.7,39.8
ORD_006095,9.13,15,3,Heavy Storm,Medium,Morning,Scooter,4.1,55.0
ORD_006096,10.99,15,1,Foggy,High,Afternoon,Motorcycle,1.3,55.4
ORD_006097,3.62,25,3,Rainy,Low,Late Night,Motorcycle,1.1,43.2
ORD_006098,4.61,20,3,Clear,Medium,Evening Peak,Motorcycle,1.9,32.1
ORD_006099,15.18,10,1,Clear,Low,Evening Peak,Scooter,2.8,49.7
ORD_006100,10.93,15,1,Clear,High,Evening Peak,Scooter,1.9,55.8
ORD_006101,8.05,35,4,Foggy,Jam,Late Night,Motorcycle,1.0,75.8
ORD_006102,3.29,35,3,Clear,Jam,Afternoon,Motorcycle,2.3,50.5
ORD_006103,3.66,15,1,Clear,Medium,Afternoon,Motorcycle,4.4,23.1
ORD_006104,8.0,15,2,Clear,Medium,Morning,Scooter,3.7,36.6
ORD_006105,1.71,15,2,Foggy,Jam,Late Night,Motorcycle,5.8,22.7
ORD_006106,8.83,15,5,Rainy,High,Morning,Scooter,2.9,59.4
ORD_006107,10.06,15,2,Clear,Low,Evening Peak,Scooter,2.3,39.8
ORD_006108,4.24,20,1,Clear,Low,Evening Peak,Scooter,4.3,27.2
ORD_006109,11.08,15,4,Clear,Jam,Late Night,Scooter,2.8,66.2
ORD_006110,6.45,10,2,Clear,Medium,Afternoon,Motorcycle,3.9,26.8
ORD_006111,2.61,20,3,Clear,Low,Evening Peak,Scooter,5.7,22.7
ORD_006112,5.35,30,1,Foggy,High,Late Night,Electric Bike,3.2,55.5
ORD_006113,3.48,10,3,Foggy,High,Evening Peak,Scooter,3.2,27.8
ORD_006114,5.73,20,5,Clear,Low,Evening Peak,Motorcycle,4.8,30.4
ORD_006115,2.51,15,4,Clear,Medium,Evening Peak,Motorcycle,4.7,19.5
ORD_006116,11.55,15,1,Clear,High,Evening Peak,Electric Bike,3.3,67.8
ORD_006117,6.93,25,3,Clear,Low,Morning,Scooter,0.9,45.3
ORD_006118,3.99,15,3,Clear,Jam,Evening Peak,Scooter,5.9,32.2
ORD_006119,5.82,20,4,Clear,Low,Morning,Electric Bike,2.6,42.3
ORD_006120,5.01,15,8,Clear,Low,Evening Peak,Motorcycle,2.2,26.5
ORD_006121,11.78,10,5,Windy,High,Evening Peak,Electric Bike,5.9,64.8
ORD_006122,4.95,20,1,Foggy,Low,Evening Peak,Motorcycle,5.3,27.9
ORD_006123,5.63,15,3,Clear,Low,Afternoon,Motorcycle,2.3,26.0
ORD_006124,2.31,10,5,Foggy,High,Evening Peak,Motorcycle,2.2,20.9
ORD_006125,5.7,20,2,Clear,Medium,Morning,Motorcycle,4.5,30.9
ORD_006126,6.32,10,5,Clear,Medium,Evening Peak,Motorcycle,2.3,28.0
ORD_006127,2.82,15,5,Windy,High,Afternoon,Scooter,1.9,28.7
ORD_006128,7.45,25,3,Clear,High,Evening Peak,Motorcycle,5.9,46.6
ORD_006129,1.63,10,5,Windy,High,Morning,Scooter,3.6,20.6
ORD_006130,4.59,20,3,Rainy,Low,Morning,Scooter,4.7,35.9
ORD_006131,2.27,30,3,Clear,Medium,Evening Peak,Motorcycle,4.4,38.1
ORD_006132,5.23,15,2,Clear,High,Evening Peak,Electric Bike,4.7,38.8
ORD_006133,4.1,15,3,Clear,Low,Afternoon,Motorcycle,5.5,21.4
ORD_006134,6.56,20,3,Clear,Medium,Evening Peak,Motorcycle,3.3,34.9
ORD_006135,4.92,15,2,Clear,Low,Morning,Motorcycle,4.6,23.8
ORD_006136,6.47,20,2,Windy,Medium,Morning,Scooter,4.9,43.2
ORD_006137,5.3,15,4,Clear,Low,Morning,Motorcycle,5.7,29.2
ORD_006138,9.07,10,8,Clear,Medium,Evening Peak,Scooter,4.4,37.0
ORD_006139,8.36,10,3,Clear,Low,Evening Peak,Motorcycle,5.4,28.5
ORD_006140,3.38,20,2,Clear,High,Evening Peak,Electric Bike,1.0,34.2
ORD_006141,8.69,15,4,Clear,Low,Evening Peak,Scooter,1.2,36.3
ORD_006142,6.29,25,4,Windy,High,Afternoon,Electric Bike,1.4,61.0
ORD_006143,9.54,20,3,Heavy Storm,Low,Afternoon,Scooter,1.3,56.8
ORD_006144,2.88,10,2,Clear,Medium,Evening Peak,Scooter,1.0,18.5
ORD_006145,2.5,15,3,Windy,High,Morning,Electric Bike,1.2,30.7
ORD_006146,2.53,15,2,Foggy,Low,Evening Peak,Motorcycle,6.0,21.6
ORD_006147,11.06,20,1,Clear,High,Evening Peak,Scooter,2.0,61.2
ORD_006148,9.64,25,3,Clear,Jam,Evening Peak,Motorcycle,3.1,67.2
ORD_006149,8.35,10,3,Heavy Storm,Medium,Late Night,Electric Bike,5.0,56.7
ORD_006150,2.36,15,2,Rainy,Low,Evening Peak,Scooter,1.2,26.9
ORD_006151,8.41,15,2,Clear,Medium,Evening Peak,Motorcycle,2.2,41.8
ORD_006152,2.44,15,3,Foggy,Jam,Afternoon,Motorcycle,1.4,31.5
ORD_006153,1.17,20,4,Windy,High,Afternoon,Electric Bike,0.8,29.9
ORD_006154,4.05,15,1,Windy,High,Afternoon,Motorcycle,5.8,27.6
ORD_006155,4.65,15,4,Rainy,High,Morning,Motorcycle,5.2,39.4
ORD_006156,10.32,20,2,Windy,Jam,Evening Peak,Scooter,5.3,70.5
ORD_006157,2.85,15,2,Clear,Low,Late Night,Electric Bike,5.3,20.8
ORD_006158,15.83,15,2,Rainy,Medium,Evening Peak,Motorcycle,1.4,67.2
ORD_006159,5.71,15,3,Clear,High,Evening Peak,Scooter,4.8,34.2
ORD_006160,4.82,20,3,Windy,High,Afternoon,Motorcycle,4.5,37.9
ORD_006161,4.81,15,3,Foggy,Low,Morning,Motorcycle,5.6,28.3
ORD_006162,2.5,15,6,Rainy,High,Afternoon,Scooter,1.7,33.5
ORD_006163,4.25,10,3,Heavy Storm,Medium,Evening Peak,Motorcycle,2.8,34.9
ORD_006164,5.95,15,3,Windy,Medium,Evening Peak,Motorcycle,2.1,37.4
ORD_006165,8.5,10,1,Clear,Low,Afternoon,Scooter,1.9,31.6
ORD_006166,4.15,15,2,Windy,High,Morning,Scooter,4.1,34.2
ORD_006167,5.68,15,3,Windy,Low,Afternoon,Scooter,1.4,28.7
ORD_006168,7.79,15,2,Foggy,Jam,Afternoon,Motorcycle,3.1,55.3
ORD_006169,4.08,15,3,Clear,Medium,Evening Peak,Scooter,4.1,29.0
ORD_006170,8.81,20,2,Clear,High,Morning,Electric Bike,1.2,62.5
ORD_006171,6.96,20,2,Clear,Low,Afternoon,Electric Bike,1.9,38.1
ORD_006172,8.05,15,1,Clear,Medium,Afternoon,Motorcycle,5.8,38.6
ORD_006173,1.78,10,2,Windy,Low,Evening Peak,Motorcycle,4.9,16.4
ORD_006174,4.36,10,2,Rainy,High,Afternoon,Motorcycle,4.2,35.0
ORD_006175,3.56,15,3,Rainy,Medium,Morning,Electric Bike,5.2,30.9
ORD_006176,1.59,15,2,Clear,High,Morning,Motorcycle,0.6,23.7
ORD_006177,8.39,10,2,Foggy,High,Morning,Motorcycle,0.5,42.3
ORD_006178,2.11,15,3,Foggy,Low,Evening Peak,Scooter,1.3,24.5
ORD_006179,10.52,25,1,Clear,Medium,Afternoon,Scooter,3.2,54.8
ORD_006180,5.0,10,2,Clear,Low,Evening Peak,Motorcycle,3.6,21.3
ORD_006181,6.6,30,2,Foggy,Low,Evening Peak,Scooter,1.1,48.5
ORD_006182,3.62,25,2,Clear,Medium,Afternoon,Motorcycle,0.9,33.2
ORD_006183,8.77,25,4,Clear,Low,Evening Peak,Electric Bike,5.1,49.1
ORD_006184,4.9,25,3,Clear,Medium,Late Night,Electric Bike,3.1,43.1
ORD_006185,6.8,10,2,Foggy,Low,Afternoon,Electric Bike,6.0,32.0
ORD_006186,9.3,15,2,Windy,Low,Evening Peak,Scooter,1.8,39.3
ORD_006187,7.31,10,3,Rainy,Medium,Evening Peak,Motorcycle,4.1,37.1
ORD_006188,4.1,10,2,Foggy,Medium,Evening Peak,Scooter,4.9,27.7
ORD_006189,4.91,15,1,Heavy Storm,Low,Afternoon,Motorcycle,5.3,38.9
ORD_006190,8.19,25,2,Rainy,Medium,Evening Peak,Motorcycle,2.2,56.1
ORD_006191,1.03,15,3,Clear,High,Morning,Motorcycle,1.6,18.9
ORD_006192,4.41,15,3,Heavy Storm,High,Late Night,Electric Bike,1.7,50.0
ORD_006193,5.16,20,1,Clear,High,Evening Peak,Electric Bike,4.2,42.5
ORD_006194,6.09,10,6,Windy,High,Morning,Motorcycle,3.4,33.2
ORD_006195,3.62,15,2,Rainy,Medium,Late Night,Electric Bike,3.8,36.0
ORD_006196,4.86,15,8,Clear,Medium,Late Night,Motorcycle,0.6,33.7
ORD_006197,5.69,25,4,Rainy,Low,Afternoon,Scooter,2.7,46.6
ORD_006198,5.63,20,2,Heavy Storm,Low,Evening Peak,Scooter,2.2,49.2
ORD_006199,5.52,20,5,Rainy,Medium,Late Night,Motorcycle,5.3,44.1
ORD_006200,4.17,10,2,Foggy,Jam,Evening Peak,Electric Bike,4.8,35.4
ORD_006201,5.84,30,1,Clear,Medium,Evening Peak,Scooter,2.9,44.0
ORD_006202,10.18,15,2,Clear,Low,Evening Peak,Scooter,4.0,40.6
ORD_006203,4.9,20,1,Foggy,Medium,Morning,Motorcycle,0.8,38.6
ORD_006204,5.8,30,1,Clear,Low,Evening Peak,Motorcycle,4.0,43.6
ORD_006205,4.86,20,2,Rainy,Medium,Evening Peak,Motorcycle,1.0,42.0
ORD_006206,9.89,20,2,Clear,Low,Morning,Electric Bike,4.4,51.9
ORD_006207,4.42,10,5,Windy,Jam,Afternoon,Scooter,3.7,37.2
ORD_006208,3.06,15,2,Clear,High,Evening Peak,Scooter,2.2,28.3
ORD_006209,7.46,25,8,Clear,Low,Afternoon,Scooter,2.5,48.3
ORD_006210,4.3,10,1,Windy,Low,Late Night,Motorcycle,1.0,23.6
ORD_006211,7.23,30,2,Windy,Jam,Afternoon,Motorcycle,2.3,63.1
ORD_006212,3.92,20,3,Clear,High,Evening Peak,Motorcycle,5.8,32.9
ORD_006213,2.7,15,2,Clear,Jam,Afternoon,Electric Bike,3.2,31.5
ORD_006214,4.99,20,1,Clear,Medium,Afternoon,Motorcycle,3.1,32.6
ORD_006215,2.23,15,3,Rainy,Low,Evening Peak,Scooter,4.0,25.3
ORD_006216,6.01,15,3,Clear,Medium,Morning,Scooter,3.2,34.6
ORD_006217,7.98,15,2,Windy,Jam,Morning,Motorcycle,2.5,53.5
ORD_006218,13.3,15,2,Clear,Low,Afternoon,Motorcycle,1.3,43.4
ORD_006219,3.82,30,4,Rainy,High,Afternoon,Scooter,4.0,52.1
ORD_006220,3.34,15,6,Clear,Medium,Morning,Motorcycle,4.6,28.7
ORD_006221,7.87,20,3,Clear,Low,Late Night,Scooter,5.6,39.6
ORD_006222,7.57,15,2,Clear,Medium,Afternoon,Scooter,0.5,40.1
ORD_006223,7.84,20,1,Foggy,Medium,Evening Peak,Scooter,0.9,45.2
ORD_006224,13.41,20,1,Rainy,Low,Afternoon,Motorcycle,5.4,50.7
ORD_006225,5.17,15,2,Rainy,Medium,Late Night,Motorcycle,4.0,33.7
ORD_006226,14.95,30,5,Foggy,Medium,Morning,Scooter,5.8,75.5
ORD_006227,4.22,25,3,Clear,High,Afternoon,Motorcycle,2.9,38.9
ORD_006228,3.5,20,3,Clear,Low,Afternoon,Scooter,2.8,29.8
ORD_006229,3.32,30,2,Rainy,High,Evening Peak,Electric Bike,2.4,49.4
ORD_006230,3.21,20,1,Windy,Low,Evening Peak,Scooter,1.3,29.0
ORD_006231,13.78,25,4,Clear,High,Evening Peak,Motorcycle,2.6,71.0
ORD_006232,9.6,15,1,Windy,Medium,Evening Peak,Motorcycle,0.6,37.7
ORD_006233,13.09,10,2,Clear,High,Afternoon,Motorcycle,3.3,49.9
ORD_006234,1.73,35,3,Rainy,Low,Evening Peak,Scooter,5.2,40.3
ORD_006235,2.43,15,3,Windy,Low,Evening Peak,Motorcycle,2.3,24.5
ORD_006236,4.31,15,3,Clear,Low,Morning,Scooter,1.0,26.0
ORD_006237,3.95,15,1,Clear,Medium,Afternoon,Scooter,5.9,22.8
ORD_006238,5.81,15,1,Rainy,Medium,Evening Peak,Scooter,1.2,40.4
ORD_006239,5.24,15,4,Clear,Low,Afternoon,Scooter,3.4,31.2
ORD_006240,2.82,20,2,Clear,Medium,Morning,Motorcycle,5.0,29.7
ORD_006241,3.71,35,3,Clear,Low,Evening Peak,Electric Bike,1.9,44.6
ORD_006242,4.45,10,4,Clear,Low,Late Night,Motorcycle,5.1,20.2
ORD_006243,2.59,25,2,Clear,Low,Morning,Motorcycle,3.6,32.8
ORD_006244,4.77,10,1,Windy,Jam,Evening Peak,Motorcycle,2.3,36.6
ORD_006245,2.68,10,2,Rainy,Medium,Afternoon,Motorcycle,5.3,22.0
ORD_006246,4.7,20,2,Foggy,Medium,Afternoon,Motorcycle,3.9,34.7
ORD_006247,3.05,25,2,Windy,Medium,Afternoon,Motorcycle,3.9,32.0
ORD_006248,8.39,15,2,Rainy,Low,Morning,Motorcycle,3.3,39.0
ORD_006249,6.44,15,2,Rainy,Medium,Afternoon,Motorcycle,2.0,40.8
ORD_006250,6.35,15,3,Foggy,Low,Afternoon,Motorcycle,2.2,31.0
ORD_006251,7.5,30,3,Clear,Medium,Evening Peak,Motorcycle,1.0,49.6
ORD_006252,6.63,15,2,Clear,Jam,Late Night,Motorcycle,1.8,45.2
ORD_006253,8.42,15,2,Clear,Low,Morning,Motorcycle,2.0,32.5
ORD_006254,5.54,25,3,Heavy Storm,Medium,Evening Peak,Electric Bike,0.8,59.0
ORD_006255,7.44,20,2,Clear,High,Afternoon,Motorcycle,1.1,48.5
ORD_006256,6.25,30,1,Foggy,Jam,Late Night,Electric Bike,2.0,69.2
ORD_006257,6.22,30,3,Foggy,Jam,Evening Peak,Motorcycle,4.2,59.6
ORD_006258,2.15,15,2,Windy,Low,Morning,Scooter,1.5,20.7
ORD_006259,2.85,20,3,Clear,Jam,Afternoon,Scooter,3.4,31.9
ORD_006260,5.84,15,1,Clear,Medium,Morning,Motorcycle,3.3,33.5
ORD_006261,3.33,35,2,Foggy,High,Evening Peak,Motorcycle,5.1,52.5
ORD_006262,4.91,15,1,Foggy,Low,Evening Peak,Motorcycle,3.9,26.5
ORD_006263,3.79,25,4,Clear,Low,Evening Peak,Motorcycle,5.5,33.5
ORD_006264,3.87,15,2,Clear,Low,Evening Peak,Motorcycle,4.0,22.4
ORD_006265,5.22,15,4,Clear,Medium,Morning,Scooter,0.6,34.4
ORD_006266,4.38,10,5,Clear,High,Morning,Scooter,2.6,31.2
ORD_006267,10.42,20,1,Windy,Low,Late Night,Electric Bike,4.3,49.6
ORD_006268,2.26,15,2,Clear,Low,Morning,Motorcycle,3.1,18.5
ORD_006269,6.92,10,2,Rainy,Low,Evening Peak,Scooter,2.8,39.3
ORD_006270,7.67,15,3,Heavy Storm,Medium,Morning,Motorcycle,4.2,46.6
ORD_006271,10.81,15,1,Windy,Low,Late Night,Electric Bike,2.1,48.1
ORD_006272,5.29,20,5,Rainy,Medium,Evening Peak,Scooter,5.5,40.3
ORD_006273,7.26,15,3,Foggy,Jam,Afternoon,Electric Bike,2.8,69.4
ORD_006274,10.34,10,1,Foggy,Medium,Evening Peak,Motorcycle,4.0,38.6
ORD_006275,3.62,20,1,Clear,High,Afternoon,Motorcycle,5.9,31.7
ORD_006276,3.06,25,4,Clear,Medium,Afternoon,Motorcycle,4.8,30.1
ORD_006277,5.43,20,2,Clear,Low,Evening Peak,Scooter,3.4,31.9
ORD_006278,4.5,35,2,Rainy,Medium,Morning,Electric Bike,5.2,58.4
ORD_006279,7.34,10,3,Rainy,Jam,Afternoon,Motorcycle,3.6,44.8
ORD_006280,2.34,25,1,Clear,Medium,Evening Peak,Scooter,2.9,28.3
ORD_006281,9.97,20,3,Clear,Medium,Evening Peak,Motorcycle,5.3,42.5
ORD_006282,5.87,20,2,Windy,High,Morning,Motorcycle,0.6,42.1
ORD_006283,4.43,20,1,Clear,High,Late Night,Scooter,2.7,37.5
ORD_006284,5.11,15,1,Clear,Medium,Evening Peak,Scooter,2.4,29.2
ORD_006285,8.69,15,1,Foggy,Medium,Afternoon,Scooter,4.4,36.2
ORD_006286,6.7,20,3,Clear,Low,Afternoon,Scooter,0.6,34.2
ORD_006287,5.05,10,5,Clear,Low,Evening Peak,Electric Bike,4.1,29.1
ORD_006288,4.56,20,3,Rainy,Medium,Morning,Scooter,2.4,42.6
ORD_006289,4.68,20,2,Foggy,Medium,Evening Peak,Scooter,1.0,37.9
ORD_006290,7.17,15,6,Clear,Low,Morning,Scooter,5.9,34.9
ORD_006291,4.36,15,2,Rainy,High,Evening Peak,Scooter,1.7,39.9
ORD_006292,6.87,15,4,Rainy,Medium,Evening Peak,Scooter,2.4,42.1
ORD_006293,3.11,10,1,Clear,Medium,Late Night,Motorcycle,1.6,22.0
ORD_006294,3.4,10,2,Clear,Low,Morning,Motorcycle,4.1,12.0
ORD_006295,5.02,15,2,Clear,Medium,Evening Peak,Scooter,4.8,29.9
ORD_006296,4.54,10,1,Rainy,Medium,Late Night,Scooter,5.2,29.7
ORD_006297,3.51,15,2,Rainy,High,Morning,Motorcycle,2.2,34.0
ORD_006298,2.67,15,3,Clear,High,Morning,Motorcycle,3.4,21.5
ORD_006299,3.24,35,2,Clear,Low,Afternoon,Motorcycle,4.1,40.7
ORD_006300,11.33,35,3,Foggy,Low,Afternoon,Scooter,4.0,65.6
ORD_006301,3.5,15,1,Clear,Medium,Afternoon,Scooter,4.4,23.7
ORD_006302,5.24,15,2,Foggy,Medium,Late Night,Motorcycle,4.7,29.4
ORD_006303,3.5,15,3,Clear,Medium,Evening Peak,Motorcycle,1.0,25.0
ORD_006304,4.3,10,3,Clear,Medium,Morning,Motorcycle,1.4,24.1
ORD_006305,8.11,20,1,Clear,Low,Evening Peak,Motorcycle,4.5,33.2
ORD_006306,4.49,15,3,Heavy Storm,Medium,Late Night,Motorcycle,3.1,37.7
ORD_006307,4.2,15,1,Rainy,Medium,Evening Peak,Motorcycle,2.8,29.9
ORD_006308,3.62,25,1,Rainy,Jam,Morning,Motorcycle,3.0,44.5
ORD_006309,4.39,25,5,Rainy,High,Late Night,Electric Bike,2.5,54.2
ORD_006310,6.24,35,6,Clear,High,Afternoon,Scooter,3.8,61.7
ORD_006311,1.83,15,2,Rainy,Medium,Afternoon,Scooter,2.3,27.3
ORD_006312,2.46,25,3,Clear,Medium,Afternoon,Motorcycle,4.0,33.7
ORD_006313,6.32,20,2,Rainy,High,Afternoon,Electric Bike,1.6,56.4
ORD_006314,5.19,20,4,Clear,Medium,Evening Peak,Scooter,4.7,37.0
ORD_006315,3.72,25,2,Clear,Medium,Afternoon,Motorcycle,4.8,32.4
ORD_006316,6.52,30,5,Clear,Medium,Evening Peak,Motorcycle,3.7,48.6
ORD_006317,4.09,20,2,Clear,High,Afternoon,Motorcycle,2.5,33.5
ORD_006318,8.05,15,1,Foggy,Medium,Evening Peak,Scooter,0.6,43.7
ORD_006319,3.64,15,8,Windy,High,Late Night,Scooter,1.2,38.3
ORD_006320,3.07,20,2,Foggy,Medium,Afternoon,Electric Bike,0.9,35.0
ORD_006321,17.03,25,3,Clear,Low,Evening Peak,Scooter,0.6,68.5
ORD_006322,7.19,20,2,Foggy,Jam,Afternoon,Motorcycle,4.5,52.4
ORD_006323,3.3,15,1,Foggy,Medium,Morning,Scooter,5.8,24.2
ORD_006324,4.1,15,4,Clear,Medium,Morning,Motorcycle,0.6,26.7
ORD_006325,3.65,10,1,Clear,Medium,Late Night,Scooter,1.1,18.3
ORD_006326,2.03,30,2,Rainy,Low,Evening Peak,Electric Bike,5.2,40.1
ORD_006327,4.24,10,4,Foggy,Low,Evening Peak,Electric Bike,4.3,26.4
ORD_006328,5.48,20,3,Clear,Medium,Morning,Motorcycle,2.7,35.1
ORD_006329,10.13,25,3,Clear,Jam,Evening Peak,Motorcycle,6.0,72.1
ORD_006330,4.78,15,2,Clear,Low,Evening Peak,Motorcycle,3.7,27.7
ORD_006331,3.9,25,2,Clear,Jam,Afternoon,Scooter,4.2,41.1
ORD_006332,10.82,25,1,Clear,High,Morning,Motorcycle,4.1,57.0
ORD_006333,9.58,10,1,Clear,High,Afternoon,Motorcycle,1.7,40.3
ORD_006334,5.46,15,3,Clear,High,Evening Peak,Scooter,3.2,37.7
ORD_006335,5.18,20,3,Clear,Medium,Evening Peak,Electric Bike,1.7,40.2
ORD_006336,6.2,15,1,Rainy,Low,Evening Peak,Scooter,3.3,34.9
ORD_006337,3.61,20,6,Clear,Medium,Morning,Motorcycle,0.7,34.9
ORD_006338,5.06,20,1,Windy,Medium,Evening Peak,Motorcycle,2.6,40.5
ORD_006339,3.54,15,2,Clear,Low,Afternoon,Scooter,2.5,20.0
ORD_006340,9.75,15,1,Clear,High,Late Night,Scooter,2.1,49.2
ORD_006341,3.15,10,1,Clear,Medium,Afternoon,Motorcycle,0.9,17.5
ORD_006342,5.69,10,6,Clear,High,Evening Peak,Scooter,4.7,27.1
ORD_006343,5.84,20,2,Heavy Storm,Medium,Late Night,Motorcycle,2.8,47.9
ORD_006344,10.19,20,2,Clear,Medium,Evening Peak,Scooter,5.0,46.2
ORD_006345,3.88,10,2,Clear,High,Morning,Motorcycle,5.1,23.3
ORD_006346,3.46,25,2,Clear,Low,Morning,Electric Bike,1.7,33.3
ORD_006347,6.98,15,6,Clear,High,Late Night,Motorcycle,2.8,39.7
ORD_006348,6.49,30,2,Windy,Medium,Evening Peak,Scooter,4.5,53.1
ORD_006349,13.26,15,2,Clear,High,Morning,Motorcycle,3.2,59.0
ORD_006350,5.51,10,3,Clear,Medium,Evening Peak,Electric Bike,5.2,28.3
ORD_006351,9.64,25,2,Clear,High,Late Night,Electric Bike,3.6,65.6
ORD_006352,9.07,20,2,Clear,Low,Morning,Motorcycle,4.0,37.2
ORD_006353,3.45,15,2,Foggy,Jam,Evening Peak,Motorcycle,4.8,33.3
ORD_006354,2.19,15,2,Clear,High,Morning,Scooter,1.2,23.7
ORD_006355,4.28,15,3,Clear,High,Afternoon,Electric Bike,3.7,35.2
ORD_006356,7.88,15,4,Clear,Medium,Evening Peak,Scooter,1.0,41.6
ORD_006357,10.28,10,2,Clear,High,Evening Peak,Electric Bike,1.9,56.4
ORD_006358,0.97,20,3,Rainy,High,Late Night,Electric Bike,1.7,31.7
ORD_006359,3.14,25,3,Clear,Medium,Evening Peak,Scooter,3.6,32.7
ORD_006360,6.2,25,8,Windy,Low,Late Night,Motorcycle,5.1,44.1
ORD_006361,7.14,10,5,Clear,Low,Afternoon,Electric Bike,1.2,31.5
ORD_006362,2.89,25,3,Clear,Medium,Morning,Scooter,4.7,30.0
ORD_006363,3.53,15,5,Clear,High,Morning,Motorcycle,1.3,32.0
ORD_006364,1.96,15,5,Windy,High,Morning,Scooter,1.5,28.7
ORD_006365,11.52,25,1,Foggy,Medium,Evening Peak,Electric Bike,5.5,71.2
ORD_006366,5.71,15,3,Windy,Low,Morning,Motorcycle,0.6,30.2
ORD_006367,3.51,15,3,Clear,Low,Evening Peak,Scooter,1.6,24.9
ORD_006368,9.29,15,3,Foggy,Low,Evening Peak,Scooter,1.7,41.6
ORD_006369,5.7,15,5,Clear,Low,Afternoon,Motorcycle,2.1,27.2
ORD_006370,10.18,10,2,Heavy Storm,Low,Evening Peak,Electric Bike,2.5,50.3
ORD_006371,10.97,25,2,Clear,High,Morning,Motorcycle,1.1,60.6
ORD_006372,2.9,15,2,Clear,Medium,Afternoon,Scooter,3.1,19.3
ORD_006373,9.6,15,2,Clear,Jam,Evening Peak,Motorcycle,2.7,59.1
ORD_006374,9.41,10,2,Clear,High,Evening Peak,Motorcycle,3.9,39.6
ORD_006375,6.53,25,2,Clear,Low,Evening Peak,Scooter,5.3,38.8
ORD_006376,6.81,15,3,Clear,High,Evening Peak,Electric Bike,2.1,50.5
ORD_006377,5.49,15,3,Clear,Low,Evening Peak,Scooter,3.5,25.9
ORD_006378,2.61,25,1,Rainy,Jam,Afternoon,Scooter,2.5,48.3
ORD_006379,2.5,10,3,Clear,Medium,Late Night,Motorcycle,0.7,18.4
ORD_006380,11.78,15,2,Clear,Low,Late Night,Motorcycle,5.0,39.1
ORD_006381,5.7,20,1,Foggy,Medium,Morning,Scooter,4.0,39.5
ORD_006382,4.44,15,2,Clear,Jam,Late Night,Motorcycle,0.5,34.9
ORD_006383,7.04,15,3,Rainy,High,Late Night,Motorcycle,1.9,45.7
ORD_006384,3.43,15,3,Foggy,Medium,Evening Peak,Motorcycle,2.2,28.1
ORD_006385,4.01,15,3,Clear,Medium,Afternoon,Scooter,5.0,24.7
ORD_006386,5.2,35,5,Clear,High,Afternoon,Scooter,4.7,58.2
ORD_006387,3.74,15,1,Clear,Jam,Evening Peak,Motorcycle,2.7,31.8
ORD_006388,6.66,15,5,Clear,Jam,Morning,Scooter,1.4,53.6
ORD_006389,4.76,25,3,Foggy,Jam,Evening Peak,Scooter,2.6,52.5
ORD_006390,6.64,15,5,Rainy,Medium,Afternoon,Motorcycle,5.0,42.3
ORD_006391,6.98,15,2,Foggy,High,Afternoon,Motorcycle,3.0,45.6
ORD_006392,9.17,20,1,Clear,Medium,Morning,Electric Bike,1.1,56.3
ORD_006393,4.29,20,8,Heavy Storm,High,Late Night,Motorcycle,0.7,52.8
ORD_006394,2.86,20,2,Rainy,Medium,Morning,Electric Bike,2.3,40.1
ORD_006395,16.27,10,2,Windy,Medium,Evening Peak,Motorcycle,1.3,57.1
ORD_006396,10.18,25,3,Clear,Medium,Evening Peak,Motorcycle,4.6,57.2
ORD_006397,1.88,15,2,Clear,High,Evening Peak,Motorcycle,2.0,21.6
ORD_006398,17.62,15,3,Clear,Low,Evening Peak,Electric Bike,5.3,69.3
ORD_006399,3.62,15,1,Clear,Jam,Late Night,Electric Bike,3.9,34.3
ORD_006400,4.79,25,3,Clear,Medium,Evening Peak,Scooter,2.7,40.5
ORD_006401,2.62,20,3,Rainy,Medium,Evening Peak,Scooter,3.9,35.8
ORD_006402,5.44,25,1,Foggy,High,Late Night,Scooter,2.1,51.4
ORD_006403,3.72,20,3,Windy,High,Afternoon,Electric Bike,1.3,40.4
ORD_006404,2.67,10,1,Clear,Jam,Afternoon,Motorcycle,5.8,12.8
ORD_006405,2.35,15,1,Clear,Medium,Evening Peak,Scooter,3.6,20.5
ORD_006406,3.28,20,3,Clear,Medium,Morning,Scooter,0.5,29.1
ORD_006407,7.39,15,5,Clear,Jam,Evening Peak,Scooter,2.2,56.0
ORD_006408,6.7,15,2,Clear,Jam,Evening Peak,Scooter,1.4,48.1
ORD_006409,2.96,25,1,Clear,Low,Evening Peak,Motorcycle,1.9,30.8
ORD_006410,4.18,20,3,Clear,Medium,Late Night,Motorcycle,0.8,34.2
ORD_006411,8.37,15,3,Clear,Medium,Late Night,Scooter,1.8,38.7
ORD_006412,4.27,25,6,Clear,Jam,Afternoon,Scooter,4.3,49.7
ORD_006413,10.32,20,1,Clear,Medium,Afternoon,Scooter,5.0,48.3
ORD_006414,15.22,10,3,Rainy,High,Evening Peak,Motorcycle,2.4,68.2
ORD_006415,3.3,15,2,Windy,Low,Evening Peak,Scooter,3.4,24.7
ORD_006416,3.54,15,5,Windy,Medium,Afternoon,Electric Bike,0.7,29.8
ORD_006417,11.19,15,3,Clear,Low,Afternoon,Scooter,1.0,45.9
ORD_006418,4.23,15,2,Foggy,Medium,Afternoon,Motorcycle,3.5,30.4
ORD_006419,8.69,30,1,Foggy,Low,Late Night,Scooter,5.1,52.1
ORD_006420,5.68,15,3,Rainy,Low,Morning,Scooter,1.0,35.1
ORD_006421,4.55,25,2,Clear,Jam,Afternoon,Motorcycle,2.8,46.8
ORD_006422,7.18,15,3,Foggy,Medium,Evening Peak,Motorcycle,5.8,38.7
ORD_006423,11.27,15,3,Heavy Storm,Medium,Evening Peak,Scooter,4.6,60.0
ORD_006424,9.46,25,3,Clear,Low,Morning,Motorcycle,1.6,46.1
ORD_006425,4.95,15,1,Clear,High,Afternoon,Motorcycle,2.1,25.3
ORD_006426,5.77,25,2,Clear,High,Afternoon,Scooter,5.7,45.7
ORD_006427,8.73,10,2,Rainy,Low,Late Night,Motorcycle,1.7,38.2
ORD_006428,5.97,30,3,Clear,Low,Afternoon,Motorcycle,2.9,44.0
ORD_006429,12.19,15,2,Windy,Medium,Morning,Scooter,2.5,49.8
ORD_006430,1.41,15,4,Rainy,Medium,Late Night,Motorcycle,3.2,24.7
ORD_006431,3.4,20,2,Clear,Low,Afternoon,Motorcycle,1.8,25.1
ORD_006432,6.86,25,8,Clear,Low,Morning,Scooter,4.2,43.1
ORD_006433,3.94,10,1,Heavy Storm,Medium,Evening Peak,Electric Bike,1.8,41.5
ORD_006434,11.47,35,2,Rainy,Low,Evening Peak,Motorcycle,3.8,70.2
ORD_006435,3.53,20,3,Windy,Medium,Evening Peak,Motorcycle,2.5,31.5
ORD_006436,5.44,15,2,Clear,Low,Afternoon,Scooter,1.9,25.0
ORD_006437,3.27,15,2,Rainy,Jam,Afternoon,Scooter,4.3,33.0
ORD_006438,4.85,15,3,Rainy,Medium,Late Night,Electric Bike,5.8,37.5
ORD_006439,1.83,15,1,Foggy,Low,Morning,Electric Bike,5.3,17.5
ORD_006440,2.29,15,5,Clear,Low,Evening Peak,Motorcycle,1.0,23.8
ORD_006441,14.75,25,2,Windy,Medium,Morning,Scooter,3.0,73.8
ORD_006442,5.18,20,3,Clear,High,Afternoon,Electric Bike,4.3,46.1
ORD_006443,4.14,15,2,Clear,Medium,Late Night,Scooter,3.6,29.0
ORD_006444,2.63,10,3,Foggy,Low,Evening Peak,Electric Bike,4.5,26.0
ORD_006445,2.88,30,3,Clear,Medium,Afternoon,Scooter,5.9,38.2
ORD_006446,13.79,15,2,Clear,Medium,Evening Peak,Scooter,2.4,55.8
ORD_006447,5.37,15,1,Clear,Medium,Afternoon,Motorcycle,4.7,28.1
ORD_006448,9.31,20,2,Clear,Medium,Late Night,Motorcycle,1.0,40.8
ORD_006449,1.01,25,4,Clear,Medium,Afternoon,Motorcycle,5.3,24.8
ORD_006450,3.66,35,3,Clear,High,Afternoon,Scooter,4.8,46.6
ORD_006451,12.67,30,3,Clear,High,Evening Peak,Motorcycle,3.4,74.2
ORD_006452,3.81,30,4,Clear,High,Evening Peak,Electric Bike,5.0,44.9
ORD_006453,2.78,15,2,Clear,Medium,Evening Peak,Motorcycle,4.2,20.3
ORD_006454,6.52,15,2,Clear,Medium,Afternoon,Motorcycle,3.5,33.0
ORD_006455,2.1,20,1,Clear,Medium,Evening Peak,Motorcycle,5.7,24.2
ORD_006456,1.85,10,2,Rainy,Low,Afternoon,Electric Bike,1.2,21.9
ORD_006457,11.48,15,2,Clear,High,Morning,Electric Bike,6.0,65.4
ORD_006458,3.26,10,1,Windy,Medium,Late Night,Scooter,1.3,20.3
ORD_006459,7.24,15,1,Windy,High,Evening Peak,Motorcycle,3.1,45.2
ORD_006460,14.1,15,2,Clear,Medium,Evening Peak,Motorcycle,1.8,54.8
ORD_006461,5.26,15,2,Clear,Medium,Evening Peak,Electric Bike,2.0,33.3
ORD_006462,7.1,15,4,Rainy,Low,Evening Peak,Scooter,4.0,40.1
ORD_006463,1.84,25,1,Clear,Low,Evening Peak,Scooter,0.7,29.0
ORD_006464,3.09,20,3,Clear,High,Evening Peak,Electric Bike,5.7,30.5
ORD_006465,12.56,30,2,Foggy,Medium,Evening Peak,Scooter,2.0,74.8
ORD_006466,4.16,15,4,Clear,Medium,Late Night,Motorcycle,2.0,26.7
ORD_006467,2.32,15,2,Foggy,Medium,Afternoon,Scooter,5.2,23.0
ORD_006468,6.89,10,3,Clear,Low,Morning,Motorcycle,4.7,22.7
ORD_006469,10.48,20,2,Windy,High,Morning,Scooter,4.2,55.3
ORD_006470,3.82,25,2,Foggy,High,Evening Peak,Electric Bike,1.3,47.1
ORD_006471,6.9,15,2,Clear,High,Late Night,Scooter,4.7,41.1
ORD_006472,8.52,25,2,Clear,High,Morning,Scooter,2.5,56.2
ORD_006473,4.59,20,4,Foggy,Medium,Late Night,Motorcycle,6.0,36.3
ORD_006474,4.21,10,3,Foggy,High,Late Night,Motorcycle,4.2,28.6
ORD_006475,13.8,20,2,Clear,Medium,Evening Peak,Motorcycle,5.1,57.8
ORD_006476,2.43,20,4,Clear,Low,Evening Peak,Scooter,4.5,25.3
ORD_006477,5.54,10,1,Clear,High,Morning,Scooter,3.8,28.5
ORD_006478,4.82,15,3,Windy,Low,Afternoon,Scooter,4.4,27.3
ORD_006479,4.8,25,3,Rainy,Medium,Afternoon,Electric Bike,3.8,50.3
ORD_006480,8.25,20,2,Windy,Low,Evening Peak,Scooter,0.8,40.6
ORD_006481,7.18,15,2,Foggy,Medium,Evening Peak,Motorcycle,2.4,40.2
ORD_006482,6.08,30,2,Rainy,High,Late Night,Motorcycle,2.2,56.8
ORD_006483,1.86,15,3,Clear,Medium,Evening Peak,Motorcycle,4.4,22.6
ORD_006484,2.94,15,2,Clear,Low,Evening Peak,Motorcycle,3.7,21.7
ORD_006485,4.41,15,8,Clear,High,Morning,Motorcycle,3.9,31.9
ORD_006486,5.42,25,1,Windy,High,Late Night,Scooter,5.2,44.7
ORD_006487,12.47,20,2,Clear,Low,Late Night,Motorcycle,3.4,47.3
ORD_006488,5.34,20,2,Windy,High,Morning,Motorcycle,1.7,44.0
ORD_006489,8.02,35,2,Clear,Medium,Evening Peak,Motorcycle,0.6,55.2
ORD_006490,4.93,25,4,Foggy,Medium,Afternoon,Electric Bike,1.4,52.4
ORD_006491,7.64,15,2,Heavy Storm,Jam,Afternoon,Scooter,0.7,70.2
ORD_006492,5.16,25,2,Clear,Low,Evening Peak,Scooter,1.8,39.1
ORD_006493,2.66,20,2,Clear,Medium,Afternoon,Motorcycle,4.0,27.4
ORD_006494,7.07,15,2,Rainy,Low,Evening Peak,Scooter,1.3,37.7
ORD_006495,6.66,15,2,Clear,High,Afternoon,Motorcycle,1.0,40.1
ORD_006496,2.14,20,4,Clear,High,Morning,Motorcycle,5.8,28.8
ORD_006497,4.93,15,3,Foggy,Low,Evening Peak,Scooter,6.0,33.0
ORD_006498,4.9,15,4,Windy,Low,Afternoon,Scooter,4.0,29.6
ORD_006499,3.57,20,2,Windy,Jam,Late Night,Motorcycle,1.1,39.5
ORD_006500,2.57,25,1,Rainy,Jam,Late Night,Scooter,5.0,44.4
ORD_006501,5.85,10,2,Heavy Storm,Jam,Morning,Motorcycle,3.5,49.9
ORD_006502,11.78,15,3,Rainy,Jam,Evening Peak,Motorcycle,1.5,75.3
ORD_006503,7.46,20,2,Clear,Medium,Evening Peak,Scooter,3.7,43.2
ORD_006504,1.98,20,2,Clear,Jam,Evening Peak,Electric Bike,0.7,33.3
ORD_006505,11.25,35,1,Rainy,High,Afternoon,Motorcycle,5.8,78.3
ORD_006506,10.31,20,2,Windy,Low,Afternoon,Motorcycle,5.0,40.8
ORD_006507,3.7,20,3,Clear,High,Evening Peak,Motorcycle,1.9,32.1
ORD_006508,2.06,35,2,Clear,High,Afternoon,Motorcycle,2.8,43.9
ORD_006509,3.79,10,1,Rainy,Low,Late Night,Scooter,2.7,28.2
ORD_006510,3.95,10,8,Clear,High,Morning,Motorcycle,5.2,28.2
ORD_006511,2.15,20,3,Rainy,Medium,Morning,Motorcycle,2.5,34.2
ORD_006512,5.8,15,1,Windy,High,Evening Peak,Scooter,0.8,40.0
ORD_006513,3.16,10,1,Foggy,High,Evening Peak,Motorcycle,1.7,26.0
ORD_006514,2.39,15,3,Clear,Jam,Evening Peak,Electric Bike,1.7,26.6
ORD_006515,4.35,20,2,Windy,Low,Afternoon,Scooter,5.7,29.3
ORD_006516,11.58,25,2,Foggy,High,Afternoon,Motorcycle,5.6,68.7
ORD_006517,8.32,10,2,Clear,Medium,Afternoon,Motorcycle,2.2,34.1
ORD_006518,6.49,20,2,Clear,High,Afternoon,Scooter,0.5,41.5
ORD_006519,3.72,15,2,Windy,Medium,Afternoon,Motorcycle,3.3,26.3
ORD_006520,2.16,20,4,Clear,Medium,Evening Peak,Scooter,4.9,24.9
ORD_006521,2.6,20,2,Rainy,Low,Evening Peak,Scooter,2.0,34.3
ORD_006522,8.03,30,2,Rainy,Medium,Late Night,Electric Bike,2.9,67.7
ORD_006523,3.14,10,3,Clear,Medium,Evening Peak,Motorcycle,1.5,16.8
ORD_006524,5.51,15,3,Rainy,Medium,Afternoon,Scooter,2.3,44.1
ORD_006525,6.54,15,2,Foggy,Jam,Morning,Scooter,4.7,48.4
ORD_006526,1.92,20,2,Clear,High,Afternoon,Motorcycle,2.9,27.2
ORD_006527,5.07,25,2,Clear,Medium,Morning,Scooter,3.0,41.1
ORD_006528,6.23,30,4,Clear,High,Afternoon,Scooter,4.8,55.4
ORD_006529,13.33,15,2,Clear,Low,Late Night,Motorcycle,4.7,42.7
ORD_006530,5.45,25,2,Clear,Medium,Evening Peak,Motorcycle,1.5,40.8
ORD_006531,7.81,15,3,Clear,High,Afternoon,Motorcycle,2.8,36.9
ORD_006532,3.76,10,3,Clear,Low,Evening Peak,Scooter,5.2,16.3
ORD_006533,8.94,25,1,Foggy,Low,Late Night,Electric Bike,3.0,59.2
ORD_006534,2.31,10,3,Windy,Low,Evening Peak,Scooter,4.1,14.7
ORD_006535,6.66,10,1,Heavy Storm,Jam,Evening Peak,Motorcycle,2.2,52.0
ORD_006536,5.6,15,6,Clear,Medium,Morning,Motorcycle,0.8,30.0
ORD_006537,9.87,15,2,Clear,Medium,Morning,Motorcycle,1.4,42.6
ORD_006538,6.55,10,2,Clear,Medium,Afternoon,Scooter,2.7,28.6
ORD_006539,4.47,25,1,Clear,Medium,Evening Peak,Electric Bike,2.4,40.1
ORD_006540,8.92,15,4,Windy,High,Morning,Motorcycle,5.4,44.5
ORD_006541,6.5,15,2,Clear,Jam,Evening Peak,Motorcycle,3.5,44.8
ORD_006542,2.78,15,2,Clear,Low,Afternoon,Motorcycle,3.9,22.2
ORD_006543,4.64,20,3,Windy,Medium,Evening Peak,Scooter,4.3,35.4
ORD_006544,2.59,25,1,Clear,Low,Morning,Scooter,3.4,26.8
ORD_006545,6.2,30,8,Clear,Medium,Late Night,Motorcycle,4.7,49.8
ORD_006546,6.61,35,2,Foggy,Medium,Evening Peak,Motorcycle,4.8,59.0
ORD_006547,12.17,15,4,Rainy,High,Evening Peak,Scooter,2.4,67.2
ORD_006548,4.59,35,5,Clear,High,Morning,Scooter,1.0,58.4
ORD_006549,4.17,15,1,Foggy,Medium,Morning,Motorcycle,5.9,27.7
ORD_006550,2.02,10,2,Clear,Medium,Evening Peak,Scooter,4.0,14.5
ORD_006551,4.58,25,4,Clear,Medium,Morning,Motorcycle,4.4,35.9
ORD_006552,4.3,15,3,Clear,High,Late Night,Motorcycle,4.7,30.0
ORD_006553,5.38,10,3,Windy,Medium,Evening Peak,Motorcycle,3.9,24.8
ORD_006554,4.22,30,3,Clear,High,Morning,Electric Bike,3.1,49.3
ORD_006555,4.23,25,6,Windy,High,Evening Peak,Motorcycle,5.9,40.5
ORD_006556,5.37,10,1,Heavy Storm,Jam,Evening Peak,Scooter,4.5,48.2
ORD_006557,4.79,25,4,Foggy,High,Evening Peak,Motorcycle,5.2,42.8
ORD_006558,4.18,25,3,Rainy,Medium,Afternoon,Motorcycle,2.9,44.6
ORD_006559,4.16,30,2,Clear,High,Evening Peak,Motorcycle,5.5,42.0
ORD_006560,14.29,20,3,Clear,Medium,Evening Peak,Electric Bike,4.5,70.5
ORD_006561,4.09,20,3,Clear,High,Late Night,Scooter,4.6,32.8
ORD_006562,4.45,25,1,Clear,Jam,Evening Peak,Motorcycle,1.0,42.1
ORD_006563,1.8,20,2,Clear,High,Evening Peak,Motorcycle,3.9,27.5
ORD_006564,8.96,20,2,Windy,High,Evening Peak,Scooter,2.3,55.8
ORD_006565,1.3,20,2,Clear,Low,Evening Peak,Motorcycle,4.2,21.5
ORD_006566,2.85,15,3,Windy,Medium,Evening Peak,Electric Bike,3.6,26.8
ORD_006567,6.94,35,5,Clear,Medium,Late Night,Scooter,1.1,58.0
ORD_006568,1.69,15,2,Clear,Low,Evening Peak,Electric Bike,3.4,20.0
ORD_006569,3.4,10,3,Clear,High,Afternoon,Motorcycle,3.0,23.2
ORD_006570,4.98,25,6,Clear,Medium,Late Night,Scooter,4.8,44.3
ORD_006571,4.75,15,3,Heavy Storm,High,Late Night,Motorcycle,3.3,47.1
ORD_006572,3.35,20,2,Clear,High,Evening Peak,Motorcycle,3.1,31.8
ORD_006573,7.83,10,1,Windy,Medium,Morning,Motorcycle,4.5,25.5
ORD_006574,8.11,20,2,Rainy,High,Evening Peak,Motorcycle,4.2,53.6
ORD_006575,7.05,30,2,Clear,High,Morning,Motorcycle,6.0,54.7
ORD_006576,3.83,20,3,Rainy,Medium,Morning,Scooter,2.4,40.4
ORD_006577,5.54,15,1,Clear,High,Afternoon,Motorcycle,4.3,31.8
ORD_006578,3.57,35,2,Heavy Storm,Medium,Afternoon,Motorcycle,1.4,55.4
ORD_006579,17.02,15,2,Clear,Low,Evening Peak,Motorcycle,4.9,48.2
ORD_006580,6.08,15,1,Windy,High,Afternoon,Scooter,4.8,33.4
ORD_006581,3.84,15,4,Foggy,High,Morning,Scooter,4.5,32.1
ORD_006582,15.22,35,3,Clear,Medium,Evening Peak,Motorcycle,1.2,75.6
ORD_006583,4.12,10,3,Clear,High,Afternoon,Motorcycle,5.9,22.3
ORD_006584,5.95,20,2,Clear,Medium,Morning,Scooter,5.7,35.8
ORD_006585,7.91,15,4,Clear,Medium,Afternoon,Motorcycle,2.5,37.6
ORD_006586,3.66,10,5,Clear,Medium,Evening Peak,Motorcycle,3.7,21.5
ORD_006587,3.51,30,1,Rainy,High,Morning,Motorcycle,5.4,48.9
ORD_006588,8.73,20,2,Clear,Medium,Late Night,Motorcycle,3.2,48.9
ORD_006589,7.9,25,3,Clear,Medium,Evening Peak,Motorcycle,3.8,47.3
ORD_006590,7.89,15,4,Clear,Low,Evening Peak,Motorcycle,3.8,35.0
ORD_006591,6.63,25,3,Clear,Medium,Afternoon,Motorcycle,4.1,42.7
ORD_006592,14.2,25,8,Rainy,Medium,Evening Peak,Scooter,3.7,77.9
ORD_006593,5.26,15,3,Clear,Low,Morning,Motorcycle,2.7,26.8
ORD_006594,3.13,20,1,Clear,Medium,Evening Peak,Motorcycle,3.5,27.7
ORD_006595,2.47,35,1,Clear,High,Morning,Scooter,5.3,41.9
ORD_006596,4.05,25,6,Clear,Medium,Afternoon,Scooter,5.3,40.1
ORD_006597,0.94,15,1,Clear,Medium,Morning,Electric Bike,4.7,17.3
ORD_006598,10.62,20,2,Clear,Jam,Morning,Scooter,2.8,74.7
ORD_006599,6.41,25,2,Clear,High,Evening Peak,Scooter,4.8,45.0
ORD_006600,3.11,10,2,Foggy,Low,Morning,Motorcycle,2.6,19.1
ORD_006601,9.09,20,3,Clear,High,Morning,Scooter,4.2,54.0
ORD_006602,2.47,35,4,Clear,Low,Evening Peak,Scooter,3.6,38.4
ORD_006603,2.82,30,6,Clear,Low,Evening Peak,Motorcycle,2.2,35.4
ORD_006604,5.37,25,6,Clear,Low,Afternoon,Motorcycle,3.0,39.7
ORD_006605,11.45,10,2,Clear,Medium,Late Night,Scooter,5.1,46.2
ORD_006606,6.37,35,5,Clear,Medium,Morning,Motorcycle,5.5,51.2
ORD_006607,1.05,20,2,Clear,High,Evening Peak,Scooter,1.6,22.1
ORD_006608,2.87,15,4,Rainy,Low,Morning,Motorcycle,3.0,28.9
ORD_006609,3.16,20,3,Clear,Low,Morning,Motorcycle,2.9,26.5
ORD_006610,5.76,25,2,Clear,Medium,Late Night,Electric Bike,3.2,41.5
ORD_006611,2.17,10,3,Windy,Medium,Late Night,Scooter,5.9,15.3
ORD_006612,2.28,30,6,Clear,Low,Late Night,Motorcycle,3.4,34.9
ORD_006613,4.35,30,2,Windy,Jam,Evening Peak,Motorcycle,5.1,53.0
ORD_006614,7.31,10,2,Clear,High,Morning,Motorcycle,4.2,33.1
ORD_006615,7.62,30,3,Clear,Medium,Afternoon,Scooter,1.1,50.7
ORD_006616,5.37,30,5,Foggy,Medium,Morning,Motorcycle,4.3,47.9
ORD_006617,8.31,10,2,Clear,Medium,Morning,Motorcycle,4.1,30.0
ORD_006618,17.78,15,1,Heavy Storm,Medium,Evening Peak,Scooter,4.7,78.6
ORD_006619,12.38,15,1,Windy,Medium,Evening Peak,Scooter,0.9,53.6
ORD_006620,3.77,15,6,Windy,Medium,Evening Peak,Electric Bike,1.8,37.3
ORD_006621,2.11,25,2,Clear,Medium,Evening Peak,Motorcycle,4.7,29.2
ORD_006622,4.04,15,3,Rainy,Medium,Morning,Electric Bike,2.5,37.5
ORD_006623,2.9,30,2,Clear,High,Afternoon,Scooter,5.5,40.2
ORD_006624,6.6,35,1,Rainy,Medium,Evening Peak,Motorcycle,3.3,58.1
ORD_006625,2.5,15,2,Clear,Low,Late Night,Scooter,0.5,20.7
ORD_006626,4.84,20,2,Rainy,Low,Morning,Scooter,4.3,36.9
ORD_006627,2.9,20,2,Windy,Medium,Morning,Motorcycle,3.3,28.1
ORD_006628,4.24,20,6,Foggy,Jam,Late Night,Motorcycle,2.2,48.6
ORD_006629,5.01,15,8,Clear,Medium,Late Night,Electric Bike,0.6,39.9
ORD_006630,7.19,15,2,Clear,Low,Evening Peak,Electric Bike,1.6,42.1
ORD_006631,5.03,10,6,Rainy,Low,Morning,Scooter,1.4,31.9
ORD_006632,3.57,10,5,Clear,Medium,Evening Peak,Scooter,3.7,22.6
ORD_006633,7.89,30,5,Foggy,Jam,Morning,Motorcycle,4.7,72.1
ORD_006634,5.19,15,3,Heavy Storm,Jam,Evening Peak,Motorcycle,1.8,51.8
ORD_006635,3.77,10,2,Clear,Low,Afternoon,Electric Bike,4.3,20.2
ORD_006636,7.3,20,2,Clear,High,Evening Peak,Scooter,5.4,46.5
ORD_006637,5.79,10,1,Clear,Low,Morning,Motorcycle,3.9,25.1
ORD_006638,6.95,10,2,Clear,High,Evening Peak,Motorcycle,4.8,31.8
ORD_006639,9.51,20,3,Windy,High,Evening Peak,Scooter,1.6,61.3
ORD_006640,2.59,20,1,Clear,Low,Evening Peak,Motorcycle,0.9,23.9
ORD_006641,17.08,10,1,Clear,Low,Afternoon,Motorcycle,2.5,44.6
ORD_006642,6.53,15,3,Heavy Storm,Low,Afternoon,Motorcycle,4.4,41.4
ORD_006643,2.51,15,2,Clear,Medium,Late Night,Electric Bike,4.3,27.4
ORD_006644,10.23,20,2,Rainy,Low,Afternoon,Motorcycle,5.8,49.1
ORD_006645,3.35,20,2,Clear,Medium,Late Night,Motorcycle,4.0,29.0
ORD_006646,12.51,15,4,Clear,Medium,Morning,Motorcycle,2.8,52.0
ORD_006647,2.68,15,4,Clear,Medium,Morning,Motorcycle,4.9,18.8
ORD_006648,4.85,25,2,Clear,Medium,Evening Peak,Motorcycle,1.3,38.0
ORD_006649,7.98,30,3,Windy,Jam,Late Night,Scooter,5.0,72.0
ORD_006650,7.36,25,2,Clear,Low,Late Night,Motorcycle,2.5,38.5
ORD_006651,6.18,15,1,Windy,High,Evening Peak,Scooter,1.3,35.7
ORD_006652,8.87,20,2,Clear,Medium,Evening Peak,Motorcycle,1.4,41.7
ORD_006653,3.91,20,3,Windy,High,Evening Peak,Scooter,5.9,36.0
ORD_006654,9.17,25,4,Clear,Medium,Evening Peak,Electric Bike,3.9,61.4
ORD_006655,3.47,25,2,Windy,Low,Evening Peak,Motorcycle,1.5,34.9
ORD_006656,11.73,15,4,Clear,High,Morning,Electric Bike,2.0,68.6
ORD_006657,3.65,15,2,Clear,Jam,Evening Peak,Scooter,2.5,31.8
ORD_006658,2.28,15,2,Windy,Jam,Late Night,Scooter,0.8,29.5
ORD_006659,7.43,15,2,Rainy,Medium,Late Night,Scooter,1.1,44.7
ORD_006660,5.63,30,2,Foggy,Medium,Afternoon,Motorcycle,4.7,55.0
ORD_006661,6.24,15,2,Clear,Medium,Afternoon,Electric Bike,4.8,37.9
ORD_006662,4.21,15,2,Rainy,High,Morning,Electric Bike,5.9,38.7
ORD_006663,6.76,25,2,Clear,Medium,Evening Peak,Scooter,0.9,46.9
ORD_006664,11.13,10,2,Clear,Medium,Afternoon,Motorcycle,5.4,42.5
ORD_006665,6.06,15,3,Foggy,Medium,Afternoon,Motorcycle,2.2,34.8
ORD_006666,2.04,15,3,Rainy,High,Morning,Motorcycle,2.3,30.5
ORD_006667,5.1,20,3,Windy,Medium,Morning,Scooter,1.2,40.3
ORD_006668,6.56,15,2,Rainy,High,Afternoon,Motorcycle,5.9,41.5
ORD_006669,12.18,15,2,Clear,Medium,Morning,Electric Bike,5.9,58.6
ORD_006670,7.64,15,2,Rainy,Medium,Afternoon,Scooter,5.3,38.7
ORD_006671,3.16,20,2,Clear,Medium,Morning,Electric Bike,1.0,34.7
ORD_006672,4.97,15,2,Clear,High,Morning,Scooter,5.1,31.8
ORD_006673,7.9,25,2,Foggy,Medium,Morning,Motorcycle,4.0,49.4
ORD_006674,6.85,15,1,Foggy,Medium,Evening Peak,Scooter,1.2,37.8
ORD_006675,7.11,15,2,Clear,Jam,Morning,Electric Bike,1.9,63.8
ORD_006676,2.31,20,3,Heavy Storm,Medium,Late Night,Scooter,4.3,36.9
ORD_006677,7.39,10,2,Clear,High,Evening Peak,Motorcycle,4.9,29.9
ORD_006678,5.84,15,4,Clear,Medium,Evening Peak,Motorcycle,5.2,30.7
ORD_006679,7.57,25,1,Rainy,Medium,Afternoon,Scooter,3.5,53.6
ORD_006680,5.63,15,3,Foggy,Low,Morning,Electric Bike,3.4,33.2
ORD_006681,4.71,20,3,Foggy,Jam,Morning,Motorcycle,4.3,46.6
ORD_006682,9.3,10,2,Rainy,Low,Evening Peak,Scooter,4.8,36.4
ORD_006683,6.65,25,1,Clear,Medium,Late Night,Motorcycle,1.4,43.1
ORD_006684,2.52,35,1,Clear,High,Morning,Scooter,4.6,42.7
ORD_006685,5.47,15,3,Heavy Storm,Medium,Late Night,Scooter,2.4,47.2
ORD_006686,4.24,20,5,Windy,Low,Evening Peak,Motorcycle,2.6,33.9
ORD_006687,3.92,15,2,Rainy,Jam,Evening Peak,Scooter,0.9,41.5
ORD_006688,6.79,25,3,Rainy,Low,Evening Peak,Motorcycle,3.7,46.1
ORD_006689,5.65,10,1,Windy,Low,Morning,Motorcycle,1.0,24.1
ORD_006690,6.71,20,3,Windy,Low,Evening Peak,Scooter,5.5,38.4
ORD_006691,8.56,20,2,Clear,Medium,Evening Peak,Motorcycle,3.9,39.3
ORD_006692,4.9,15,1,Clear,Jam,Evening Peak,Motorcycle,5.9,35.1
ORD_006693,8.35,15,2,Windy,Jam,Afternoon,Scooter,1.9,59.6
ORD_006694,3.58,15,2,Foggy,High,Evening Peak,Motorcycle,4.2,32.6
ORD_006695,9.58,25,3,Clear,High,Evening Peak,Motorcycle,5.8,54.2
ORD_006696,3.77,10,2,Clear,High,Evening Peak,Electric Bike,2.1,31.3
ORD_006697,2.73,20,2,Clear,High,Afternoon,Motorcycle,1.0,29.6
ORD_006698,6.31,15,3,Clear,High,Morning,Scooter,4.0,30.9
ORD_006699,5.01,15,3,Windy,Medium,Afternoon,Scooter,2.5,33.2
ORD_006700,5.36,20,2,Windy,Low,Afternoon,Motorcycle,2.0,32.8
ORD_006701,2.54,25,4,Clear,Medium,Evening Peak,Motorcycle,6.0,30.9
ORD_006702,2.62,20,2,Clear,Low,Evening Peak,Motorcycle,4.6,25.1
ORD_006703,4.18,25,4,Clear,Jam,Evening Peak,Motorcycle,3.2,47.0
ORD_006704,7.54,20,1,Foggy,High,Evening Peak,Motorcycle,0.8,55.4
ORD_006705,4.28,20,3,Clear,Low,Afternoon,Scooter,1.6,28.9
ORD_006706,2.65,15,5,Windy,Medium,Evening Peak,Scooter,2.1,29.8
ORD_006707,9.61,30,2,Clear,Jam,Afternoon,Motorcycle,3.2,73.5
ORD_006708,2.59,20,8,Clear,High,Morning,Scooter,3.2,30.2
ORD_006709,5.45,20,4,Clear,Medium,Afternoon,Scooter,0.6,40.6
ORD_006710,7.57,20,2,Heavy Storm,Low,Evening Peak,Motorcycle,5.7,51.9
ORD_006711,4.02,15,2,Clear,Low,Afternoon,Scooter,3.5,22.5
ORD_006712,7.56,15,1,Clear,High,Evening Peak,Scooter,0.6,42.5
ORD_006713,11.53,10,2,Clear,High,Late Night,Electric Bike,4.4,66.6
ORD_006714,7.39,20,8,Rainy,Low,Afternoon,Motorcycle,0.9,47.9
ORD_006715,4.91,15,8,Clear,Low,Morning,Electric Bike,4.5,32.4
ORD_006716,5.37,15,1,Clear,Medium,Late Night,Electric Bike,4.4,29.2
ORD_006717,1.48,30,1,Clear,High,Evening Peak,Scooter,5.9,31.4
ORD_006718,3.72,20,1,Heavy Storm,Jam,Morning,Scooter,2.4,50.4
ORD_006719,1.52,10,3,Heavy Storm,High,Evening Peak,Motorcycle,1.3,33.8
ORD_006720,3.04,25,5,Clear,High,Morning,Electric Bike,1.0,39.2
ORD_006721,5.13,15,1,Foggy,High,Evening Peak,Scooter,0.9,38.6
ORD_006722,6.09,20,2,Clear,Medium,Evening Peak,Motorcycle,5.0,34.5
ORD_006723,6.83,20,8,Clear,Low,Late Night,Motorcycle,4.5,35.0
ORD_006724,13.61,15,2,Windy,Low,Afternoon,Motorcycle,5.9,49.5
ORD_006725,2.14,10,2,Clear,Low,Late Night,Scooter,2.2,18.6
ORD_006726,2.97,15,1,Clear,Jam,Evening Peak,Electric Bike,4.9,31.7
ORD_006727,5.95,10,2,Rainy,Jam,Evening Peak,Motorcycle,1.0,48.9
ORD_006728,7.94,15,2,Clear,Low,Afternoon,Scooter,5.5,29.2
ORD_006729,3.47,35,2,Clear,Medium,Afternoon,Motorcycle,0.8,46.8
ORD_006730,5.67,15,4,Foggy,Medium,Afternoon,Scooter,4.8,30.9
ORD_006731,6.18,25,5,Clear,High,Morning,Scooter,2.2,47.0
ORD_006732,12.19,20,2,Clear,Medium,Evening Peak,Motorcycle,1.5,50.1
ORD_006733,2.31,20,1,Clear,Medium,Evening Peak,Motorcycle,4.4,25.7
ORD_006734,6.71,15,4,Clear,High,Evening Peak,Motorcycle,5.4,35.9
ORD_006735,8.08,15,3,Clear,Jam,Evening Peak,Electric Bike,4.7,66.0
ORD_006736,7.1,20,1,Clear,Low,Afternoon,Scooter,2.2,36.0
ORD_006737,10.19,25,3,Clear,Low,Evening Peak,Motorcycle,2.4,46.2
ORD_006738,2.66,10,3,Heavy Storm,Medium,Evening Peak,Motorcycle,1.5,30.9
ORD_006739,1.38,20,2,Clear,High,Evening Peak,Scooter,5.0,24.9
ORD_006740,9.86,10,1,Windy,Low,Afternoon,Motorcycle,1.1,35.2
ORD_006741,4.13,15,1,Clear,Medium,Morning,Scooter,5.5,21.9
ORD_006742,4.92,20,3,Rainy,High,Morning,Scooter,3.8,48.0
ORD_006743,5.29,20,1,Foggy,Low,Evening Peak,Motorcycle,3.7,30.9
ORD_006744,5.52,10,5,Clear,Low,Evening Peak,Motorcycle,5.1,20.3
ORD_006745,8.55,15,1,Clear,Jam,Morning,Scooter,4.2,58.1
ORD_006746,6.58,15,3,Clear,High,Evening Peak,Motorcycle,2.2,34.0
ORD_006747,2.24,35,3,Clear,High,Evening Peak,Motorcycle,2.4,42.3
ORD_006748,4.87,15,4,Heavy Storm,Low,Evening Peak,Electric Bike,1.5,45.7
ORD_006749,6.11,15,4,Clear,High,Evening Peak,Electric Bike,3.1,48.3
ORD_006750,6.94,15,3,Clear,Medium,Evening Peak,Motorcycle,1.1,35.2
ORD_006751,4.69,10,2,Clear,Low,Afternoon,Scooter,4.1,19.9
ORD_006752,3.7,25,2,Clear,Medium,Evening Peak,Motorcycle,1.4,34.0
ORD_006753,8.82,15,2,Foggy,Jam,Late Night,Electric Bike,5.3,74.8
ORD_006754,4.08,20,3,Clear,Jam,Afternoon,Motorcycle,4.4,38.9
ORD_006755,7.34,15,4,Clear,Medium,Afternoon,Scooter,5.4,36.9
ORD_006756,8.45,20,2,Clear,Jam,Morning,Motorcycle,1.0,60.8
ORD_006757,5.91,10,3,Clear,Medium,Evening Peak,Motorcycle,4.9,24.2
ORD_006758,3.46,25,3,Clear,Low,Evening Peak,Motorcycle,5.3,31.3
ORD_006759,6.61,15,1,Heavy Storm,Medium,Late Night,Electric Bike,0.7,55.4
ORD_006760,4.4,20,4,Foggy,Medium,Evening Peak,Scooter,6.0,35.2
ORD_006761,16.51,25,2,Rainy,High,Afternoon,Electric Bike,2.2,95.0
ORD_006762,8.17,20,1,Clear,Low,Late Night,Motorcycle,1.7,39.3
ORD_006763,8.01,15,3,Rainy,Low,Morning,Motorcycle,2.8,39.6
ORD_006764,9.6,35,5,Clear,Medium,Evening Peak,Motorcycle,0.5,66.5
ORD_006765,1.56,15,3,Clear,Low,Afternoon,Motorcycle,5.4,18.7
ORD_006766,4.88,30,1,Clear,Medium,Late Night,Scooter,2.0,40.0
ORD_006767,9.3,15,3,Foggy,Low,Evening Peak,Motorcycle,3.4,37.7
ORD_006768,3.7,15,1,Clear,High,Afternoon,Scooter,3.9,26.3
ORD_006769,2.04,10,3,Clear,Jam,Evening Peak,Motorcycle,4.9,16.9
ORD_006770,5.58,10,1,Rainy,High,Late Night,Electric Bike,1.9,41.4
ORD_006771,3.01,15,3,Foggy,Low,Afternoon,Electric Bike,4.4,29.4
ORD_006772,3.23,10,1,Heavy Storm,Medium,Evening Peak,Scooter,1.1,38.2
ORD_006773,4.68,35,4,Clear,Low,Afternoon,Scooter,4.4,50.1
ORD_006774,2.49,25,3,Clear,Low,Late Night,Scooter,5.6,30.0
ORD_006775,4.53,10,2,Windy,Medium,Late Night,Electric Bike,1.0,29.9
ORD_006776,5.97,15,5,Clear,Medium,Morning,Electric Bike,1.1,42.8
ORD_006777,14.45,20,1,Clear,Low,Evening Peak,Motorcycle,3.6,52.2
ORD_006778,3.89,15,4,Clear,Medium,Evening Peak,Scooter,0.8,31.0
ORD_006779,4.74,25,1,Rainy,Medium,Late Night,Scooter,1.5,44.4
ORD_006780,7.18,20,3,Clear,Medium,Evening Peak,Scooter,1.5,41.9
ORD_006781,4.23,20,1,Windy,Medium,Afternoon,Motorcycle,3.1,33.4
ORD_006782,3.57,20,1,Clear,High,Evening Peak,Scooter,1.9,34.0
ORD_006783,9.37,20,4,Clear,Medium,Afternoon,Motorcycle,3.1,47.5
ORD_006784,11.77,15,2,Clear,Medium,Afternoon,Scooter,3.4,50.2
ORD_006785,4.2,15,2,Clear,Low,Evening Peak,Scooter,4.5,22.6
ORD_006786,3.52,10,3,Clear,High,Evening Peak,Motorcycle,5.7,19.5
ORD_006787,3.22,20,4,Rainy,High,Morning,Motorcycle,3.3,37.5
ORD_006788,7.32,15,2,Rainy,Medium,Evening Peak,Electric Bike,2.5,50.1
ORD_006789,10.17,25,2,Windy,Medium,Evening Peak,Motorcycle,1.9,53.3
ORD_006790,6.44,15,2,Clear,High,Afternoon,Scooter,4.0,37.6
ORD_006791,7.47,15,3,Clear,Medium,Morning,Motorcycle,5.7,34.3
ORD_006792,8.98,15,3,Foggy,Medium,Late Night,Motorcycle,4.7,36.6
ORD_006793,11.95,20,5,Clear,Low,Late Night,Motorcycle,1.6,55.4
ORD_006794,6.57,25,1,Windy,Jam,Afternoon,Motorcycle,5.4,54.4
ORD_006795,4.09,25,1,Rainy,Medium,Evening Peak,Motorcycle,4.5,38.6
ORD_006796,7.75,30,3,Clear,Medium,Late Night,Motorcycle,1.2,51.0
ORD_006797,9.56,35,2,Windy,Medium,Evening Peak,Electric Bike,4.4,72.2
ORD_006798,4.45,25,2,Rainy,Medium,Morning,Motorcycle,2.1,48.3
ORD_006799,1.53,15,5,Clear,Medium,Evening Peak,Motorcycle,3.2,19.2
ORD_006800,4.03,15,1,Foggy,Jam,Afternoon,Scooter,2.2,34.3
ORD_006801,2.48,15,3,Foggy,Medium,Evening Peak,Electric Bike,1.0,29.7
ORD_006802,1.19,35,4,Rainy,Jam,Evening Peak,Scooter,4.7,47.7
ORD_006803,4.14,15,1,Rainy,High,Afternoon,Motorcycle,5.1,32.1
ORD_006804,4.93,15,3,Foggy,Jam,Evening Peak,Scooter,1.8,46.8
ORD_006805,6.8,30,4,Windy,Medium,Afternoon,Motorcycle,1.8,51.1
ORD_006806,7.42,15,2,Clear,Low,Evening Peak,Electric Bike,2.9,35.8
ORD_006807,4.3,20,1,Windy,Medium,Afternoon,Scooter,5.0,34.2
ORD_006808,7.05,25,1,Clear,Medium,Late Night,Electric Bike,0.9,51.5
ORD_006809,6.74,25,3,Clear,Low,Morning,Electric Bike,4.9,43.2
ORD_006810,6.68,25,2,Foggy,Low,Afternoon,Motorcycle,5.6,38.4
ORD_006811,3.32,25,2,Windy,Low,Evening Peak,Electric Bike,3.6,38.5
ORD_006812,7.81,20,1,Clear,Medium,Afternoon,Scooter,0.8,44.8
ORD_006813,5.77,15,1,Clear,Jam,Afternoon,Motorcycle,2.0,40.0
ORD_006814,5.0,20,3,Clear,High,Late Night,Scooter,1.1,42.4
ORD_006815,3.49,25,2,Clear,Medium,Evening Peak,Motorcycle,1.9,31.5
ORD_006816,4.23,15,4,Clear,High,Evening Peak,Scooter,5.0,33.3
ORD_006817,8.46,15,3,Clear,Medium,Afternoon,Motorcycle,0.8,40.1
ORD_006818,7.03,15,3,Foggy,Medium,Morning,Motorcycle,2.1,38.5
ORD_006819,3.69,20,4,Clear,Low,Evening Peak,Scooter,3.3,31.6
ORD_006820,5.59,10,4,Clear,Jam,Evening Peak,Scooter,5.3,40.7
ORD_006821,6.85,25,2,Rainy,Medium,Afternoon,Motorcycle,1.9,49.9
ORD_006822,3.84,10,2,Foggy,Medium,Morning,Motorcycle,4.8,21.9
ORD_006823,7.74,10,3,Clear,Medium,Evening Peak,Scooter,3.7,31.8
ORD_006824,1.82,15,2,Clear,High,Evening Peak,Motorcycle,4.2,19.1
ORD_006825,7.7,20,1,Foggy,Low,Evening Peak,Motorcycle,5.2,36.6
ORD_006826,7.42,15,2,Clear,Medium,Morning,Scooter,0.6,42.5
ORD_006827,6.06,15,3,Windy,Low,Afternoon,Motorcycle,3.4,31.0
ORD_006828,4.58,30,2,Clear,Low,Evening Peak,Electric Bike,4.6,44.4
ORD_006829,3.09,25,4,Clear,Medium,Evening Peak,Scooter,5.4,31.5
ORD_006830,5.32,25,3,Rainy,Medium,Afternoon,Motorcycle,1.2,51.0
ORD_006831,6.62,20,6,Clear,High,Evening Peak,Motorcycle,2.4,43.6
ORD_006832,7.83,25,1,Clear,Jam,Afternoon,Motorcycle,0.9,62.8
ORD_006833,3.42,25,2,Foggy,High,Evening Peak,Motorcycle,5.1,38.9
ORD_006834,4.15,30,1,Heavy Storm,Medium,Late Night,Scooter,5.2,53.5
ORD_006835,4.24,10,2,Clear,Medium,Evening Peak,Motorcycle,3.2,23.3
ORD_006836,2.17,10,1,Clear,Medium,Morning,Electric Bike,0.6,19.2
ORD_006837,9.85,15,3,Rainy,Low,Afternoon,Motorcycle,1.1,47.4
ORD_006838,10.37,30,2,Windy,Jam,Evening Peak,Motorcycle,3.9,76.7
ORD_006839,3.23,20,3,Rainy,Jam,Evening Peak,Scooter,5.9,41.2
ORD_006840,12.8,15,1,Windy,Jam,Afternoon,Motorcycle,5.1,69.7
ORD_006841,4.66,20,2,Clear,High,Afternoon,Scooter,4.9,35.2
ORD_006842,7.77,25,5,Clear,Medium,Afternoon,Electric Bike,2.8,55.6
ORD_006843,7.5,30,1,Clear,High,Evening Peak,Motorcycle,5.9,53.6
ORD_006844,1.3,20,4,Foggy,Medium,Late Night,Motorcycle,5.0,27.1
ORD_006845,5.45,25,2,Clear,High,Evening Peak,Motorcycle,2.3,45.0
ORD_006846,3.11,15,1,Foggy,Low,Afternoon,Motorcycle,4.6,23.9
ORD_006847,1.63,15,5,Clear,High,Evening Peak,Scooter,2.9,25.2
ORD_006848,5.88,25,2,Clear,High,Evening Peak,Electric Bike,4.1,52.0
ORD_006849,7.17,25,2,Clear,Low,Morning,Scooter,5.8,38.3
ORD_006850,3.73,20,3,Clear,Medium,Late Night,Electric Bike,1.9,35.4
ORD_006851,5.66,10,2,Windy,High,Evening Peak,Motorcycle,4.9,33.0
ORD_006852,10.12,10,3,Windy,Jam,Late Night,Electric Bike,3.7,77.4
ORD_006853,4.65,10,3,Clear,High,Evening Peak,Scooter,5.7,24.8
ORD_006854,2.44,20,2,Clear,Jam,Evening Peak,Electric Bike,1.2,36.2
ORD_006855,8.21,20,3,Clear,Jam,Afternoon,Electric Bike,4.5,69.1
ORD_006856,4.26,30,1,Foggy,Jam,Late Night,Electric Bike,0.7,60.4
ORD_006857,3.58,20,2,Foggy,Medium,Morning,Motorcycle,1.9,36.4
ORD_006858,4.47,15,2,Clear,Medium,Late Night,Scooter,2.3,25.0
ORD_006859,4.38,15,2,Clear,Medium,Evening Peak,Motorcycle,2.9,24.8
ORD_006860,1.91,25,3,Windy,Low,Afternoon,Motorcycle,5.8,26.6
ORD_006861,6.17,15,1,Windy,Medium,Evening Peak,Motorcycle,0.9,31.0
ORD_006862,6.11,20,1,Windy,Medium,Evening Peak,Electric Bike,1.4,43.3
ORD_006863,4.54,20,4,Clear,High,Evening Peak,Motorcycle,1.6,36.5
ORD_006864,5.85,10,4,Foggy,Medium,Afternoon,Electric Bike,2.8,37.9
ORD_006865,7.43,10,5,Clear,Medium,Morning,Electric Bike,0.8,40.5
ORD_006866,6.06,15,3,Clear,Jam,Late Night,Motorcycle,5.8,42.3
ORD_006867,3.49,15,4,Clear,Medium,Evening Peak,Motorcycle,3.6,24.6
ORD_006868,3.07,20,2,Rainy,Medium,Afternoon,Motorcycle,5.0,33.9
ORD_006869,13.86,20,1,Windy,High,Morning,Scooter,4.7,70.7
ORD_006870,6.15,30,3,Clear,Low,Evening Peak,Motorcycle,4.1,39.2
ORD_006871,4.82,25,2,Rainy,Low,Afternoon,Motorcycle,5.5,37.9
ORD_006872,6.96,15,2,Foggy,High,Morning,Motorcycle,5.5,38.1
ORD_006873,3.75,20,3,Clear,Medium,Evening Peak,Motorcycle,1.2,31.8
ORD_006874,8.25,20,1,Heavy Storm,Medium,Evening Peak,Scooter,5.5,57.9
ORD_006875,4.29,10,3,Clear,Jam,Evening Peak,Motorcycle,3.4,30.6
ORD_006876,1.71,35,4,Clear,Medium,Evening Peak,Motorcycle,2.0,38.7
ORD_006877,4.99,20,3,Foggy,Jam,Late Night,Scooter,3.8,51.2
ORD_006878,2.87,30,2,Foggy,Low,Evening Peak,Motorcycle,2.0,41.0
ORD_006879,4.67,30,2,Clear,Medium,Morning,Motorcycle,3.1,40.5
ORD_006880,4.33,20,2,Foggy,High,Afternoon,Motorcycle,5.0,34.8
ORD_006881,6.5,10,3,Foggy,Low,Evening Peak,Motorcycle,0.7,27.6
ORD_006882,11.36,20,5,Rainy,Medium,Evening Peak,Motorcycle,1.5,61.5
ORD_006883,7.81,20,2,Clear,High,Evening Peak,Electric Bike,5.8,54.1
ORD_006884,6.14,25,4,Windy,High,Afternoon,Electric Bike,2.9,53.1
ORD_006885,5.61,10,1,Clear,Medium,Afternoon,Electric Bike,2.2,27.9
ORD_006886,6.25,15,1,Clear,Medium,Morning,Motorcycle,5.6,29.8
ORD_006887,10.58,30,1,Clear,Medium,Morning,Electric Bike,5.5,67.2
ORD_006888,6.9,35,2,Clear,High,Evening Peak,Motorcycle,0.7,60.1
ORD_006889,1.72,15,2,Clear,Low,Late Night,Scooter,2.5,18.2
ORD_006890,2.95,25,4,Clear,Medium,Morning,Scooter,5.5,36.6
ORD_006891,9.05,10,3,Clear,Low,Late Night,Motorcycle,1.5,30.5
ORD_006892,6.05,25,3,Clear,Medium,Afternoon,Motorcycle,3.7,39.3
ORD_006893,10.46,15,1,Clear,Low,Late Night,Motorcycle,2.3,32.1
ORD_006894,7.54,30,2,Windy,Medium,Morning,Motorcycle,4.6,51.5
ORD_006895,5.51,20,3,Clear,Medium,Morning,Motorcycle,1.4,30.7
ORD_006896,5.45,15,2,Clear,High,Afternoon,Motorcycle,3.8,33.0
ORD_006897,3.72,15,3,Clear,Medium,Evening Peak,Motorcycle,0.5,26.0
ORD_006898,4.61,15,5,Foggy,High,Afternoon,Scooter,1.9,35.0
ORD_006899,2.54,20,4,Windy,Medium,Evening Peak,Motorcycle,1.4,28.5
ORD_006900,3.26,25,1,Clear,High,Afternoon,Electric Bike,1.7,38.8
ORD_006901,2.84,25,4,Heavy Storm,Medium,Morning,Scooter,5.2,48.4
ORD_006902,5.12,25,2,Windy,Jam,Late Night,Motorcycle,5.5,46.2
ORD_006903,3.96,25,2,Clear,Medium,Morning,Motorcycle,4.7,36.9
ORD_006904,2.02,35,2,Rainy,Medium,Evening Peak,Scooter,3.7,48.6
ORD_006905,6.97,25,2,Rainy,Medium,Late Night,Motorcycle,1.8,56.9
ORD_006906,4.17,15,3,Windy,Medium,Morning,Motorcycle,2.0,32.9
ORD_006907,8.1,25,4,Rainy,High,Evening Peak,Electric Bike,2.2,74.8
ORD_006908,6.73,15,3,Clear,Low,Morning,Scooter,4.8,29.6
ORD_006909,14.77,35,2,Rainy,Medium,Evening Peak,Motorcycle,1.9,86.1
ORD_006910,5.14,15,5,Clear,Medium,Evening Peak,Scooter,5.9,34.0
ORD_006911,3.76,15,3,Windy,Medium,Afternoon,Scooter,4.9,27.3
ORD_006912,3.23,15,1,Clear,Medium,Afternoon,Motorcycle,6.0,22.3
ORD_006913,7.36,20,3,Clear,Low,Afternoon,Motorcycle,3.0,34.6
ORD_006914,7.75,10,1,Rainy,Medium,Evening Peak,Motorcycle,3.7,36.3
ORD_006915,5.19,30,3,Clear,Low,Late Night,Electric Bike,2.0,46.2
ORD_006916,5.98,15,5,Rainy,High,Afternoon,Motorcycle,3.8,47.5
ORD_006917,9.19,15,3,Clear,Medium,Morning,Scooter,5.9,39.0
ORD_006918,7.55,10,2,Foggy,Medium,Morning,Motorcycle,0.7,38.4
ORD_006919,6.16,15,8,Clear,Low,Evening Peak,Motorcycle,2.1,32.4
ORD_006920,2.6,15,4,Windy,Low,Evening Peak,Scooter,2.0,23.4
ORD_006921,3.31,15,2,Foggy,Low,Afternoon,Scooter,5.9,23.0
ORD_006922,4.25,15,1,Windy,High,Morning,Motorcycle,1.2,27.8
ORD_006923,4.4,10,6,Clear,Medium,Late Night,Scooter,5.0,25.4
ORD_006924,3.49,15,1,Clear,Medium,Late Night,Scooter,2.0,26.7
ORD_006925,3.26,25,3,Clear,High,Afternoon,Motorcycle,5.2,36.6
ORD_006926,4.49,15,8,Rainy,Low,Evening Peak,Motorcycle,3.2,38.2
ORD_006927,5.65,15,2,Windy,Medium,Late Night,Motorcycle,1.8,34.2
ORD_006928,6.81,15,5,Clear,High,Evening Peak,Motorcycle,4.4,38.7
ORD_006929,1.93,20,2,Clear,Low,Evening Peak,Electric Bike,5.1,23.1
ORD_006930,3.98,15,2,Clear,Low,Evening Peak,Motorcycle,3.1,22.1
ORD_006931,2.05,20,1,Windy,Medium,Late Night,Scooter,4.4,25.6
ORD_006932,5.16,35,3,Clear,Jam,Morning,Motorcycle,1.5,60.0
ORD_006933,5.11,10,3,Clear,Medium,Morning,Motorcycle,5.7,24.0
ORD_006934,4.88,15,3,Clear,Low,Evening Peak,Motorcycle,1.0,28.3
ORD_006935,4.48,15,3,Windy,Jam,Morning,Motorcycle,1.7,34.4
ORD_006936,4.02,15,3,Windy,Medium,Morning,Motorcycle,2.1,27.7
ORD_006937,4.89,10,2,Clear,Low,Afternoon,Motorcycle,1.3,19.2
ORD_006938,6.9,15,2,Clear,Medium,Morning,Motorcycle,2.7,32.8
ORD_006939,4.18,30,3,Clear,Medium,Late Night,Scooter,3.0,43.6
ORD_006940,2.68,10,4,Clear,Low,Afternoon,Scooter,3.4,14.9
ORD_006941,5.97,15,1,Windy,High,Evening Peak,Motorcycle,0.7,37.1
ORD_006942,7.77,25,8,Clear,Medium,Morning,Motorcycle,1.7,49.8
ORD_006943,2.61,15,6,Clear,High,Evening Peak,Motorcycle,4.9,25.3
ORD_006944,2.4,10,2,Windy,Medium,Evening Peak,Electric Bike,5.0,18.5
ORD_006945,2.57,20,2,Rainy,Medium,Late Night,Scooter,2.3,31.4
ORD_006946,4.85,10,3,Clear,Jam,Evening Peak,Scooter,3.0,29.4
ORD_006947,11.83,25,4,Clear,Low,Afternoon,Motorcycle,1.5,50.5
ORD_006948,10.8,10,1,Clear,Low,Afternoon,Motorcycle,5.0,30.3
ORD_006949,5.98,20,2,Clear,Jam,Morning,Motorcycle,5.8,44.2
ORD_006950,2.53,20,3,Windy,Low,Afternoon,Scooter,2.1,30.7
ORD_006951,10.73,15,1,Windy,High,Evening Peak,Scooter,4.8,56.4
ORD_006952,11.05,10,4,Clear,High,Evening Peak,Electric Bike,2.4,58.4
ORD_006953,3.19,15,4,Clear,Medium,Late Night,Scooter,0.5,25.1
ORD_006954,5.19,25,1,Clear,High,Afternoon,Motorcycle,3.8,42.0
ORD_006955,7.75,20,2,Clear,Low,Afternoon,Scooter,2.8,40.5
ORD_006956,9.96,15,2,Foggy,High,Evening Peak,Scooter,4.7,58.1
ORD_006957,4.78,20,3,Clear,High,Late Night,Motorcycle,4.6,34.5
ORD_006958,8.18,20,2,Foggy,Low,Afternoon,Motorcycle,5.7,34.6
ORD_006959,6.3,35,1,Clear,Medium,Evening Peak,Scooter,2.9,49.4
ORD_006960,6.11,15,1,Foggy,Jam,Evening Peak,Motorcycle,3.2,44.6
ORD_006961,5.81,25,4,Windy,Jam,Morning,Scooter,2.7,54.3
ORD_006962,12.14,15,3,Clear,Jam,Evening Peak,Electric Bike,2.1,89.9
ORD_006963,5.36,25,1,Clear,High,Morning,Motorcycle,4.0,39.6
ORD_006964,6.74,10,1,Windy,Low,Evening Peak,Scooter,5.1,21.7
ORD_006965,12.18,15,4,Clear,Medium,Afternoon,Motorcycle,1.4,50.0
ORD_006966,7.0,25,2,Rainy,High,Evening Peak,Scooter,5.9,60.9
ORD_006967,3.86,25,2,Clear,Medium,Evening Peak,Scooter,4.3,36.8
ORD_006968,5.05,15,5,Foggy,High,Evening Peak,Motorcycle,4.8,37.7
ORD_006969,3.35,20,4,Clear,High,Evening Peak,Electric Bike,6.0,37.4
ORD_006970,5.0,15,2,Clear,High,Evening Peak,Motorcycle,3.3,35.4
ORD_006971,4.78,10,3,Clear,Medium,Morning,Motorcycle,0.9,25.2
ORD_006972,4.22,10,2,Clear,High,Evening Peak,Motorcycle,4.8,24.7
ORD_006973,5.81,10,2,Foggy,Low,Late Night,Electric Bike,5.3,30.6
ORD_006974,2.13,20,1,Rainy,Medium,Evening Peak,Scooter,1.4,34.7
ORD_006975,13.66,15,3,Rainy,High,Afternoon,Motorcycle,0.6,66.8
ORD_006976,4.84,10,4,Clear,High,Afternoon,Electric Bike,1.2,38.9
ORD_006977,5.2,30,3,Foggy,Medium,Evening Peak,Motorcycle,2.3,47.8
ORD_006978,10.63,10,6,Clear,Jam,Morning,Scooter,5.6,61.2
ORD_006979,6.95,20,1,Clear,Medium,Late Night,Electric Bike,0.5,47.9
ORD_006980,4.16,25,6,Clear,High,Morning,Scooter,4.9,42.8
ORD_006981,4.48,15,4,Clear,High,Evening Peak,Motorcycle,5.2,27.6
ORD_006982,9.01,15,1,Foggy,Medium,Evening Peak,Electric Bike,5.0,48.6
ORD_006983,9.7,20,1,Foggy,Medium,Evening Peak,Motorcycle,1.0,46.0
ORD_006984,3.92,20,1,Clear,Low,Evening Peak,Electric Bike,4.2,32.2
ORD_006985,10.49,20,1,Clear,Low,Afternoon,Electric Bike,5.7,50.1
ORD_006986,2.23,20,4,Clear,Low,Evening Peak,Motorcycle,1.2,29.3
ORD_006987,11.27,30,2,Windy,Medium,Late Night,Motorcycle,0.7,63.6
ORD_006988,6.36,10,3,Clear,Medium,Morning,Scooter,5.3,28.4
ORD_006989,10.42,25,2,Windy,High,Morning,Motorcycle,4.0,63.2
ORD_006990,7.35,15,3,Rainy,Low,Afternoon,Scooter,4.1,39.8
ORD_006991,4.06,15,2,Clear,High,Evening Peak,Motorcycle,5.8,25.2
ORD_006992,4.97,10,4,Windy,High,Afternoon,Motorcycle,4.7,31.3
ORD_006993,4.14,15,3,Rainy,Medium,Evening Peak,Scooter,2.7,33.7
ORD_006994,3.52,25,2,Clear,Medium,Evening Peak,Motorcycle,2.9,33.9
ORD_006995,6.79,10,2,Clear,Medium,Afternoon,Motorcycle,1.3,27.1
ORD_006996,1.9,15,2,Clear,High,Evening Peak,Scooter,2.2,19.3
ORD_006997,4.81,15,3,Foggy,Medium,Morning,Motorcycle,2.9,31.5
ORD_006998,5.53,10,2,Foggy,Medium,Morning,Motorcycle,1.9,32.2
ORD_006999,1.94,25,3,Foggy,Jam,Morning,Scooter,5.5,43.2
ORD_007000,6.27,25,8,Foggy,Jam,Evening Peak,Scooter,0.6,61.3
ORD_007001,7.33,25,2,Rainy,Low,Evening Peak,Scooter,3.7,48.2
ORD_007002,6.75,20,2,Foggy,High,Evening Peak,Motorcycle,4.7,43.9
ORD_007003,6.7,20,2,Rainy,Medium,Afternoon,Scooter,4.5,47.5
ORD_007004,5.61,15,1,Windy,Medium,Evening Peak,Motorcycle,4.0,30.1
ORD_007005,3.0,20,5,Windy,Medium,Afternoon,Motorcycle,2.8,32.4
ORD_007006,1.18,15,3,Heavy Storm,Medium,Evening Peak,Motorcycle,5.6,32.5
ORD_007007,4.73,35,3,Rainy,Medium,Evening Peak,Scooter,2.3,55.5
ORD_007008,4.05,30,1,Foggy,Medium,Morning,Motorcycle,4.6,44.2
ORD_007009,5.53,30,4,Windy,High,Evening Peak,Motorcycle,5.6,49.1
ORD_007010,3.42,15,1,Clear,Medium,Afternoon,Scooter,1.2,28.9
ORD_007011,9.29,15,1,Clear,Medium,Late Night,Scooter,5.7,38.7
ORD_007012,2.2,25,1,Clear,High,Late Night,Motorcycle,4.8,30.4
ORD_007013,3.77,20,1,Clear,Jam,Evening Peak,Scooter,3.9,34.8
ORD_007014,4.61,20,3,Clear,Medium,Morning,Scooter,2.6,31.8
ORD_007015,6.8,15,1,Foggy,Medium,Afternoon,Motorcycle,5.5,32.7
ORD_007016,6.82,25,3,Rainy,High,Afternoon,Electric Bike,0.7,66.8
ORD_007017,8.53,20,3,Clear,Low,Evening Peak,Electric Bike,2.9,46.6
ORD_007018,7.87,15,2,Clear,Medium,Morning,Scooter,4.7,39.1
ORD_007019,4.78,25,3,Rainy,Low,Late Night,Motorcycle,5.0,42.0
ORD_007020,8.22,15,2,Windy,High,Evening Peak,Electric Bike,1.6,59.0
ORD_007021,4.81,20,3,Windy,High,Evening Peak,Motorcycle,0.8,37.1
ORD_007022,2.12,15,8,Windy,Low,Evening Peak,Scooter,4.9,25.3
ORD_007023,2.24,20,2,Clear,High,Evening Peak,Scooter,2.8,32.1
ORD_007024,4.54,10,3,Clear,Low,Afternoon,Motorcycle,1.3,21.9
ORD_007025,2.87,15,6,Rainy,Low,Evening Peak,Scooter,1.0,34.0
ORD_007026,4.98,20,1,Foggy,High,Afternoon,Scooter,4.0,45.4
ORD_007027,8.0,15,2,Clear,Low,Late Night,Scooter,3.7,29.8
ORD_007028,4.29,25,1,Clear,High,Late Night,Motorcycle,5.2,41.1
ORD_007029,1.75,15,3,Windy,Medium,Evening Peak,Motorcycle,0.7,24.9
ORD_007030,7.04,25,1,Clear,Low,Evening Peak,Motorcycle,5.3,36.3
ORD_007031,4.05,15,2,Clear,High,Evening Peak,Motorcycle,5.4,29.6
ORD_007032,4.61,20,2,Clear,Low,Evening Peak,Scooter,3.0,29.0
ORD_007033,15.87,10,1,Clear,Medium,Late Night,Motorcycle,0.9,54.7
ORD_007034,8.53,15,2,Windy,Jam,Late Night,Motorcycle,5.7,50.1
ORD_007035,9.68,25,2,Rainy,High,Evening Peak,Scooter,0.9,65.8
ORD_007036,4.36,10,2,Clear,High,Morning,Motorcycle,3.7,23.7
ORD_007037,13.92,30,8,Clear,Medium,Afternoon,Motorcycle,3.2,71.8
ORD_007038,3.19,15,8,Clear,High,Afternoon,Motorcycle,5.1,26.9
ORD_007039,2.14,30,1,Rainy,High,Evening Peak,Scooter,3.3,40.8
ORD_007040,15.32,20,3,Clear,Jam,Late Night,Motorcycle,3.1,86.2
ORD_007041,1.76,20,4,Clear,Medium,Evening Peak,Motorcycle,5.3,18.7
ORD_007042,4.06,10,2,Rainy,High,Evening Peak,Motorcycle,5.8,31.5
ORD_007043,7.1,15,3,Clear,Low,Morning,Electric Bike,3.5,35.6
ORD_007044,4.39,15,2,Clear,Low,Morning,Motorcycle,3.0,26.5
ORD_007045,3.63,20,3,Rainy,Medium,Late Night,Scooter,5.1,33.1
ORD_007046,5.36,20,2,Clear,High,Afternoon,Electric Bike,5.1,39.3
ORD_007047,5.18,20,2,Clear,Low,Evening Peak,Motorcycle,2.3,26.1
ORD_007048,5.72,25,1,Windy,Low,Evening Peak,Motorcycle,3.7,37.4
ORD_007049,10.19,15,2,Heavy Storm,Medium,Afternoon,Electric Bike,1.3,68.8
ORD_007050,7.33,15,4,Heavy Storm,Low,Evening Peak,Motorcycle,4.0,44.4
ORD_007051,4.7,15,5,Foggy,Medium,Late Night,Motorcycle,5.1,29.9
ORD_007052,6.14,25,4,Clear,Jam,Afternoon,Scooter,1.5,58.3
ORD_007053,1.02,10,2,Rainy,High,Afternoon,Scooter,2.3,20.3
ORD_007054,4.88,20,4,Clear,Medium,Afternoon,Electric Bike,3.0,40.1
ORD_007055,6.42,10,1,Windy,Medium,Evening Peak,Motorcycle,5.1,23.5
ORD_007056,3.42,15,4,Clear,Jam,Evening Peak,Electric Bike,4.5,36.6
ORD_007057,4.14,20,2,Windy,High,Evening Peak,Electric Bike,2.2,42.3
ORD_007058,8.56,15,3,Clear,Medium,Afternoon,Motorcycle,1.8,39.6
ORD_007059,2.85,15,3,Foggy,Medium,Afternoon,Motorcycle,4.3,26.0
ORD_007060,8.69,20,1,Clear,High,Evening Peak,Electric Bike,3.1,58.6
ORD_007061,12.21,15,2,Clear,High,Late Night,Electric Bike,3.8,70.8
ORD_007062,4.2,15,3,Foggy,Medium,Evening Peak,Motorcycle,4.1,31.6
ORD_007063,2.87,20,3,Clear,High,Afternoon,Motorcycle,3.6,30.4
ORD_007064,3.52,20,4,Foggy,Low,Evening Peak,Scooter,3.9,32.0
ORD_007065,11.73,10,3,Rainy,Jam,Evening Peak,Motorcycle,5.4,67.5
ORD_007066,2.78,20,2,Clear,Jam,Late Night,Motorcycle,5.3,31.9
ORD_007067,2.88,20,3,Clear,Medium,Afternoon,Motorcycle,1.3,28.6
ORD_007068,1.75,10,6,Rainy,Jam,Evening Peak,Motorcycle,3.7,30.8
ORD_007069,4.09,20,3,Foggy,High,Evening Peak,Motorcycle,2.9,37.6
ORD_007070,5.82,20,2,Heavy Storm,Jam,Evening Peak,Scooter,2.1,61.7
ORD_007071,10.85,15,4,Rainy,Jam,Morning,Scooter,4.0,79.4
ORD_007072,4.3,20,2,Clear,Low,Evening Peak,Scooter,3.3,31.8
ORD_007073,6.98,20,1,Clear,Medium,Evening Peak,Motorcycle,4.8,36.3
ORD_007074,3.56,30,1,Clear,Medium,Evening Peak,Scooter,1.0,41.5
ORD_007075,2.59,20,2,Clear,Low,Afternoon,Scooter,2.2,29.4
ORD_007076,10.02,15,3,Clear,Medium,Afternoon,Scooter,0.6,47.5
ORD_007077,5.73,10,3,Rainy,Medium,Afternoon,Scooter,4.6,33.4
ORD_007078,7.31,25,2,Clear,Medium,Evening Peak,Motorcycle,5.5,44.3
ORD_007079,5.63,25,2,Clear,Medium,Evening Peak,Electric Bike,3.7,45.6
ORD_007080,2.09,15,3,Foggy,Low,Afternoon,Scooter,3.9,22.4
ORD_007081,8.53,10,6,Clear,Low,Late Night,Scooter,0.8,35.2
ORD_007082,3.44,20,2,Clear,Medium,Late Night,Motorcycle,3.3,27.2
ORD_007083,6.77,20,3,Clear,High,Afternoon,Scooter,3.4,47.6
ORD_007084,2.67,15,4,Windy,Jam,Afternoon,Motorcycle,0.7,31.1
ORD_007085,2.78,20,2,Foggy,Medium,Evening Peak,Motorcycle,4.8,25.3
ORD_007086,3.6,15,2,Clear,High,Evening Peak,Scooter,2.0,28.9
ORD_007087,3.1,15,4,Windy,High,Late Night,Scooter,4.5,29.6
ORD_007088,2.53,15,6,Clear,Medium,Late Night,Motorcycle,2.7,28.2
ORD_007089,15.09,20,3,Clear,High,Late Night,Scooter,6.0,72.5
ORD_007090,5.24,25,3,Clear,Jam,Evening Peak,Scooter,1.7,52.8
ORD_007091,1.96,15,2,Clear,Low,Afternoon,Scooter,0.8,18.6
ORD_007092,2.6,15,3,Clear,Low,Evening Peak,Electric Bike,5.9,19.7
ORD_007093,3.21,25,6,Windy,Medium,Evening Peak,Electric Bike,1.8,36.8
ORD_007094,3.91,10,2,Clear,Medium,Morning,Scooter,4.0,19.6
ORD_007095,7.61,25,2,Clear,Medium,Evening Peak,Motorcycle,2.6,44.8
ORD_007096,5.82,25,6,Rainy,Jam,Late Night,Motorcycle,4.0,62.4
ORD_007097,5.16,15,2,Clear,High,Afternoon,Electric Bike,3.8,42.1
ORD_007098,2.18,15,1,Foggy,Medium,Evening Peak,Motorcycle,4.4,21.3
ORD_007099,6.9,25,4,Foggy,High,Late Night,Scooter,0.6,57.4
ORD_007100,2.11,20,1,Clear,High,Morning,Motorcycle,5.1,23.1
ORD_007101,4.6,10,2,Clear,Medium,Late Night,Motorcycle,3.1,24.4
ORD_007102,6.05,25,3,Clear,Low,Evening Peak,Motorcycle,3.4,38.3
ORD_007103,6.17,15,4,Windy,High,Evening Peak,Scooter,2.8,42.1
ORD_007104,5.6,15,1,Clear,Low,Evening Peak,Motorcycle,5.9,26.1
ORD_007105,5.74,20,3,Clear,Medium,Afternoon,Electric Bike,4.9,44.5
ORD_007106,5.48,20,4,Foggy,Low,Evening Peak,Scooter,2.2,34.2
ORD_007107,2.36,15,3,Clear,Jam,Evening Peak,Scooter,4.8,24.8
ORD_007108,2.3,10,2,Heavy Storm,Low,Afternoon,Scooter,2.9,30.0
ORD_007109,8.06,20,3,Windy,Low,Afternoon,Scooter,5.3,37.9
ORD_007110,8.12,20,5,Clear,High,Late Night,Electric Bike,0.7,62.5
ORD_007111,2.76,25,5,Clear,Low,Evening Peak,Motorcycle,2.5,31.5
ORD_007112,5.65,15,3,Foggy,Low,Evening Peak,Scooter,2.9,33.0
ORD_007113,6.31,20,2,Clear,Low,Late Night,Motorcycle,4.6,34.7
ORD_007114,5.17,10,2,Foggy,Medium,Evening Peak,Electric Bike,1.5,30.3
ORD_007115,8.71,25,2,Clear,Low,Afternoon,Motorcycle,2.1,46.1
ORD_007116,3.98,15,1,Rainy,Medium,Morning,Motorcycle,4.5,26.7
ORD_007117,4.19,20,2,Windy,High,Evening Peak,Motorcycle,0.9,38.0
ORD_007118,8.77,30,2,Clear,Low,Afternoon,Electric Bike,1.6,57.4
ORD_007119,2.4,25,1,Rainy,High,Afternoon,Motorcycle,4.6,35.9
ORD_007120,7.88,20,2,Clear,High,Evening Peak,Motorcycle,5.3,46.5
ORD_007121,11.11,20,2,Clear,High,Late Night,Scooter,4.5,56.9
ORD_007122,6.81,30,8,Foggy,Medium,Evening Peak,Scooter,3.4,60.2
ORD_007123,4.95,25,2,Rainy,Medium,Morning,Motorcycle,1.0,45.6
ORD_007124,2.45,20,3,Clear,High,Afternoon,Scooter,5.0,26.2
ORD_007125,5.64,20,5,Rainy,Low,Evening Peak,Motorcycle,1.2,43.7
ORD_007126,3.37,10,3,Clear,High,Evening Peak,Scooter,2.6,22.6
ORD_007127,4.36,15,4,Clear,Low,Evening Peak,Motorcycle,0.8,25.2
ORD_007128,6.26,15,5,Clear,Medium,Late Night,Motorcycle,4.4,33.6
ORD_007129,3.12,15,4,Windy,High,Evening Peak,Motorcycle,3.3,28.5
ORD_007130,2.66,20,4,Clear,Medium,Morning,Motorcycle,5.5,28.7
ORD_007131,3.78,10,5,Clear,Medium,Late Night,Motorcycle,1.3,20.0
ORD_007132,10.43,10,2,Heavy Storm,Low,Evening Peak,Electric Bike,5.0,53.7
ORD_007133,6.33,15,1,Clear,High,Evening Peak,Electric Bike,3.3,46.5
ORD_007134,3.34,15,4,Clear,Low,Evening Peak,Motorcycle,2.5,27.0
ORD_007135,3.54,15,4,Windy,Jam,Afternoon,Electric Bike,4.0,41.4
ORD_007136,9.4,30,3,Clear,Medium,Evening Peak,Electric Bike,4.8,64.0
ORD_007137,2.29,20,3,Clear,High,Late Night,Motorcycle,2.9,32.1
ORD_007138,10.31,15,5,Windy,Jam,Evening Peak,Scooter,1.8,67.4
ORD_007139,3.05,15,2,Windy,Low,Afternoon,Motorcycle,5.5,20.9
ORD_007140,10.08,20,2,Rainy,Low,Evening Peak,Scooter,2.2,51.8
ORD_007141,8.03,20,5,Clear,High,Morning,Motorcycle,6.0,46.2
ORD_007142,2.85,15,2,Rainy,High,Morning,Electric Bike,4.7,34.4
ORD_007143,7.36,15,4,Windy,Low,Morning,Scooter,4.3,35.4
ORD_007144,2.01,10,4,Windy,High,Evening Peak,Motorcycle,0.6,21.0
ORD_007145,8.9,15,2,Clear,High,Evening Peak,Motorcycle,3.0,44.5
ORD_007146,2.81,15,8,Windy,Medium,Late Night,Motorcycle,3.3,29.9
ORD_007147,8.92,25,4,Windy,Jam,Evening Peak,Motorcycle,2.6,68.1
ORD_007148,2.36,25,3,Foggy,Medium,Afternoon,Motorcycle,1.3,37.5
ORD_007149,2.92,15,2,Foggy,Medium,Late Night,Motorcycle,2.5,24.0
ORD_007150,11.75,25,1,Clear,Low,Morning,Electric Bike,0.9,62.8
ORD_007151,6.7,35,2,Windy,Jam,Morning,Electric Bike,2.1,81.2
ORD_007152,3.07,20,1,Foggy,Low,Afternoon,Motorcycle,1.0,29.6
ORD_007153,5.96,20,4,Clear,Medium,Morning,Motorcycle,4.6,37.6
ORD_007154,5.88,30,3,Clear,High,Afternoon,Motorcycle,4.2,50.5
ORD_007155,4.5,15,2,Rainy,Low,Afternoon,Scooter,5.7,31.1
ORD_007156,5.85,10,2,Heavy Storm,Medium,Evening Peak,Motorcycle,2.6,39.9
ORD_007157,9.46,35,2,Clear,Low,Evening Peak,Scooter,4.8,58.1
ORD_007158,7.9,15,2,Heavy Storm,Low,Afternoon,Motorcycle,3.7,45.6
ORD_007159,6.87,25,2,Clear,Medium,Late Night,Motorcycle,4.1,38.5
ORD_007160,3.03,25,1,Clear,Medium,Evening Peak,Motorcycle,3.5,34.7
ORD_007161,2.35,15,1,Windy,High,Late Night,Scooter,4.8,21.2
ORD_007162,4.93,20,2,Rainy,Medium,Evening Peak,Scooter,0.7,40.3
ORD_007163,8.0,20,3,Windy,Medium,Morning,Motorcycle,0.9,45.6
ORD_007164,1.6,15,3,Clear,Medium,Evening Peak,Electric Bike,1.0,23.7
ORD_007165,3.91,10,3,Clear,Low,Evening Peak,Motorcycle,2.1,19.0
ORD_007166,6.62,20,2,Foggy,Low,Late Night,Motorcycle,3.8,36.4
ORD_007167,10.2,10,6,Rainy,High,Evening Peak,Scooter,4.1,59.7
ORD_007168,1.27,15,3,Clear,High,Late Night,Scooter,4.4,19.1
ORD_007169,4.91,15,2,Clear,Low,Evening Peak,Motorcycle,2.0,28.2
ORD_007170,3.76,20,2,Heavy Storm,Medium,Afternoon,Scooter,4.1,47.2
ORD_007171,5.17,25,2,Clear,High,Evening Peak,Electric Bike,1.1,49.7
ORD_007172,6.88,20,2,Clear,Jam,Evening Peak,Motorcycle,0.6,47.5
ORD_007173,1.91,15,4,Rainy,High,Evening Peak,Electric Bike,4.3,35.1
ORD_007174,2.95,35,2,Clear,Medium,Morning,Electric Bike,4.4,45.8
ORD_007175,3.15,10,3,Clear,High,Afternoon,Scooter,3.9,21.4
ORD_007176,4.18,15,2,Clear,Medium,Evening Peak,Scooter,1.9,27.6
ORD_007177,9.15,15,2,Clear,High,Evening Peak,Scooter,5.6,46.9
ORD_007178,2.81,15,5,Foggy,High,Morning,Electric Bike,5.3,30.5
ORD_007179,3.47,15,1,Foggy,Medium,Evening Peak,Scooter,3.3,30.2
ORD_007180,2.31,15,2,Clear,High,Morning,Scooter,5.9,24.9
ORD_007181,4.2,15,2,Foggy,Low,Morning,Scooter,2.1,25.7
ORD_007182,4.43,20,2,Clear,Low,Late Night,Motorcycle,3.2,27.4
ORD_007183,4.63,15,2,Foggy,High,Afternoon,Motorcycle,5.6,34.5
ORD_007184,16.35,20,8,Clear,Medium,Morning,Electric Bike,3.0,85.4
ORD_007185,7.96,20,3,Clear,Medium,Morning,Motorcycle,3.1,44.4
ORD_007186,5.03,15,2,Rainy,Medium,Late Night,Scooter,0.9,40.2
ORD_007187,6.82,25,2,Clear,Jam,Afternoon,Scooter,1.7,62.2
ORD_007188,3.66,15,3,Clear,High,Evening Peak,Motorcycle,1.4,29.2
ORD_007189,14.53,15,3,Clear,Medium,Afternoon,Motorcycle,3.6,55.6
ORD_007190,8.17,15,3,Clear,Medium,Afternoon,Scooter,2.3,41.2
ORD_007191,7.55,25,1,Clear,Medium,Late Night,Scooter,0.9,50.3
ORD_007192,10.39,20,1,Clear,High,Late Night,Scooter,3.3,57.8
ORD_007193,12.53,20,2,Rainy,High,Late Night,Motorcycle,4.2,69.7
ORD_007194,2.85,15,3,Foggy,Low,Morning,Scooter,4.6,22.4
ORD_007195,9.7,15,1,Clear,Medium,Morning,Motorcycle,5.1,41.2
ORD_007196,6.53,20,4,Clear,Low,Late Night,Electric Bike,3.2,41.1
ORD_007197,6.02,25,4,Clear,Medium,Morning,Motorcycle,2.6,42.8
ORD_007198,11.65,20,2,Clear,Low,Evening Peak,Scooter,4.3,48.8
ORD_007199,2.99,15,2,Clear,High,Evening Peak,Scooter,0.6,27.0
ORD_007200,5.08,10,1,Rainy,High,Evening Peak,Motorcycle,4.0,34.4
ORD_007201,4.7,15,1,Clear,High,Morning,Scooter,2.7,29.0
ORD_007202,6.48,20,2,Clear,Jam,Afternoon,Motorcycle,3.0,47.7
ORD_007203,6.65,15,2,Clear,Jam,Evening Peak,Motorcycle,2.1,43.6
ORD_007204,9.48,15,4,Foggy,Low,Morning,Motorcycle,1.2,39.7
ORD_007205,5.33,20,2,Foggy,Medium,Late Night,Motorcycle,2.7,39.1
ORD_007206,12.19,15,3,Heavy Storm,Medium,Evening Peak,Scooter,2.2,63.7
ORD_007207,6.89,20,2,Clear,High,Morning,Electric Bike,5.8,47.3
ORD_007208,2.82,20,3,Clear,Low,Evening Peak,Scooter,5.7,24.1
ORD_007209,3.71,15,4,Clear,Jam,Afternoon,Scooter,4.0,34.3
ORD_007210,7.53,25,1,Clear,Medium,Afternoon,Motorcycle,5.5,44.4
ORD_007211,6.63,20,2,Foggy,Medium,Afternoon,Motorcycle,4.6,41.3
ORD_007212,6.42,15,3,Clear,Jam,Evening Peak,Scooter,2.4,49.8
ORD_007213,13.21,25,2,Foggy,High,Late Night,Motorcycle,3.8,70.6
ORD_007214,8.93,20,1,Clear,Medium,Evening Peak,Scooter,1.7,44.6
ORD_007215,4.13,25,6,Foggy,Medium,Afternoon,Scooter,4.3,42.6
ORD_007216,4.77,20,2,Foggy,High,Evening Peak,Motorcycle,0.7,41.0
ORD_007217,4.01,15,4,Rainy,High,Evening Peak,Scooter,5.1,34.8
ORD_007218,3.17,15,2,Clear,High,Afternoon,Electric Bike,3.7,22.9
ORD_007219,13.74,20,2,Clear,Low,Afternoon,Scooter,0.8,48.8
ORD_007220,6.6,10,4,Foggy,Low,Morning,Motorcycle,5.3,28.2
ORD_007221,2.57,25,1,Clear,Low,Morning,Scooter,5.3,30.7
ORD_007222,11.53,15,3,Clear,Medium,Evening Peak,Scooter,5.2,46.2
ORD_007223,3.43,20,1,Rainy,Low,Evening Peak,Scooter,4.8,32.9
ORD_007224,5.96,15,2,Clear,High,Morning,Scooter,4.2,39.8
ORD_007225,5.47,20,2,Windy,Medium,Afternoon,Motorcycle,2.7,38.1
ORD_007226,2.14,20,2,Rainy,High,Morning,Motorcycle,1.2,34.6
ORD_007227,1.65,20,2,Clear,Jam,Evening Peak,Motorcycle,2.1,28.0
ORD_007228,8.02,15,3,Windy,Medium,Late Night,Scooter,2.4,42.2
ORD_007229,10.05,10,2,Windy,Medium,Late Night,Scooter,2.5,42.0
ORD_007230,6.17,25,3,Rainy,Low,Late Night,Motorcycle,3.6,42.0
ORD_007231,18.78,25,3,Clear,Medium,Late Night,Scooter,1.6,82.2
ORD_007232,3.59,15,2,Clear,Medium,Evening Peak,Scooter,1.5,25.7
ORD_007233,1.86,15,1,Clear,Low,Afternoon,Scooter,4.4,18.0
ORD_007234,6.72,15,2,Clear,Medium,Evening Peak,Scooter,0.5,37.2
ORD_007235,2.95,30,3,Clear,Medium,Evening Peak,Motorcycle,1.3,38.2
ORD_007236,5.06,15,2,Clear,Jam,Morning,Motorcycle,2.9,38.9
ORD_007237,9.03,15,2,Clear,Medium,Morning,Motorcycle,1.3,41.2
ORD_007238,3.83,15,5,Rainy,Low,Morning,Motorcycle,5.8,31.7
ORD_007239,5.06,20,6,Clear,Medium,Evening Peak,Electric Bike,4.2,38.6
ORD_007240,9.79,25,2,Clear,Medium,Afternoon,Scooter,2.9,57.7
ORD_007241,4.7,15,3,Clear,Medium,Late Night,Electric Bike,1.1,31.6
ORD_007242,6.72,10,1,Clear,Medium,Morning,Scooter,2.6,32.5
ORD_007243,7.19,20,5,Heavy Storm,High,Afternoon,Motorcycle,4.1,60.1
ORD_007244,4.72,15,2,Heavy Storm,Medium,Late Night,Electric Bike,5.8,47.1
ORD_007245,4.81,10,3,Rainy,Medium,Late Night,Scooter,3.1,31.2
ORD_007246,5.18,25,3,Clear,High,Evening Peak,Electric Bike,4.3,45.3
ORD_007247,3.6,25,2,Foggy,Medium,Late Night,Electric Bike,1.6,41.1
ORD_007248,6.53,35,1,Rainy,Low,Morning,Motorcycle,3.9,54.3
ORD_007249,3.64,15,3,Clear,Jam,Evening Peak,Scooter,1.8,35.2
ORD_007250,3.92,15,1,Windy,Low,Evening Peak,Scooter,1.6,27.9
ORD_007251,2.98,25,6,Heavy Storm,High,Evening Peak,Electric Bike,3.3,50.7
ORD_007252,10.23,15,2,Clear,High,Afternoon,Motorcycle,1.7,49.5
ORD_007253,2.37,15,2,Windy,Medium,Evening Peak,Motorcycle,4.5,24.9
ORD_007254,13.39,15,2,Windy,Low,Afternoon,Scooter,5.7,52.5
ORD_007255,4.9,30,1,Clear,Medium,Evening Peak,Motorcycle,2.7,47.0
ORD_007256,4.14,20,3,Clear,Medium,Afternoon,Motorcycle,2.3,36.0
ORD_007257,2.98,10,8,Clear,Jam,Afternoon,Scooter,1.5,29.5
ORD_007258,3.15,10,2,Clear,Low,Afternoon,Motorcycle,2.6,17.5
ORD_007259,3.63,25,3,Clear,High,Afternoon,Motorcycle,3.6,39.4
ORD_007260,21.66,25,2,Foggy,High,Afternoon,Motorcycle,2.6,95.0
ORD_007261,3.63,20,2,Windy,Medium,Late Night,Scooter,3.9,30.6
ORD_007262,6.81,15,2,Heavy Storm,Medium,Evening Peak,Motorcycle,4.1,45.6
ORD_007263,4.57,15,4,Clear,High,Evening Peak,Motorcycle,1.0,30.6
ORD_007264,14.02,20,3,Clear,Medium,Evening Peak,Motorcycle,4.3,58.3
ORD_007265,5.9,30,4,Clear,High,Afternoon,Scooter,5.5,53.3
ORD_007266,2.6,15,1,Clear,Low,Morning,Motorcycle,0.6,20.7
ORD_007267,3.98,20,2,Clear,Medium,Morning,Motorcycle,3.5,30.8
ORD_007268,17.02,15,2,Clear,Low,Evening Peak,Scooter,3.8,57.6
ORD_007269,8.18,15,1,Windy,High,Morning,Motorcycle,4.4,43.5
ORD_007270,5.09,15,4,Clear,High,Afternoon,Scooter,2.6,31.0
ORD_007271,3.05,25,4,Foggy,Medium,Late Night,Motorcycle,5.0,37.1
ORD_007272,3.24,15,3,Rainy,Medium,Evening Peak,Electric Bike,3.5,33.5
ORD_007273,2.8,15,2,Clear,Medium,Morning,Scooter,2.7,22.3
ORD_007274,2.07,15,6,Foggy,Low,Evening Peak,Electric Bike,4.5,25.9
ORD_007275,7.88,25,1,Clear,Medium,Evening Peak,Motorcycle,5.6,38.4
ORD_007276,7.11,25,3,Windy,Medium,Afternoon,Electric Bike,5.0,55.5
ORD_007277,5.64,10,2,Foggy,Medium,Evening Peak,Scooter,5.6,29.7
ORD_007278,11.01,10,2,Clear,High,Morning,Motorcycle,2.0,50.4
ORD_007279,7.73,20,4,Foggy,High,Late Night,Scooter,1.2,51.5
ORD_007280,2.29,15,1,Clear,Medium,Morning,Motorcycle,3.4,18.4
ORD_007281,5.22,15,2,Heavy Storm,Jam,Morning,Motorcycle,0.7,52.1
ORD_007282,8.42,25,2,Clear,Low,Afternoon,Scooter,4.2,44.3
ORD_007283,5.25,10,2,Clear,Medium,Afternoon,Motorcycle,1.8,23.4
ORD_007284,5.53,35,6,Clear,Low,Afternoon,Motorcycle,3.0,50.3
ORD_007285,2.04,10,2,Foggy,High,Morning,Scooter,4.1,26.7
ORD_007286,3.69,10,2,Windy,High,Evening Peak,Motorcycle,3.2,23.7
ORD_007287,6.84,15,3,Heavy Storm,High,Afternoon,Electric Bike,1.8,63.4
ORD_007288,4.79,20,3,Windy,High,Late Night,Scooter,5.3,37.6
ORD_007289,2.2,15,2,Clear,Low,Morning,Scooter,4.7,21.5
ORD_007290,8.35,20,2,Rainy,Low,Morning,Motorcycle,3.8,45.5
ORD_007291,4.67,15,1,Clear,High,Morning,Electric Bike,4.3,36.0
ORD_007292,5.48,10,8,Clear,High,Evening Peak,Scooter,2.8,34.2
ORD_007293,2.31,25,1,Clear,Low,Evening Peak,Motorcycle,2.6,31.3
ORD_007294,1.92,30,2,Clear,Low,Evening Peak,Motorcycle,1.4,36.1
ORD_007295,5.65,20,2,Clear,High,Late Night,Motorcycle,4.9,40.3
ORD_007296,10.25,25,4,Clear,Jam,Evening Peak,Scooter,2.6,75.8
ORD_007297,8.21,10,1,Clear,Medium,Morning,Motorcycle,4.3,30.6
ORD_007298,7.56,15,2,Windy,Low,Morning,Motorcycle,2.1,33.5
ORD_007299,5.93,15,3,Clear,Medium,Afternoon,Electric Bike,4.9,35.7
ORD_007300,2.53,30,6,Windy,High,Late Night,Motorcycle,1.1,44.5
ORD_007301,1.5,20,8,Clear,Medium,Evening Peak,Motorcycle,3.9,28.9
ORD_007302,18.37,10,1,Rainy,Low,Late Night,Motorcycle,4.9,55.5
ORD_007303,4.66,15,1,Clear,Medium,Morning,Motorcycle,4.1,26.6
ORD_007304,3.75,10,2,Rainy,High,Evening Peak,Scooter,4.3,27.9
ORD_007305,5.42,15,1,Clear,Medium,Evening Peak,Motorcycle,3.4,29.0
ORD_007306,2.97,15,2,Foggy,Medium,Morning,Motorcycle,3.6,23.4
ORD_007307,4.01,15,5,Clear,Jam,Morning,Motorcycle,0.9,36.6
ORD_007308,13.21,10,4,Clear,Jam,Afternoon,Motorcycle,1.9,70.0
ORD_007309,6.34,10,1,Rainy,High,Evening Peak,Motorcycle,4.5,38.6
ORD_007310,7.2,20,1,Clear,Low,Evening Peak,Motorcycle,5.7,32.5
ORD_007311,4.89,20,2,Clear,Low,Evening Peak,Motorcycle,3.5,27.7
ORD_007312,9.51,15,1,Heavy Storm,Medium,Evening Peak,Motorcycle,4.5,54.0
ORD_007313,9.37,20,2,Clear,Low,Morning,Electric Bike,4.3,46.9
ORD_007314,4.59,15,3,Clear,Low,Afternoon,Scooter,6.0,24.2
ORD_007315,5.23,10,2,Windy,Medium,Evening Peak,Motorcycle,4.9,23.8
ORD_007316,10.4,25,2,Windy,High,Evening Peak,Motorcycle,4.0,59.3
ORD_007317,5.41,15,1,Foggy,Medium,Afternoon,Motorcycle,1.1,35.2
ORD_007318,4.29,15,5,Heavy Storm,Medium,Evening Peak,Scooter,2.5,43.4
ORD_007319,4.46,30,4,Clear,Low,Morning,Electric Bike,1.9,46.3
ORD_007320,3.99,15,2,Foggy,Medium,Morning,Motorcycle,5.2,29.0
ORD_007321,5.37,10,3,Clear,Low,Late Night,Electric Bike,3.0,28.6
ORD_007322,4.06,30,2,Foggy,Low,Afternoon,Motorcycle,3.4,42.2
ORD_007323,5.37,10,2,Clear,Medium,Afternoon,Electric Bike,5.8,24.2
ORD_007324,3.46,20,2,Clear,Medium,Afternoon,Scooter,5.1,30.4
ORD_007325,6.42,15,2,Clear,High,Evening Peak,Motorcycle,4.8,34.4
ORD_007326,6.95,15,2,Windy,High,Late Night,Motorcycle,1.3,40.1
ORD_007327,7.64,20,2,Clear,Medium,Evening Peak,Electric Bike,0.6,54.6
ORD_007328,7.03,15,4,Heavy Storm,High,Late Night,Motorcycle,1.2,56.8
ORD_007329,9.1,25,1,Windy,Low,Morning,Motorcycle,4.6,45.2
ORD_007330,5.61,30,6,Clear,Medium,Morning,Motorcycle,2.8,47.0
ORD_007331,5.34,10,3,Heavy Storm,Medium,Afternoon,Scooter,1.1,41.8
ORD_007332,3.72,25,4,Clear,High,Afternoon,Motorcycle,4.6,32.5
ORD_007333,8.05,10,3,Windy,Low,Late Night,Scooter,1.6,34.8
ORD_007334,3.86,10,2,Clear,Low,Morning,Electric Bike,3.7,18.9
ORD_007335,1.88,30,2,Foggy,Low,Morning,Motorcycle,4.6,33.7
ORD_007336,3.62,15,2,Clear,Medium,Evening Peak,Scooter,3.8,22.7
ORD_007337,8.39,15,1,Foggy,Medium,Evening Peak,Scooter,6.0,40.3
ORD_007338,7.47,20,6,Rainy,Low,Afternoon,Motorcycle,2.9,46.4
ORD_007339,6.04,15,2,Clear,High,Morning,Motorcycle,2.2,35.2
ORD_007340,16.27,15,1,Rainy,High,Evening Peak,Scooter,1.6,80.3
ORD_007341,6.43,20,2,Clear,Low,Late Night,Motorcycle,3.3,31.7
ORD_007342,3.29,25,1,Windy,Medium,Evening Peak,Motorcycle,5.2,30.7
ORD_007343,3.13,10,4,Clear,High,Evening Peak,Motorcycle,5.7,21.4
ORD_007344,7.02,15,1,Clear,High,Evening Peak,Motorcycle,5.8,37.3
ORD_007345,11.29,10,1,Rainy,Medium,Evening Peak,Motorcycle,3.4,49.1
ORD_007346,5.3,10,3,Rainy,High,Evening Peak,Motorcycle,3.8,34.2
ORD_007347,6.54,30,1,Clear,High,Morning,Motorcycle,3.7,50.5
ORD_007348,6.74,30,3,Clear,Medium,Morning,Motorcycle,3.1,49.3
ORD_007349,16.63,20,3,Clear,High,Morning,Motorcycle,1.3,78.2
ORD_007350,8.81,20,8,Clear,Low,Evening Peak,Electric Bike,0.9,47.6
ORD_007351,10.03,25,2,Clear,Low,Afternoon,Electric Bike,2.9,53.6
ORD_007352,3.22,10,2,Clear,Medium,Morning,Motorcycle,1.5,18.4
ORD_007353,3.85,10,1,Windy,Medium,Morning,Electric Bike,5.4,20.5
ORD_007354,3.68,15,1,Windy,High,Morning,Motorcycle,4.7,29.6
ORD_007355,4.64,25,2,Windy,High,Evening Peak,Scooter,3.9,39.8
ORD_007356,5.53,15,3,Clear,Medium,Morning,Motorcycle,0.8,28.3
ORD_007357,6.29,20,3,Foggy,Medium,Evening Peak,Motorcycle,3.9,39.5
ORD_007358,5.09,15,3,Clear,High,Late Night,Motorcycle,3.9,31.1
ORD_007359,3.64,20,2,Clear,Medium,Afternoon,Motorcycle,2.9,32.5
ORD_007360,2.85,25,3,Clear,Medium,Evening Peak,Motorcycle,4.1,36.7
ORD_007361,6.66,15,1,Windy,Low,Afternoon,Motorcycle,5.2,29.3
ORD_007362,7.77,20,3,Clear,Low,Evening Peak,Scooter,4.7,36.4
ORD_007363,4.75,15,3,Clear,Medium,Late Night,Scooter,3.1,26.9
ORD_007364,2.04,25,3,Clear,Medium,Morning,Motorcycle,1.9,32.8
ORD_007365,8.76,15,3,Clear,Low,Late Night,Scooter,3.1,33.6
ORD_007366,4.64,15,1,Rainy,Low,Afternoon,Motorcycle,5.7,28.6
ORD_007367,2.4,15,2,Clear,Low,Afternoon,Electric Bike,5.0,22.9
ORD_007368,5.26,10,4,Windy,High,Late Night,Electric Bike,0.6,40.2
ORD_007369,9.1,25,2,Rainy,Low,Evening Peak,Scooter,4.8,50.8
ORD_007370,4.19,30,4,Clear,Medium,Morning,Motorcycle,1.4,44.8
ORD_007371,1.31,15,8,Rainy,Low,Evening Peak,Electric Bike,3.6,27.9
ORD_007372,4.5,15,1,Clear,Medium,Evening Peak,Scooter,4.9,29.2
ORD_007373,3.54,20,1,Rainy,Medium,Evening Peak,Motorcycle,3.6,33.4
ORD_007374,5.81,15,2,Clear,Jam,Morning,Scooter,2.7,46.7
ORD_007375,5.33,15,3,Clear,High,Late Night,Scooter,2.3,33.8
ORD_007376,3.99,10,3,Clear,Jam,Evening Peak,Scooter,2.2,32.8
ORD_007377,3.85,25,1,Windy,Medium,Late Night,Scooter,5.1,37.5
ORD_007378,10.6,25,3,Clear,High,Afternoon,Motorcycle,5.0,57.8
ORD_007379,7.0,25,1,Foggy,High,Evening Peak,Motorcycle,5.0,54.1
ORD_007380,6.87,15,1,Clear,Low,Evening Peak,Electric Bike,2.1,32.0
ORD_007381,8.48,25,3,Clear,Jam,Morning,Scooter,4.9,66.2
ORD_007382,4.62,20,1,Clear,Low,Afternoon,Scooter,0.7,29.2
ORD_007383,12.19,15,1,Foggy,High,Afternoon,Scooter,1.6,64.7
ORD_007384,6.33,25,3,Rainy,High,Late Night,Motorcycle,3.3,53.8
ORD_007385,5.65,35,3,Rainy,Low,Morning,Motorcycle,2.7,52.3
ORD_007386,6.28,25,5,Clear,Jam,Late Night,Motorcycle,1.1,56.0
ORD_007387,4.5,25,6,Clear,Jam,Afternoon,Electric Bike,0.7,60.4
ORD_007388,3.63,20,2,Windy,High,Evening Peak,Scooter,3.9,35.7
ORD_007389,9.59,20,3,Windy,Low,Afternoon,Motorcycle,2.2,46.9
ORD_007390,2.72,25,3,Clear,Medium,Evening Peak,Scooter,0.6,35.8
ORD_007391,2.85,15,5,Rainy,Medium,Late Night,Electric Bike,2.9,31.2
ORD_007392,4.98,15,1,Clear,Jam,Afternoon,Scooter,2.2,37.5
ORD_007393,3.24,25,2,Windy,Medium,Morning,Motorcycle,3.7,34.9
ORD_007394,2.04,30,2,Clear,High,Afternoon,Motorcycle,5.6,32.7
ORD_007395,2.79,15,2,Clear,Medium,Afternoon,Motorcycle,2.2,22.8
ORD_007396,3.29,25,2,Clear,Medium,Afternoon,Motorcycle,6.0,34.0
ORD_007397,6.48,15,3,Heavy Storm,Medium,Morning,Electric Bike,1.0,57.7
ORD_007398,4.77,30,3,Clear,Medium,Late Night,Motorcycle,1.0,44.2
ORD_007399,8.69,20,4,Heavy Storm,Medium,Evening Peak,Motorcycle,4.4,55.8
ORD_007400,2.71,20,8,Clear,High,Evening Peak,Motorcycle,4.6,33.8
ORD_007401,2.97,25,4,Foggy,Low,Morning,Scooter,2.8,38.7
ORD_007402,5.94,25,2,Foggy,Medium,Morning,Scooter,2.1,46.9
ORD_007403,3.54,25,2,Rainy,Low,Afternoon,Motorcycle,4.9,36.9
ORD_007404,4.37,30,2,Windy,Medium,Morning,Motorcycle,5.8,37.5
ORD_007405,2.81,10,1,Windy,Medium,Morning,Scooter,5.9,18.3
ORD_007406,2.71,10,3,Windy,Low,Morning,Scooter,4.0,19.1
ORD_007407,3.47,25,1,Heavy Storm,Medium,Evening Peak,Electric Bike,4.6,54.9
ORD_007408,8.98,30,2,Clear,High,Evening Peak,Motorcycle,5.0,57.4
ORD_007409,2.37,15,3,Clear,High,Afternoon,Motorcycle,4.9,22.8
ORD_007410,9.56,10,2,Windy,Low,Afternoon,Scooter,6.0,33.5
ORD_007411,8.51,15,2,Clear,Jam,Afternoon,Electric Bike,5.0,69.2
ORD_007412,3.98,15,3,Windy,Jam,Evening Peak,Motorcycle,4.1,36.4
ORD_007413,5.32,25,2,Clear,Low,Late Night,Scooter,2.6,40.9
ORD_007414,6.21,10,2,Clear,Jam,Evening Peak,Motorcycle,3.8,38.2
ORD_007415,7.54,15,2,Foggy,Medium,Morning,Scooter,5.3,41.0
ORD_007416,2.96,25,2,Clear,Jam,Morning,Scooter,2.2,42.6
ORD_007417,8.03,15,1,Clear,Jam,Morning,Electric Bike,0.7,66.4
ORD_007418,5.56,25,2,Clear,High,Evening Peak,Motorcycle,2.3,43.5
ORD_007419,3.08,15,2,Clear,Medium,Afternoon,Motorcycle,5.8,24.5
ORD_007420,5.59,20,4,Rainy,Jam,Late Night,Scooter,4.9,57.6
ORD_007421,3.06,10,1,Windy,Medium,Afternoon,Scooter,1.5,20.0
ORD_007422,5.21,15,2,Rainy,Medium,Evening Peak,Electric Bike,0.6,42.3
ORD_007423,4.08,15,6,Windy,Medium,Evening Peak,Motorcycle,4.2,29.8
ORD_007424,5.76,25,1,Heavy Storm,Medium,Evening Peak,Motorcycle,3.7,54.6
ORD_007425,5.95,20,3,Clear,Jam,Evening Peak,Scooter,1.0,50.3
ORD_007426,10.28,10,1,Clear,High,Morning,Scooter,5.8,41.6
ORD_007427,7.3,25,4,Clear,Low,Evening Peak,Electric Bike,3.9,49.2
ORD_007428,6.61,10,1,Windy,Low,Morning,Motorcycle,4.1,23.9
ORD_007429,1.98,30,4,Clear,Low,Evening Peak,Motorcycle,5.2,31.3
ORD_007430,8.82,15,5,Clear,Medium,Morning,Scooter,2.4,40.3
ORD_007431,4.18,15,1,Clear,High,Afternoon,Scooter,3.6,31.9
ORD_007432,2.81,10,1,Clear,Medium,Afternoon,Motorcycle,3.7,18.7
ORD_007433,14.79,20,4,Clear,Medium,Evening Peak,Scooter,5.8,64.6
ORD_007434,3.54,15,1,Rainy,Low,Afternoon,Motorcycle,1.2,28.6
ORD_007435,10.91,15,1,Clear,Medium,Evening Peak,Motorcycle,4.7,41.6
ORD_007436,6.26,10,2,Clear,Medium,Morning,Motorcycle,3.7,24.7
ORD_007437,7.02,25,2,Clear,Medium,Evening Peak,Scooter,5.1,42.9
ORD_007438,5.24,25,3,Clear,Medium,Evening Peak,Scooter,5.1,39.2
ORD_007439,3.13,20,2,Windy,Low,Afternoon,Motorcycle,0.6,27.5
ORD_007440,7.78,20,3,Clear,Jam,Evening Peak,Motorcycle,1.9,53.7
ORD_007441,6.01,20,2,Clear,Jam,Afternoon,Electric Bike,1.5,54.9
ORD_007442,5.96,10,2,Windy,High,Late Night,Motorcycle,3.0,28.5
ORD_007443,5.5,30,1,Clear,Medium,Evening Peak,Motorcycle,5.5,40.5
ORD_007444,4.56,15,2,Clear,High,Evening Peak,Scooter,0.5,30.2
ORD_007445,7.81,20,2,Clear,Jam,Evening Peak,Motorcycle,3.2,56.2
ORD_007446,6.92,20,5,Clear,Medium,Evening Peak,Scooter,5.4,40.6
ORD_007447,8.29,20,5,Clear,Medium,Evening Peak,Scooter,5.6,46.1
ORD_007448,4.68,25,4,Clear,High,Afternoon,Motorcycle,4.1,40.3
ORD_007449,4.47,15,5,Clear,Medium,Late Night,Motorcycle,5.1,26.2
ORD_007450,3.88,20,1,Clear,High,Evening Peak,Motorcycle,2.3,34.4
ORD_007451,5.59,20,4,Clear,Medium,Morning,Motorcycle,2.1,35.2
ORD_007452,2.03,10,1,Clear,Medium,Evening Peak,Electric Bike,0.8,16.4
ORD_007453,18.86,15,3,Clear,Medium,Evening Peak,Motorcycle,3.3,66.9
ORD_007454,3.66,25,1,Clear,Low,Morning,Motorcycle,3.0,31.3
ORD_007455,10.09,15,3,Foggy,Low,Evening Peak,Motorcycle,2.5,42.6
ORD_007456,4.13,15,1,Clear,Low,Late Night,Scooter,1.1,24.1
ORD_007457,7.25,15,2,Windy,Low,Late Night,Electric Bike,1.8,35.3
ORD_007458,12.78,20,2,Clear,Low,Morning,Motorcycle,1.6,46.8
ORD_007459,7.02,25,2,Clear,High,Afternoon,Motorcycle,5.7,48.1
ORD_007460,12.37,15,2,Windy,Medium,Evening Peak,Motorcycle,5.8,45.1
ORD_007461,9.76,20,4,Clear,High,Evening Peak,Scooter,0.5,58.3
ORD_007462,3.01,15,3,Clear,Low,Evening Peak,Motorcycle,1.4,18.8
ORD_007463,7.84,15,3,Foggy,Medium,Evening Peak,Motorcycle,5.4,38.8
ORD_007464,6.43,30,8,Rainy,Low,Evening Peak,Scooter,0.7,58.4
ORD_007465,3.5,10,2,Clear,Jam,Late Night,Scooter,5.7,24.1
ORD_007466,9.3,10,4,Rainy,Low,Evening Peak,Scooter,2.6,41.6
ORD_007467,2.66,20,3,Foggy,Low,Morning,Motorcycle,3.5,24.9
ORD_007468,8.97,15,3,Clear,Medium,Evening Peak,Scooter,4.7,45.9
ORD_007469,7.9,20,2,Windy,Medium,Morning,Motorcycle,1.8,46.3
ORD_007470,5.65,25,3,Windy,High,Evening Peak,Scooter,1.1,51.1
ORD_007471,3.77,15,4,Clear,High,Evening Peak,Motorcycle,5.0,29.4
ORD_007472,7.78,15,3,Rainy,High,Evening Peak,Scooter,5.9,51.1
ORD_007473,1.73,10,3,Clear,High,Evening Peak,Scooter,4.1,17.4
ORD_007474,3.37,15,2,Clear,Low,Evening Peak,Scooter,5.0,24.3
ORD_007475,5.28,15,1,Windy,Low,Morning,Motorcycle,5.7,24.6
ORD_007476,5.65,25,3,Foggy,Low,Late Night,Motorcycle,1.8,39.8
ORD_007477,3.42,25,3,Foggy,High,Evening Peak,Motorcycle,2.4,37.0
ORD_007478,3.47,10,2,Clear,High,Late Night,Scooter,1.7,23.9
ORD_007479,7.15,25,2,Windy,Jam,Morning,Electric Bike,0.8,74.4
ORD_007480,3.06,10,3,Clear,Medium,Afternoon,Scooter,4.5,20.3
ORD_007481,4.32,20,3,Foggy,Low,Morning,Scooter,1.3,33.1
ORD_007482,2.65,15,2,Foggy,Low,Late Night,Motorcycle,1.0,24.4
ORD_007483,5.45,10,2,Windy,Medium,Evening Peak,Motorcycle,2.5,25.0
ORD_007484,4.72,25,6,Clear,Low,Morning,Scooter,0.8,40.4
ORD_007485,1.66,15,6,Foggy,Medium,Afternoon,Electric Bike,1.5,27.7
ORD_007486,2.37,20,2,Clear,Low,Evening Peak,Electric Bike,0.9,27.0
ORD_007487,10.44,15,6,Rainy,High,Evening Peak,Motorcycle,5.3,58.6
ORD_007488,3.58,10,3,Clear,High,Afternoon,Scooter,4.8,23.1
ORD_007489,6.52,20,1,Clear,High,Afternoon,Scooter,5.2,42.9
ORD_007490,2.95,25,1,Clear,Jam,Evening Peak,Electric Bike,5.3,41.7
ORD_007491,11.31,10,2,Foggy,High,Evening Peak,Scooter,5.7,51.3
ORD_007492,1.96,15,4,Clear,High,Morning,Motorcycle,1.5,20.3
ORD_007493,9.87,20,3,Clear,Low,Evening Peak,Scooter,5.5,44.2
ORD_007494,5.64,20,4,Windy,Jam,Morning,Motorcycle,3.4,48.2
ORD_007495,7.67,20,2,Clear,Low,Evening Peak,Electric Bike,1.4,46.2
ORD_007496,10.53,20,3,Clear,Medium,Evening Peak,Motorcycle,4.1,50.0
ORD_007497,6.12,30,1,Windy,Jam,Late Night,Motorcycle,2.3,59.2
ORD_007498,12.98,15,2,Clear,Low,Morning,Scooter,0.8,49.3
ORD_007499,10.43,20,2,Foggy,Low,Late Night,Motorcycle,0.9,51.1
ORD_007500,7.54,20,3,Clear,Medium,Evening Peak,Scooter,2.8,43.3
ORD_007501,9.52,20,3,Clear,Low,Late Night,Motorcycle,5.0,37.2
ORD_007502,5.34,15,3,Clear,High,Morning,Electric Bike,2.2,41.0
ORD_007503,3.14,20,4,Clear,Medium,Afternoon,Scooter,4.7,31.1
ORD_007504,17.34,20,3,Windy,Low,Morning,Scooter,0.8,67.0
ORD_007505,5.55,20,2,Windy,High,Morning,Scooter,2.7,41.2
ORD_007506,6.29,15,2,Clear,Low,Late Night,Motorcycle,1.2,27.4
ORD_007507,2.44,20,3,Clear,Medium,Afternoon,Motorcycle,5.2,25.2
ORD_007508,10.9,25,4,Rainy,Low,Evening Peak,Motorcycle,5.8,58.2
ORD_007509,6.19,25,2,Windy,Low,Evening Peak,Scooter,2.3,41.6
ORD_007510,7.15,25,4,Windy,Low,Evening Peak,Scooter,5.9,44.0
ORD_007511,7.69,20,8,Clear,High,Evening Peak,Electric Bike,4.6,59.9
ORD_007512,3.52,15,1,Foggy,Low,Afternoon,Scooter,0.5,28.9
ORD_007513,10.73,15,3,Clear,Low,Morning,Motorcycle,3.2,39.6
ORD_007514,6.57,10,5,Clear,Medium,Evening Peak,Electric Bike,5.1,34.9
ORD_007515,1.71,25,2,Rainy,Low,Afternoon,Scooter,3.4,35.2
ORD_007516,9.54,15,2,Clear,Medium,Evening Peak,Motorcycle,3.5,38.7
ORD_007517,5.06,25,3,Clear,Low,Evening Peak,Electric Bike,3.0,41.3
ORD_007518,3.74,25,5,Clear,Medium,Morning,Electric Bike,2.7,45.2
ORD_007519,2.07,25,4,Clear,Medium,Morning,Scooter,0.7,35.8
ORD_007520,4.33,25,3,Clear,Medium,Afternoon,Electric Bike,3.9,39.1
ORD_007521,4.06,20,5,Clear,Medium,Afternoon,Motorcycle,4.7,32.6
ORD_007522,10.12,20,3,Foggy,High,Afternoon,Scooter,4.8,60.1
ORD_007523,3.88,15,2,Foggy,Jam,Afternoon,Electric Bike,3.9,41.9
ORD_007524,2.3,15,2,Foggy,High,Afternoon,Scooter,2.4,28.3
ORD_007525,7.19,10,3,Clear,Jam,Morning,Scooter,0.6,47.2
ORD_007526,10.41,15,3,Clear,Low,Morning,Motorcycle,5.4,35.6
ORD_007527,4.49,30,3,Foggy,Jam,Late Night,Motorcycle,2.9,52.5
ORD_007528,14.43,15,3,Clear,Medium,Evening Peak,Electric Bike,3.8,68.9
ORD_007529,9.47,20,1,Rainy,Medium,Evening Peak,Motorcycle,1.6,52.3
ORD_007530,10.93,15,3,Clear,Medium,Afternoon,Motorcycle,1.3,47.1
ORD_007531,7.07,35,1,Rainy,High,Evening Peak,Scooter,1.0,64.6
ORD_007532,6.64,15,1,Foggy,Jam,Morning,Motorcycle,4.9,47.2
ORD_007533,3.79,15,2,Clear,Medium,Morning,Scooter,4.1,23.1
ORD_007534,12.63,15,1,Clear,Low,Morning,Electric Bike,3.9,46.4
ORD_007535,11.47,25,2,Rainy,Low,Evening Peak,Motorcycle,5.6,57.0
ORD_007536,12.79,15,6,Clear,Medium,Evening Peak,Motorcycle,1.4,53.5
ORD_007537,5.36,25,5,Clear,Medium,Evening Peak,Scooter,1.4,47.8
ORD_007538,4.53,20,1,Rainy,Low,Morning,Scooter,1.5,38.7
ORD_007539,8.21,15,1,Rainy,High,Afternoon,Electric Bike,2.8,60.8
ORD_007540,4.17,10,3,Clear,Medium,Evening Peak,Motorcycle,5.3,16.2
ORD_007541,5.39,25,5,Clear,Medium,Evening Peak,Motorcycle,5.3,41.5
ORD_007542,1.81,15,3,Clear,Medium,Evening Peak,Electric Bike,3.7,21.5
ORD_007543,6.31,25,3,Clear,Jam,Evening Peak,Scooter,4.1,55.8
ORD_007544,7.52,10,2,Windy,Medium,Afternoon,Scooter,5.4,33.5
ORD_007545,11.07,20,3,Clear,Medium,Morning,Electric Bike,3.9,61.8
ORD_007546,8.39,20,3,Clear,Medium,Late Night,Motorcycle,1.8,42.7
ORD_007547,9.2,20,3,Clear,Medium,Evening Peak,Motorcycle,4.4,46.3
ORD_007548,13.9,15,5,Clear,Low,Late Night,Electric Bike,4.7,56.9
ORD_007549,3.41,25,3,Rainy,Medium,Late Night,Motorcycle,4.0,45.2
ORD_007550,3.08,25,2,Windy,High,Afternoon,Scooter,2.0,38.3
ORD_007551,6.07,20,2,Rainy,Jam,Afternoon,Motorcycle,2.7,54.3
ORD_007552,2.87,20,3,Rainy,Medium,Morning,Scooter,3.1,36.4
ORD_007553,6.54,20,4,Clear,High,Evening Peak,Motorcycle,1.3,42.6
ORD_007554,2.93,30,2,Clear,Medium,Evening Peak,Scooter,3.0,40.5
ORD_007555,3.28,25,3,Heavy Storm,High,Afternoon,Scooter,1.4,54.4
ORD_007556,2.08,15,5,Foggy,Low,Late Night,Motorcycle,3.2,21.2
ORD_007557,6.25,15,3,Foggy,Medium,Evening Peak,Motorcycle,0.8,34.2
ORD_007558,2.51,35,2,Windy,Medium,Late Night,Motorcycle,5.7,37.2
ORD_007559,7.26,15,3,Clear,Low,Morning,Motorcycle,1.9,29.5
ORD_007560,7.94,30,3,Rainy,High,Evening Peak,Motorcycle,3.1,60.7
ORD_007561,3.62,20,2,Foggy,Low,Late Night,Scooter,0.7,33.2
ORD_007562,8.56,10,2,Clear,Medium,Afternoon,Scooter,1.6,37.3
ORD_007563,8.03,15,4,Clear,High,Afternoon,Motorcycle,4.3,47.6
ORD_007564,9.76,15,3,Clear,High,Evening Peak,Electric Bike,1.1,59.6
ORD_007565,3.45,25,2,Windy,Medium,Morning,Motorcycle,4.0,36.4
ORD_007566,3.37,15,1,Clear,Medium,Afternoon,Scooter,0.5,29.0
ORD_007567,7.71,15,1,Clear,Medium,Afternoon,Scooter,3.1,35.7
ORD_007568,6.02,30,1,Clear,Low,Morning,Motorcycle,4.5,46.7
ORD_007569,6.34,10,5,Clear,High,Afternoon,Scooter,5.6,35.8
ORD_007570,11.28,20,6,Foggy,Low,Evening Peak,Scooter,3.2,51.6
ORD_007571,2.3,20,3,Clear,Medium,Morning,Scooter,5.1,25.2
ORD_007572,8.89,10,1,Rainy,Low,Evening Peak,Motorcycle,4.9,36.4
ORD_007573,8.03,10,3,Clear,High,Evening Peak,Motorcycle,2.1,35.4
ORD_007574,7.53,15,3,Foggy,High,Morning,Scooter,5.3,43.2
ORD_007575,9.32,10,8,Rainy,Medium,Late Night,Motorcycle,4.0,44.2
ORD_007576,4.92,15,2,Foggy,Low,Afternoon,Motorcycle,1.1,28.4
ORD_007577,2.82,20,3,Rainy,Jam,Afternoon,Scooter,5.7,43.7
ORD_007578,3.87,20,8,Clear,Medium,Evening Peak,Electric Bike,1.5,38.5
ORD_007579,3.6,20,5,Heavy Storm,Low,Afternoon,Motorcycle,3.1,41.7
ORD_007580,1.23,15,2,Clear,Low,Evening Peak,Electric Bike,3.1,14.8
ORD_007581,7.54,10,1,Rainy,Low,Morning,Scooter,3.9,30.2
ORD_007582,4.56,15,1,Clear,Low,Late Night,Motorcycle,4.2,19.2
ORD_007583,4.97,15,1,Clear,Low,Late Night,Scooter,1.8,30.8
ORD_007584,4.01,30,1,Foggy,Jam,Evening Peak,Motorcycle,2.4,52.9
ORD_007585,5.4,15,6,Foggy,Low,Evening Peak,Scooter,1.3,38.5
ORD_007586,12.22,15,8,Clear,Medium,Evening Peak,Motorcycle,1.2,56.1
ORD_007587,2.06,20,1,Rainy,High,Evening Peak,Electric Bike,5.0,34.6
ORD_007588,13.48,20,1,Clear,High,Morning,Scooter,4.6,67.4
ORD_007589,6.22,30,3,Clear,Jam,Afternoon,Scooter,2.9,64.8
ORD_007590,4.16,15,4,Foggy,Jam,Late Night,Electric Bike,1.0,50.2
ORD_007591,4.44,10,3,Clear,Medium,Evening Peak,Scooter,3.0,24.2
ORD_007592,3.25,15,1,Clear,High,Late Night,Motorcycle,2.1,22.4
ORD_007593,1.72,10,2,Heavy Storm,Medium,Late Night,Scooter,4.8,28.2
ORD_007594,2.94,20,3,Windy,Medium,Evening Peak,Electric Bike,1.0,33.7
ORD_007595,5.42,25,4,Clear,Low,Afternoon,Electric Bike,3.0,37.5
ORD_007596,4.74,20,3,Clear,High,Afternoon,Motorcycle,3.8,35.2
ORD_007597,7.01,10,2,Windy,Medium,Afternoon,Scooter,5.9,28.2
ORD_007598,4.03,10,2,Rainy,Low,Late Night,Scooter,1.0,23.9
ORD_007599,3.73,30,4,Windy,Low,Morning,Electric Bike,1.1,44.5
ORD_007600,16.1,15,2,Foggy,High,Morning,Motorcycle,5.9,69.9
ORD_007601,3.29,30,2,Clear,Low,Afternoon,Scooter,2.7,37.2
ORD_007602,3.41,20,4,Clear,High,Evening Peak,Motorcycle,4.6,32.4
ORD_007603,9.24,35,4,Windy,Jam,Late Night,Scooter,4.8,84.6
ORD_007604,8.02,25,2,Windy,Medium,Evening Peak,Scooter,2.2,51.3
ORD_007605,4.32,15,4,Clear,High,Evening Peak,Motorcycle,1.7,30.9
ORD_007606,8.39,25,1,Heavy Storm,Medium,Late Night,Electric Bike,2.0,73.0
ORD_007607,5.78,15,5,Clear,High,Morning,Motorcycle,4.7,32.7
ORD_007608,4.05,15,6,Clear,Medium,Evening Peak,Motorcycle,5.1,23.4
ORD_007609,7.72,15,1,Clear,Jam,Afternoon,Scooter,4.3,52.6
ORD_007610,5.47,15,4,Foggy,Jam,Afternoon,Motorcycle,2.9,41.2
ORD_007611,1.77,10,3,Clear,Medium,Morning,Scooter,1.9,16.2
ORD_007612,7.72,15,4,Heavy Storm,Low,Afternoon,Scooter,2.8,50.4
ORD_007613,5.03,20,2,Heavy Storm,High,Morning,Scooter,5.5,50.1
ORD_007614,11.68,30,6,Clear,Medium,Afternoon,Motorcycle,5.2,61.8
ORD_007615,8.6,20,4,Clear,Jam,Evening Peak,Motorcycle,2.3,63.0
ORD_007616,6.04,15,2,Clear,High,Afternoon,Scooter,2.3,36.8
ORD_007617,4.39,15,3,Clear,High,Evening Peak,Motorcycle,4.8,28.1
ORD_007618,5.39,15,2,Clear,High,Afternoon,Motorcycle,2.8,32.5
ORD_007619,3.2,20,2,Rainy,Medium,Morning,Motorcycle,3.6,39.6
ORD_007620,6.04,25,1,Clear,Jam,Morning,Motorcycle,2.8,49.4
ORD_007621,12.17,15,5,Heavy Storm,Medium,Evening Peak,Electric Bike,1.8,77.2
ORD_007622,14.41,20,2,Rainy,Medium,Evening Peak,Motorcycle,1.5,62.8
ORD_007623,10.23,20,2,Windy,Low,Evening Peak,Scooter,1.3,44.1
ORD_007624,5.85,10,2,Clear,Medium,Evening Peak,Motorcycle,0.6,28.7
ORD_007625,2.3,15,1,Windy,Low,Evening Peak,Scooter,2.0,20.2
ORD_007626,5.2,20,3,Clear,High,Morning,Electric Bike,1.4,46.2
ORD_007627,8.92,20,3,Foggy,Medium,Afternoon,Motorcycle,1.9,47.9
ORD_007628,8.37,10,2,Clear,Medium,Morning,Scooter,0.9,41.6
ORD_007629,4.93,15,5,Clear,Jam,Afternoon,Motorcycle,2.4,41.1
ORD_007630,4.71,20,8,Clear,High,Afternoon,Electric Bike,3.4,45.7
ORD_007631,6.71,15,3,Clear,Low,Late Night,Motorcycle,5.7,28.9
ORD_007632,5.57,25,3,Windy,Medium,Morning,Motorcycle,2.4,39.7
ORD_007633,5.19,10,1,Windy,Medium,Evening Peak,Scooter,0.7,28.4
ORD_007634,5.05,15,2,Clear,Medium,Evening Peak,Scooter,2.5,29.2
ORD_007635,11.03,15,1,Clear,Medium,Late Night,Scooter,5.0,49.0
ORD_007636,2.97,30,3,Rainy,Low,Late Night,Scooter,2.4,44.7
ORD_007637,4.56,25,4,Windy,Medium,Morning,Motorcycle,2.1,38.9
ORD_007638,4.7,25,1,Foggy,Jam,Morning,Electric Bike,5.6,59.3
ORD_007639,5.93,15,1,Windy,Medium,Late Night,Motorcycle,2.1,30.9
ORD_007640,5.47,25,4,Clear,Medium,Afternoon,Motorcycle,5.8,36.6
ORD_007641,5.27,25,2,Clear,High,Morning,Motorcycle,5.1,41.3
ORD_007642,3.07,15,4,Clear,Low,Late Night,Scooter,4.3,21.9
ORD_007643,5.47,35,2,Rainy,Medium,Afternoon,Motorcycle,3.8,55.1
ORD_007644,7.61,25,1,Clear,High,Afternoon,Motorcycle,1.7,47.2
ORD_007645,6.05,35,2,Rainy,Low,Morning,Motorcycle,4.5,51.6
ORD_007646,2.94,25,2,Clear,Low,Afternoon,Motorcycle,2.4,30.5
ORD_007647,5.73,25,2,Foggy,Medium,Afternoon,Scooter,3.2,42.1
ORD_007648,5.53,30,4,Clear,High,Late Night,Motorcycle,1.1,49.4
ORD_007649,4.46,15,2,Clear,High,Afternoon,Motorcycle,2.1,32.0
ORD_007650,6.08,25,3,Clear,High,Morning,Motorcycle,3.4,44.6
ORD_007651,3.79,15,3,Foggy,High,Afternoon,Scooter,3.1,29.3
ORD_007652,7.79,20,2,Clear,Medium,Evening Peak,Scooter,2.4,45.4
ORD_007653,13.92,25,2,Clear,Medium,Afternoon,Scooter,3.1,62.8
ORD_007654,8.17,20,2,Clear,Jam,Afternoon,Electric Bike,4.6,71.4
ORD_007655,3.46,25,3,Clear,High,Afternoon,Motorcycle,3.0,37.6
ORD_007656,7.56,15,1,Clear,Medium,Late Night,Motorcycle,3.3,30.7
ORD_007657,8.62,20,3,Windy,Medium,Evening Peak,Motorcycle,4.4,43.6
ORD_007658,6.65,10,1,Clear,Medium,Evening Peak,Motorcycle,5.1,27.8
ORD_007659,7.03,10,1,Clear,Medium,Afternoon,Electric Bike,3.4,34.0
ORD_007660,5.19,20,1,Clear,Medium,Morning,Scooter,5.7,29.5
ORD_007661,2.69,20,2,Clear,Low,Late Night,Scooter,2.4,28.6
ORD_007662,5.0,15,4,Windy,Medium,Morning,Scooter,1.9,32.7
ORD_007663,3.18,15,1,Clear,High,Morning,Motorcycle,4.3,26.8
ORD_007664,4.76,15,4,Heavy Storm,Medium,Evening Peak,Motorcycle,1.5,43.3
ORD_007665,3.98,20,4,Foggy,Low,Morning,Scooter,5.4,32.8
ORD_007666,3.06,20,2,Clear,High,Evening Peak,Motorcycle,2.6,30.2
ORD_007667,10.79,10,4,Rainy,High,Evening Peak,Motorcycle,4.3,53.3
ORD_007668,5.41,25,4,Rainy,High,Evening Peak,Electric Bike,3.6,54.8
ORD_007669,4.06,15,3,Clear,High,Late Night,Scooter,0.8,28.8
ORD_007670,2.12,20,4,Clear,High,Evening Peak,Scooter,4.4,25.5
ORD_007671,8.37,10,1,Clear,High,Evening Peak,Motorcycle,4.8,39.4
ORD_007672,6.16,35,2,Clear,High,Evening Peak,Motorcycle,5.9,50.1
ORD_007673,15.03,10,2,Foggy,Medium,Afternoon,Scooter,2.8,57.3
ORD_007674,3.63,20,3,Clear,Medium,Morning,Motorcycle,3.3,30.0
ORD_007675,10.31,20,3,Rainy,Low,Evening Peak,Motorcycle,5.3,46.1
ORD_007676,5.0,10,4,Clear,High,Afternoon,Electric Bike,2.0,36.3
ORD_007677,3.27,10,2,Foggy,Low,Morning,Motorcycle,1.5,21.2
ORD_007678,4.32,15,2,Clear,High,Late Night,Motorcycle,1.2,29.6
ORD_007679,5.77,25,1,Windy,Medium,Evening Peak,Motorcycle,5.9,41.8
ORD_007680,4.06,10,8,Windy,High,Evening Peak,Motorcycle,2.0,25.6
ORD_007681,2.74,20,2,Foggy,Medium,Afternoon,Scooter,4.7,27.9
ORD_007682,3.21,20,3,Foggy,Medium,Evening Peak,Motorcycle,3.0,35.3
ORD_007683,7.2,15,2,Clear,Medium,Morning,Motorcycle,1.8,32.4
ORD_007684,2.99,10,2,Clear,Low,Afternoon,Motorcycle,5.5,12.3
ORD_007685,3.77,30,2,Clear,Low,Late Night,Motorcycle,3.1,39.5
ORD_007686,3.05,15,3,Foggy,Medium,Morning,Electric Bike,3.6,27.8
ORD_007687,6.24,10,2,Clear,Jam,Evening Peak,Scooter,1.7,41.1
ORD_007688,19.21,20,3,Clear,Medium,Afternoon,Scooter,2.3,77.2
ORD_007689,7.03,15,3,Foggy,High,Evening Peak,Scooter,4.6,46.1
ORD_007690,3.53,15,3,Clear,Jam,Evening Peak,Scooter,2.4,35.1
ORD_007691,6.24,10,1,Clear,Low,Evening Peak,Motorcycle,3.3,22.8
ORD_007692,3.65,35,6,Windy,High,Morning,Motorcycle,1.1,55.3
ORD_007693,5.92,15,3,Heavy Storm,Medium,Evening Peak,Motorcycle,5.2,41.6
ORD_007694,11.5,35,3,Clear,Low,Evening Peak,Electric Bike,4.6,67.7
ORD_007695,5.25,15,2,Rainy,Low,Morning,Scooter,4.7,38.0
ORD_007696,6.48,15,1,Clear,Low,Evening Peak,Electric Bike,1.5,35.7
ORD_007697,5.38,30,3,Clear,High,Morning,Motorcycle,3.2,49.9
ORD_007698,8.78,15,2,Clear,Medium,Afternoon,Motorcycle,0.7,41.4
ORD_007699,7.68,15,5,Foggy,Medium,Afternoon,Scooter,2.2,47.3
ORD_007700,4.43,10,5,Rainy,High,Afternoon,Motorcycle,2.4,36.1
ORD_007701,7.68,30,1,Clear,Low,Evening Peak,Motorcycle,5.5,42.8
ORD_007702,5.95,10,3,Foggy,High,Afternoon,Motorcycle,6.0,29.4
ORD_007703,4.23,25,2,Clear,Jam,Evening Peak,Scooter,3.9,47.8
ORD_007704,4.27,20,2,Rainy,Medium,Morning,Electric Bike,3.3,46.2
ORD_007705,5.85,10,3,Clear,Medium,Afternoon,Motorcycle,2.9,28.4
ORD_007706,6.43,10,3,Windy,Low,Late Night,Motorcycle,0.6,28.9
ORD_007707,4.93,30,2,Clear,Medium,Afternoon,Scooter,4.9,46.8
ORD_007708,6.52,20,3,Heavy Storm,Medium,Evening Peak,Motorcycle,4.2,52.0
ORD_007709,3.48,20,6,Clear,High,Evening Peak,Electric Bike,4.1,35.3
ORD_007710,2.92,15,2,Clear,High,Morning,Scooter,4.9,25.9
ORD_007711,2.28,15,2,Windy,Low,Evening Peak,Motorcycle,5.6,20.9
ORD_007712,7.13,20,3,Rainy,Medium,Morning,Motorcycle,2.6,46.2
ORD_007713,2.17,20,1,Heavy Storm,High,Evening Peak,Motorcycle,2.8,40.5
ORD_007714,6.48,20,1,Clear,Medium,Evening Peak,Motorcycle,5.9,38.4
ORD_007715,4.09,15,1,Clear,Medium,Morning,Motorcycle,4.2,25.8
ORD_007716,4.51,35,3,Rainy,High,Late Night,Motorcycle,5.2,57.9
ORD_007717,4.54,10,2,Clear,Jam,Evening Peak,Scooter,1.7,31.9
ORD_007718,17.31,10,2,Foggy,Low,Morning,Electric Bike,2.2,62.4
ORD_007719,3.83,30,3,Clear,Low,Late Night,Scooter,2.7,41.5
ORD_007720,3.16,20,6,Windy,High,Evening Peak,Scooter,2.2,34.1
ORD_007721,13.49,15,4,Clear,Low,Evening Peak,Scooter,5.4,49.1
ORD_007722,2.41,25,2,Windy,High,Afternoon,Electric Bike,3.3,34.2
ORD_007723,2.71,15,6,Windy,Medium,Evening Peak,Electric Bike,5.7,29.3
ORD_007724,8.46,10,2,Windy,Low,Evening Peak,Motorcycle,2.3,33.0
ORD_007725,6.6,20,3,Windy,Medium,Afternoon,Scooter,0.7,45.4
ORD_007726,4.26,15,3,Windy,Low,Evening Peak,Motorcycle,1.3,27.2
ORD_007727,2.96,10,3,Foggy,Low,Evening Peak,Motorcycle,1.7,24.3
ORD_007728,1.67,15,4,Foggy,Medium,Afternoon,Electric Bike,4.0,24.8
ORD_007729,11.85,15,3,Foggy,Low,Morning,Motorcycle,1.5,44.7
ORD_007730,7.7,10,2,Rainy,Low,Morning,Motorcycle,2.6,36.3
ORD_007731,11.14,25,2,Clear,Low,Morning,Motorcycle,4.9,44.8
ORD_007732,9.33,20,5,Foggy,Medium,Evening Peak,Scooter,1.2,53.4
ORD_007733,6.79,15,3,Rainy,Jam,Evening Peak,Motorcycle,0.9,53.1
ORD_007734,3.77,20,2,Clear,Low,Evening Peak,Electric Bike,3.5,31.6
ORD_007735,2.97,25,1,Foggy,Medium,Late Night,Motorcycle,4.3,36.9
ORD_007736,9.83,20,3,Clear,Medium,Morning,Scooter,5.5,46.2
ORD_007737,4.1,15,1,Clear,Low,Late Night,Motorcycle,4.1,21.6
ORD_007738,3.06,10,2,Clear,Low,Evening Peak,Motorcycle,5.7,15.2
ORD_007739,3.62,25,2,Foggy,Low,Afternoon,Motorcycle,1.8,38.1
ORD_007740,10.17,15,4,Clear,High,Morning,Motorcycle,2.4,55.7
ORD_007741,3.23,10,1,Clear,Jam,Evening Peak,Scooter,5.1,27.7
ORD_007742,4.27,20,8,Clear,Medium,Evening Peak,Motorcycle,5.0,33.1
ORD_007743,5.0,15,1,Clear,Low,Morning,Scooter,4.2,24.6
ORD_007744,6.03,35,3,Windy,Medium,Late Night,Motorcycle,3.3,54.5
ORD_007745,3.09,25,2,Clear,Jam,Late Night,Motorcycle,0.6,42.3
ORD_007746,4.91,20,3,Rainy,Low,Late Night,Motorcycle,2.0,39.3
ORD_007747,8.55,25,2,Clear,Medium,Afternoon,Motorcycle,1.4,49.1
ORD_007748,15.05,15,2,Clear,Low,Late Night,Scooter,0.8,54.1
ORD_007749,2.8,25,1,Clear,Low,Morning,Motorcycle,4.8,29.7
ORD_007750,3.04,20,3,Heavy Storm,Medium,Late Night,Electric Bike,1.2,45.4
ORD_007751,3.29,10,2,Clear,Jam,Late Night,Motorcycle,2.5,25.2
ORD_007752,7.42,30,6,Windy,High,Evening Peak,Motorcycle,5.9,58.8
ORD_007753,2.91,25,2,Foggy,Low,Evening Peak,Motorcycle,2.8,36.9
ORD_007754,4.81,30,3,Clear,Low,Afternoon,Electric Bike,1.3,46.1
ORD_007755,4.54,20,1,Clear,Medium,Late Night,Motorcycle,4.3,32.4
ORD_007756,15.79,15,4,Clear,Low,Morning,Motorcycle,5.0,48.5
ORD_007757,3.81,15,1,Windy,Medium,Late Night,Scooter,2.0,24.9
ORD_007758,3.69,15,1,Clear,High,Afternoon,Motorcycle,5.0,24.7
ORD_007759,7.42,10,3,Clear,Medium,Evening Peak,Motorcycle,2.0,25.7
ORD_007760,6.23,15,2,Windy,High,Morning,Electric Bike,4.3,45.8
ORD_007761,3.55,20,1,Heavy Storm,High,Afternoon,Motorcycle,1.2,43.8
ORD_007762,10.56,20,2,Windy,Medium,Morning,Motorcycle,2.9,46.1
ORD_007763,2.37,15,1,Clear,High,Late Night,Scooter,3.4,19.5
ORD_007764,5.09,20,2,Clear,Low,Afternoon,Motorcycle,4.5,30.5
ORD_007765,4.38,15,8,Clear,Low,Afternoon,Motorcycle,4.1,25.0
ORD_007766,4.85,20,1,Clear,High,Afternoon,Scooter,5.2,34.3
ORD_007767,3.53,35,3,Clear,Low,Late Night,Electric Bike,1.5,47.3
ORD_007768,4.91,20,2,Foggy,Low,Evening Peak,Scooter,4.1,32.7
ORD_007769,5.85,10,3,Foggy,Medium,Afternoon,Scooter,1.2,33.5
ORD_007770,1.38,15,2,Rainy,High,Late Night,Motorcycle,3.1,28.5
ORD_007771,4.01,25,3,Clear,Jam,Evening Peak,Motorcycle,3.4,42.6
ORD_007772,3.31,20,2,Clear,Medium,Evening Peak,Motorcycle,0.6,30.2
ORD_007773,13.0,30,3,Clear,Jam,Evening Peak,Electric Bike,0.9,95.0
ORD_007774,6.66,10,2,Rainy,High,Evening Peak,Scooter,5.1,40.8
ORD_007775,3.2,15,3,Windy,Low,Evening Peak,Motorcycle,2.1,25.4
ORD_007776,3.89,15,2,Clear,Medium,Morning,Motorcycle,2.4,30.2
ORD_007777,4.48,25,2,Clear,Medium,Afternoon,Scooter,4.0,37.7
ORD_007778,3.85,20,3,Clear,Low,Late Night,Scooter,1.7,30.5
ORD_007779,6.94,10,2,Heavy Storm,Medium,Evening Peak,Scooter,1.6,47.2
ORD_007780,11.77,15,2,Clear,High,Afternoon,Motorcycle,2.8,53.1
ORD_007781,1.06,20,8,Clear,Medium,Morning,Scooter,0.8,26.0
ORD_007782,4.33,35,1,Clear,Jam,Afternoon,Scooter,5.5,48.2
ORD_007783,15.0,15,3,Clear,Medium,Evening Peak,Motorcycle,5.7,58.0
ORD_007784,4.42,15,2,Heavy Storm,Low,Evening Peak,Scooter,3.0,37.5
ORD_007785,6.04,15,2,Clear,Low,Late Night,Scooter,1.7,29.3
ORD_007786,1.53,15,4,Clear,High,Evening Peak,Motorcycle,3.1,17.3
ORD_007787,10.49,20,3,Clear,Medium,Afternoon,Motorcycle,1.0,50.8
ORD_007788,2.77,15,1,Clear,Low,Afternoon,Motorcycle,2.7,22.8
ORD_007789,6.57,20,3,Foggy,High,Evening Peak,Electric Bike,0.9,60.0
ORD_007790,3.05,30,1,Clear,Medium,Evening Peak,Motorcycle,4.4,38.9
ORD_007791,1.22,15,1,Windy,High,Evening Peak,Electric Bike,2.0,22.3
ORD_007792,6.24,25,2,Windy,Medium,Afternoon,Scooter,3.4,48.5
ORD_007793,7.79,30,8,Clear,Jam,Afternoon,Scooter,0.6,73.7
ORD_007794,5.0,15,2,Windy,Medium,Late Night,Scooter,3.4,32.6
ORD_007795,2.59,10,3,Clear,Medium,Afternoon,Motorcycle,0.5,18.5
ORD_007796,16.69,25,3,Clear,Medium,Afternoon,Motorcycle,5.6,69.5
ORD_007797,7.63,20,2,Clear,High,Evening Peak,Scooter,3.3,46.2
ORD_007798,5.71,15,5,Clear,Low,Evening Peak,Electric Bike,1.1,29.5
ORD_007799,9.56,15,2,Clear,High,Morning,Scooter,2.4,54.0
ORD_007800,3.84,20,4,Clear,Low,Late Night,Motorcycle,0.8,26.9
ORD_007801,13.72,15,2,Windy,Jam,Afternoon,Motorcycle,3.4,80.0
ORD_007802,7.71,20,5,Clear,Medium,Morning,Scooter,1.2,52.2
ORD_007803,9.05,20,4,Windy,Low,Afternoon,Motorcycle,3.1,40.7
ORD_007804,4.28,25,2,Foggy,Low,Afternoon,Motorcycle,2.2,39.5
ORD_007805,2.73,20,1,Clear,High,Afternoon,Motorcycle,4.7,27.1
ORD_007806,5.76,20,1,Clear,High,Morning,Electric Bike,3.2,45.6
ORD_007807,3.94,20,2,Clear,Medium,Evening Peak,Scooter,5.2,30.8
ORD_007808,14.63,15,1,Clear,Low,Evening Peak,Motorcycle,5.7,47.1
ORD_007809,2.33,25,3,Windy,Medium,Evening Peak,Scooter,5.8,31.1
ORD_007810,11.0,20,4,Clear,High,Afternoon,Scooter,1.9,66.4
ORD_007811,1.94,25,4,Clear,High,Morning,Motorcycle,4.7,31.7
ORD_007812,3.05,25,5,Foggy,High,Late Night,Scooter,2.9,40.6
ORD_007813,1.92,20,1,Windy,High,Afternoon,Scooter,2.8,23.1
ORD_007814,3.85,15,4,Clear,Medium,Morning,Motorcycle,5.3,25.4
ORD_007815,4.61,30,1,Clear,Medium,Afternoon,Electric Bike,1.3,45.8
ORD_007816,3.58,15,8,Clear,Medium,Evening Peak,Scooter,3.1,28.5
ORD_007817,6.57,30,1,Clear,Medium,Afternoon,Scooter,3.8,49.1
ORD_007818,4.63,15,8,Clear,High,Morning,Motorcycle,0.9,33.7
ORD_007819,1.55,10,2,Foggy,Medium,Afternoon,Scooter,5.3,17.2
ORD_007820,2.95,25,3,Windy,Medium,Evening Peak,Scooter,2.2,36.3
ORD_007821,4.25,25,1,Foggy,Low,Late Night,Electric Bike,4.1,43.1
ORD_007822,9.33,25,1,Windy,Low,Morning,Motorcycle,5.6,44.9
ORD_007823,5.55,10,3,Clear,Low,Morning,Scooter,4.5,23.4
ORD_007824,3.96,25,3,Clear,Medium,Afternoon,Scooter,5.4,34.7
ORD_007825,2.18,20,5,Clear,Low,Morning,Scooter,0.9,28.4
ORD_007826,5.69,15,3,Rainy,Medium,Late Night,Scooter,3.2,42.4
ORD_007827,10.57,30,3,Windy,Medium,Late Night,Motorcycle,3.6,61.4
ORD_007828,4.36,20,3,Clear,Medium,Morning,Scooter,4.3,35.4
ORD_007829,3.12,10,2,Clear,Medium,Late Night,Motorcycle,1.1,21.9
ORD_007830,7.13,20,3,Windy,High,Afternoon,Motorcycle,4.1,45.7
ORD_007831,9.54,20,4,Windy,High,Afternoon,Motorcycle,1.3,59.2
ORD_007832,4.7,25,3,Windy,High,Afternoon,Motorcycle,0.9,42.5
ORD_007833,7.6,15,1,Clear,Jam,Morning,Motorcycle,3.1,49.6
ORD_007834,4.08,25,2,Clear,Low,Evening Peak,Motorcycle,3.8,36.7
ORD_007835,7.8,25,2,Clear,High,Morning,Motorcycle,5.8,46.6
ORD_007836,10.87,10,2,Rainy,Low,Afternoon,Motorcycle,4.3,40.2
ORD_007837,8.46,10,2,Heavy Storm,Jam,Evening Peak,Motorcycle,3.8,59.8
ORD_007838,6.97,20,3,Clear,Low,Morning,Scooter,1.7,41.3
ORD_007839,12.91,25,4,Windy,Medium,Afternoon,Scooter,1.3,69.0
ORD_007840,4.48,20,2,Clear,Jam,Evening Peak,Electric Bike,3.8,49.4
ORD_007841,6.97,25,5,Clear,High,Morning,Scooter,1.7,52.0
ORD_007842,4.57,20,2,Clear,Low,Afternoon,Scooter,4.4,29.2
ORD_007843,6.97,20,2,Foggy,Low,Afternoon,Scooter,1.1,36.5
ORD_007844,7.64,10,3,Clear,High,Afternoon,Electric Bike,2.4,43.2
ORD_007845,8.77,10,4,Foggy,Low,Afternoon,Scooter,4.8,36.3
ORD_007846,5.33,20,3,Clear,High,Afternoon,Motorcycle,5.1,37.7
ORD_007847,1.76,25,4,Rainy,Jam,Afternoon,Scooter,2.4,39.3
ORD_007848,4.62,20,4,Rainy,Low,Morning,Scooter,1.6,40.2
ORD_007849,7.49,20,2,Rainy,Low,Afternoon,Motorcycle,5.8,41.1
ORD_007850,6.21,20,2,Clear,Low,Late Night,Scooter,4.7,37.8
ORD_007851,6.73,10,1,Foggy,Low,Late Night,Motorcycle,4.9,29.4
ORD_007852,7.91,20,2,Windy,Medium,Late Night,Motorcycle,1.7,46.6
ORD_007853,2.73,15,1,Clear,High,Evening Peak,Scooter,2.8,23.3
ORD_007854,8.14,20,3,Clear,Medium,Morning,Scooter,0.9,44.2
ORD_007855,13.27,20,3,Heavy Storm,Medium,Evening Peak,Electric Bike,1.1,86.5
ORD_007856,4.25,25,3,Foggy,Low,Late Night,Scooter,1.7,38.1
ORD_007857,8.87,15,1,Clear,Low,Morning,Motorcycle,2.2,32.7
ORD_007858,5.51,15,2,Clear,Medium,Morning,Electric Bike,6.0,35.2
ORD_007859,6.63,15,3,Clear,High,Evening Peak,Electric Bike,2.8,46.9
ORD_007860,8.39,25,4,Clear,Medium,Morning,Electric Bike,4.3,53.2
ORD_007861,6.19,15,4,Rainy,Jam,Afternoon,Scooter,5.5,53.7
ORD_007862,4.11,15,2,Clear,Low,Afternoon,Electric Bike,1.9,25.7
ORD_007863,6.35,35,2,Clear,High,Morning,Motorcycle,1.3,54.9
ORD_007864,3.11,15,2,Clear,Medium,Evening Peak,Scooter,1.8,22.4
ORD_007865,2.2,10,1,Rainy,High,Morning,Motorcycle,5.4,20.4
ORD_007866,11.26,20,2,Heavy Storm,Jam,Afternoon,Motorcycle,4.2,80.4
ORD_007867,6.82,20,1,Clear,High,Evening Peak,Scooter,3.0,45.1
ORD_007868,7.69,20,3,Windy,Medium,Evening Peak,Scooter,5.0,40.8
ORD_007869,6.0,20,8,Heavy Storm,Medium,Evening Peak,Electric Bike,1.8,62.0
ORD_007870,1.94,15,1,Clear,Medium,Morning,Scooter,1.8,22.0
ORD_007871,10.82,15,1,Clear,Medium,Evening Peak,Motorcycle,3.6,43.3
ORD_007872,4.11,15,2,Clear,High,Evening Peak,Electric Bike,4.8,33.0
ORD_007873,4.59,15,2,Clear,High,Morning,Motorcycle,1.9,27.8
ORD_007874,10.09,20,2,Clear,Low,Late Night,Motorcycle,1.7,44.4
ORD_007875,3.08,15,1,Windy,Low,Afternoon,Motorcycle,3.1,21.5
ORD_007876,4.36,20,1,Heavy Storm,Medium,Afternoon,Scooter,1.2,47.3
ORD_007877,4.19,20,2,Windy,High,Afternoon,Electric Bike,4.6,39.6
ORD_007878,3.03,15,2,Clear,Low,Evening Peak,Scooter,3.7,24.1
ORD_007879,5.57,10,3,Clear,Medium,Evening Peak,Electric Bike,3.3,32.4
ORD_007880,3.27,15,6,Clear,Medium,Evening Peak,Scooter,5.3,21.4
ORD_007881,11.09,15,2,Clear,Medium,Evening Peak,Electric Bike,4.5,59.4
ORD_007882,2.12,20,2,Clear,Jam,Late Night,Motorcycle,1.3,31.3
ORD_007883,2.54,25,3,Clear,High,Evening Peak,Electric Bike,2.8,36.5
ORD_007884,4.36,20,2,Clear,Medium,Evening Peak,Motorcycle,2.3,31.7
ORD_007885,5.21,20,3,Clear,High,Morning,Motorcycle,4.9,38.6
ORD_007886,3.55,15,2,Clear,High,Afternoon,Motorcycle,4.5,26.3
ORD_007887,7.98,20,8,Windy,Medium,Morning,Motorcycle,3.1,48.1
ORD_007888,4.71,20,2,Windy,Medium,Late Night,Scooter,5.0,35.6
ORD_007889,7.04,10,3,Windy,Jam,Evening Peak,Scooter,2.8,50.3
ORD_007890,10.64,30,1,Clear,Jam,Morning,Scooter,4.9,84.1
ORD_007891,12.67,10,2,Clear,Low,Evening Peak,Motorcycle,0.7,38.7
ORD_007892,4.42,20,3,Clear,High,Afternoon,Electric Bike,1.2,40.8
ORD_007893,5.54,20,2,Clear,Low,Evening Peak,Scooter,4.7,34.1
ORD_007894,6.17,25,2,Clear,Low,Evening Peak,Scooter,1.1,40.1
ORD_007895,4.5,30,2,Clear,Medium,Morning,Electric Bike,4.3,45.2
ORD_007896,2.92,30,1,Foggy,Medium,Afternoon,Motorcycle,4.5,40.8
ORD_007897,9.18,20,2,Windy,Medium,Afternoon,Electric Bike,4.1,56.8
ORD_007898,2.92,20,1,Clear,Medium,Evening Peak,Motorcycle,5.0,26.0
ORD_007899,9.69,10,8,Clear,Low,Late Night,Motorcycle,3.3,35.5
ORD_007900,6.75,15,2,Clear,Medium,Evening Peak,Motorcycle,5.4,30.8
ORD_007901,6.04,25,2,Clear,High,Evening Peak,Scooter,3.6,42.6
ORD_007902,3.42,15,2,Clear,Medium,Evening Peak,Motorcycle,3.3,23.8
ORD_007903,1.67,10,2,Clear,Medium,Morning,Motorcycle,3.3,13.3
ORD_007904,9.05,15,3,Windy,High,Afternoon,Motorcycle,5.5,45.3
ORD_007905,3.39,15,2,Rainy,High,Afternoon,Motorcycle,1.8,28.9
ORD_007906,6.99,15,1,Clear,Medium,Afternoon,Electric Bike,4.3,36.8
ORD_007907,7.2,15,2,Clear,Low,Evening Peak,Motorcycle,1.8,25.1
ORD_007908,5.26,15,4,Windy,Jam,Evening Peak,Motorcycle,1.0,43.0
ORD_007909,6.08,15,3,Clear,Medium,Evening Peak,Motorcycle,5.7,31.9
ORD_007910,6.7,10,3,Rainy,Medium,Late Night,Motorcycle,1.2,39.2
ORD_007911,5.81,25,1,Clear,High,Evening Peak,Motorcycle,4.3,44.3
ORD_007912,3.2,20,3,Foggy,High,Morning,Scooter,2.8,35.3
ORD_007913,2.13,20,1,Clear,High,Afternoon,Motorcycle,5.1,25.6
ORD_007914,3.57,20,1,Foggy,Low,Evening Peak,Scooter,4.8,30.1
ORD_007915,4.21,15,2,Clear,High,Evening Peak,Motorcycle,1.3,28.8
ORD_007916,10.96,25,3,Clear,High,Evening Peak,Motorcycle,3.1,62.2
ORD_007917,2.6,30,2,Rainy,Medium,Late Night,Scooter,0.7,44.8
ORD_007918,11.86,10,3,Foggy,Low,Afternoon,Scooter,2.9,43.4
ORD_007919,14.05,10,4,Rainy,Medium,Morning,Scooter,4.4,61.7
ORD_007920,3.64,20,3,Clear,Low,Afternoon,Motorcycle,1.8,26.0
ORD_007921,13.77,15,3,Windy,Jam,Afternoon,Motorcycle,5.0,75.8
ORD_007922,4.83,30,4,Clear,High,Evening Peak,Motorcycle,0.8,50.7
ORD_007923,4.39,20,8,Clear,Medium,Morning,Scooter,0.7,38.4
ORD_007924,10.96,15,3,Windy,High,Late Night,Motorcycle,0.7,56.0
ORD_007925,5.93,15,1,Clear,Medium,Morning,Electric Bike,2.0,35.7
ORD_007926,5.44,20,2,Clear,Low,Afternoon,Motorcycle,3.1,29.6
ORD_007927,3.54,10,3,Clear,Medium,Evening Peak,Motorcycle,1.1,19.4
ORD_007928,3.72,25,4,Clear,Jam,Late Night,Motorcycle,6.0,40.2
ORD_007929,5.55,10,2,Clear,High,Evening Peak,Electric Bike,6.0,33.0
ORD_007930,10.96,35,3,Foggy,Jam,Afternoon,Electric Bike,3.4,95.0
ORD_007931,2.61,15,3,Clear,Low,Morning,Electric Bike,3.6,21.9
ORD_007932,4.98,20,8,Windy,Low,Late Night,Scooter,5.6,34.9
ORD_007933,2.33,10,2,Clear,Low,Morning,Motorcycle,4.7,12.1
ORD_007934,3.43,15,1,Clear,High,Morning,Scooter,1.4,30.4
ORD_007935,7.57,20,6,Windy,Low,Morning,Motorcycle,4.9,41.1
ORD_007936,3.07,10,1,Windy,Medium,Evening Peak,Motorcycle,1.8,20.1
ORD_007937,9.42,15,2,Clear,Medium,Late Night,Motorcycle,2.9,44.4
ORD_007938,3.07,15,3,Foggy,Jam,Evening Peak,Scooter,3.4,36.1
ORD_007939,3.79,15,1,Windy,Medium,Afternoon,Scooter,4.4,25.5
ORD_007940,1.76,20,5,Rainy,High,Afternoon,Scooter,1.3,39.1
ORD_007941,9.43,25,3,Windy,Medium,Evening Peak,Motorcycle,0.9,54.2
ORD_007942,8.66,10,2,Foggy,Medium,Afternoon,Scooter,5.3,41.4
ORD_007943,2.36,10,2,Foggy,Medium,Morning,Scooter,5.0,20.9
ORD_007944,4.41,15,1,Clear,Low,Morning,Scooter,3.4,22.7
ORD_007945,4.2,25,4,Windy,Medium,Evening Peak,Motorcycle,4.1,39.6
ORD_007946,3.99,25,2,Clear,Medium,Late Night,Motorcycle,4.5,30.8
ORD_007947,14.11,20,1,Rainy,High,Evening Peak,Motorcycle,3.1,72.1
ORD_007948,3.96,25,3,Clear,Medium,Afternoon,Electric Bike,1.9,44.2
ORD_007949,3.16,25,5,Windy,Medium,Morning,Electric Bike,3.1,41.7
ORD_007950,1.86,15,3,Clear,High,Evening Peak,Motorcycle,5.7,15.8
ORD_007951,3.25,15,8,Windy,Medium,Evening Peak,Motorcycle,5.1,30.5
ORD_007952,10.94,15,2,Clear,Medium,Evening Peak,Motorcycle,3.1,43.2
ORD_007953,5.89,15,1,Foggy,Medium,Late Night,Scooter,1.7,36.0
ORD_007954,5.9,20,6,Clear,Low,Morning,Motorcycle,5.4,33.1
ORD_007955,3.36,20,2,Clear,Low,Afternoon,Electric Bike,4.0,25.7
ORD_007956,9.98,20,3,Clear,Low,Afternoon,Scooter,2.7,44.8
ORD_007957,7.05,15,2,Clear,High,Evening Peak,Scooter,1.1,40.0
ORD_007958,4.02,25,1,Clear,Medium,Morning,Electric Bike,4.6,40.9
ORD_007959,2.9,15,2,Clear,Medium,Afternoon,Scooter,2.2,22.5
ORD_007960,4.98,15,2,Clear,High,Evening Peak,Motorcycle,3.8,32.1
ORD_007961,3.04,35,3,Rainy,Jam,Morning,Scooter,3.6,57.1
ORD_007962,4.66,15,2,Clear,High,Evening Peak,Motorcycle,4.3,30.4
ORD_007963,5.59,15,8,Foggy,Low,Morning,Scooter,3.5,31.6
ORD_007964,3.45,20,4,Clear,Medium,Afternoon,Motorcycle,4.0,27.7
ORD_007965,1.35,25,3,Foggy,Low,Evening Peak,Motorcycle,0.9,35.0
ORD_007966,6.58,10,2,Windy,Low,Evening Peak,Electric Bike,4.2,28.8
ORD_007967,3.51,20,3,Foggy,Low,Afternoon,Electric Bike,1.6,34.6
ORD_007968,5.56,30,6,Clear,Medium,Afternoon,Electric Bike,2.7,49.6
ORD_007969,4.77,15,8,Rainy,Low,Afternoon,Motorcycle,3.3,38.6
ORD_007970,12.74,15,4,Clear,Medium,Evening Peak,Scooter,4.3,55.4
ORD_007971,5.23,20,1,Windy,High,Evening Peak,Electric Bike,4.6,42.0
ORD_007972,8.62,15,6,Windy,High,Afternoon,Electric Bike,4.4,58.7
ORD_007973,4.15,15,3,Heavy Storm,Medium,Evening Peak,Motorcycle,1.0,42.7
ORD_007974,3.07,25,3,Clear,High,Evening Peak,Motorcycle,2.6,37.0
ORD_007975,6.75,20,1,Clear,Medium,Afternoon,Motorcycle,2.0,38.6
ORD_007976,3.37,10,1,Clear,Medium,Evening Peak,Electric Bike,2.7,24.6
ORD_007977,7.76,15,2,Rainy,High,Morning,Scooter,4.1,42.2
ORD_007978,2.51,20,3,Clear,Medium,Morning,Scooter,1.6,29.5
ORD_007979,6.25,15,3,Clear,Medium,Morning,Motorcycle,3.3,32.3
ORD_007980,5.15,20,2,Clear,Low,Late Night,Scooter,5.4,31.7
ORD_007981,11.36,25,4,Clear,Medium,Morning,Motorcycle,4.5,56.9
ORD_007982,6.62,15,3,Clear,High,Afternoon,Scooter,4.5,38.7
ORD_007983,4.82,35,2,Rainy,High,Evening Peak,Scooter,5.2,61.6
ORD_007984,8.1,30,2,Clear,Low,Late Night,Motorcycle,2.7,46.3
ORD_007985,1.34,10,2,Clear,Medium,Afternoon,Electric Bike,4.7,15.7
ORD_007986,7.09,15,4,Clear,Medium,Evening Peak,Motorcycle,0.8,34.1
ORD_007987,7.44,15,2,Foggy,Jam,Evening Peak,Scooter,0.8,58.1
ORD_007988,7.93,15,4,Foggy,Medium,Late Night,Electric Bike,2.3,52.9
ORD_007989,7.61,15,2,Foggy,Low,Late Night,Scooter,1.6,39.4
ORD_007990,6.92,15,2,Foggy,Low,Afternoon,Motorcycle,3.4,34.0
ORD_007991,4.25,10,1,Rainy,Low,Evening Peak,Motorcycle,1.5,20.2
ORD_007992,5.66,10,1,Clear,High,Evening Peak,Motorcycle,5.9,27.3
ORD_007993,3.62,10,1,Rainy,Medium,Evening Peak,Motorcycle,5.2,26.0
ORD_007994,3.2,10,3,Clear,Medium,Afternoon,Scooter,5.9,18.2
ORD_007995,4.35,15,3,Clear,High,Late Night,Motorcycle,4.9,29.2
ORD_007996,4.67,15,3,Clear,Medium,Late Night,Electric Bike,5.7,32.0
ORD_007997,6.43,30,4,Clear,Jam,Late Night,Motorcycle,2.5,61.9
ORD_007998,10.37,10,2,Clear,High,Afternoon,Scooter,3.2,49.0
ORD_007999,8.53,30,2,Rainy,Low,Afternoon,Electric Bike,1.8,65.6
ORD_008000,6.14,10,6,Clear,Medium,Evening Peak,Electric Bike,4.0,35.0
ORD_008001,9.65,20,1,Windy,High,Evening Peak,Electric Bike,4.8,61.6
ORD_008002,5.26,15,2,Rainy,Medium,Afternoon,Motorcycle,3.2,37.8
ORD_008003,6.98,25,6,Clear,Jam,Afternoon,Scooter,2.1,65.8
ORD_008004,4.26,10,2,Clear,High,Morning,Motorcycle,3.3,25.8
ORD_008005,5.18,30,5,Windy,High,Evening Peak,Scooter,0.8,58.6
ORD_008006,4.49,10,4,Clear,Low,Evening Peak,Motorcycle,4.5,20.3
ORD_008007,2.04,15,5,Windy,Low,Evening Peak,Motorcycle,3.0,23.9
ORD_008008,2.06,15,3,Clear,Medium,Evening Peak,Scooter,5.4,18.6
ORD_008009,2.38,25,2,Clear,High,Evening Peak,Motorcycle,5.6,34.5
ORD_008010,6.17,30,3,Windy,Low,Late Night,Motorcycle,1.2,41.4
ORD_008011,10.5,15,2,Heavy Storm,High,Evening Peak,Motorcycle,6.0,58.7
ORD_008012,9.63,25,1,Clear,High,Afternoon,Scooter,5.8,57.9
ORD_008013,7.02,20,2,Foggy,Medium,Evening Peak,Scooter,3.9,42.0
ORD_008014,3.86,20,2,Clear,Medium,Morning,Motorcycle,5.0,26.7
ORD_008015,3.14,20,1,Rainy,Medium,Evening Peak,Electric Bike,0.6,36.8
ORD_008016,5.56,10,2,Clear,Low,Late Night,Scooter,5.8,25.1
ORD_008017,3.8,15,5,Heavy Storm,Low,Evening Peak,Scooter,3.0,42.0
ORD_008018,2.26,25,1,Clear,High,Late Night,Scooter,5.5,31.3
ORD_008019,2.89,15,6,Heavy Storm,Medium,Afternoon,Motorcycle,2.6,35.8
ORD_008020,4.24,25,2,Rainy,Medium,Afternoon,Motorcycle,4.8,41.5
ORD_008021,10.3,25,3,Rainy,Medium,Morning,Motorcycle,2.8,56.9
ORD_008022,1.91,25,1,Rainy,Medium,Afternoon,Scooter,2.5,38.6
ORD_008023,2.56,10,4,Rainy,Low,Morning,Scooter,5.7,24.2
ORD_008024,4.45,15,3,Foggy,High,Afternoon,Motorcycle,4.3,31.8
ORD_008025,3.34,10,1,Rainy,Medium,Morning,Scooter,5.1,26.1
ORD_008026,6.56,35,2,Clear,Low,Afternoon,Scooter,3.5,53.8
ORD_008027,4.52,15,3,Rainy,Low,Late Night,Scooter,5.6,30.2
ORD_008028,2.24,15,2,Clear,Low,Evening Peak,Scooter,4.6,18.4
ORD_008029,3.85,15,2,Foggy,Low,Afternoon,Electric Bike,0.9,29.8
ORD_008030,5.69,10,2,Foggy,Low,Afternoon,Motorcycle,4.7,25.5
ORD_008031,7.46,15,2,Rainy,Low,Afternoon,Scooter,0.6,46.3
ORD_008032,2.54,10,2,Foggy,Low,Morning,Electric Bike,5.1,20.4
ORD_008033,5.9,15,3,Clear,Medium,Late Night,Motorcycle,2.3,30.7
ORD_008034,4.31,30,5,Foggy,Low,Evening Peak,Motorcycle,3.8,45.8
ORD_008035,9.58,20,1,Clear,High,Evening Peak,Scooter,4.6,53.2
ORD_008036,3.88,20,2,Clear,High,Evening Peak,Motorcycle,4.0,32.7
ORD_008037,2.27,15,2,Rainy,Medium,Evening Peak,Motorcycle,4.2,28.2
ORD_008038,3.47,25,2,Rainy,High,Evening Peak,Scooter,5.4,44.6
ORD_008039,1.62,30,3,Rainy,Low,Afternoon,Scooter,2.6,39.0
ORD_008040,1.7,30,2,Windy,Medium,Afternoon,Motorcycle,3.5,36.6
ORD_008041,1.9,10,1,Clear,High,Afternoon,Motorcycle,1.5,13.7
ORD_008042,6.6,25,2,Clear,Jam,Late Night,Electric Bike,3.1,63.8
ORD_008043,6.18,15,3,Clear,Medium,Morning,Electric Bike,1.3,42.2
ORD_008044,6.8,15,6,Clear,Medium,Morning,Electric Bike,4.0,45.7
ORD_008045,3.65,15,1,Clear,Medium,Late Night,Scooter,2.3,26.8
ORD_008046,2.93,20,3,Rainy,Medium,Evening Peak,Scooter,5.2,35.9
ORD_008047,15.43,20,2,Clear,High,Evening Peak,Motorcycle,2.4,71.4
ORD_008048,5.51,10,2,Foggy,Medium,Evening Peak,Motorcycle,2.1,30.4
ORD_008049,2.74,25,3,Clear,Medium,Late Night,Motorcycle,3.2,32.4
ORD_008050,11.1,15,2,Windy,High,Late Night,Motorcycle,1.5,51.2
ORD_008051,10.19,10,1,Clear,Low,Late Night,Motorcycle,1.6,32.4
ORD_008052,7.2,15,4,Rainy,High,Evening Peak,Motorcycle,4.8,41.8
ORD_008053,4.64,20,2,Clear,High,Morning,Motorcycle,3.2,30.5
ORD_008054,3.16,10,6,Foggy,High,Evening Peak,Scooter,1.6,29.1
ORD_008055,3.96,15,2,Windy,Low,Evening Peak,Scooter,0.7,29.7
ORD_008056,9.41,35,1,Foggy,Low,Evening Peak,Scooter,3.1,61.5
ORD_008057,3.38,25,1,Clear,Jam,Late Night,Motorcycle,4.6,39.2
ORD_008058,2.49,10,3,Rainy,Low,Afternoon,Electric Bike,2.4,23.1
ORD_008059,7.14,20,4,Rainy,Medium,Evening Peak,Scooter,1.9,50.1
ORD_008060,4.98,15,3,Rainy,Low,Afternoon,Scooter,2.7,35.3
ORD_008061,3.46,20,4,Clear,High,Afternoon,Electric Bike,5.8,35.8
ORD_008062,3.63,15,2,Foggy,Low,Evening Peak,Electric Bike,2.8,29.4
ORD_008063,1.52,10,1,Windy,Low,Morning,Motorcycle,1.9,13.0
ORD_008064,3.78,15,4,Clear,Medium,Late Night,Motorcycle,3.6,27.7
ORD_008065,8.92,10,2,Foggy,Low,Late Night,Motorcycle,5.0,32.9
ORD_008066,2.95,15,3,Windy,High,Late Night,Scooter,0.6,29.4
ORD_008067,16.86,30,1,Clear,High,Morning,Scooter,3.6,91.2
ORD_008068,5.04,35,2,Clear,Medium,Evening Peak,Motorcycle,5.1,50.8
ORD_008069,2.17,30,2,Windy,High,Late Night,Motorcycle,1.7,40.2
ORD_008070,5.8,35,6,Rainy,High,Late Night,Scooter,5.6,62.6
ORD_008071,2.94,10,3,Rainy,Low,Morning,Scooter,3.7,26.5
ORD_008072,7.23,20,3,Rainy,Low,Evening Peak,Scooter,3.3,44.3
ORD_008073,9.76,15,3,Clear,High,Late Night,Scooter,5.8,46.5
ORD_008074,8.06,25,2,Clear,High,Evening Peak,Motorcycle,1.2,54.9
ORD_008075,7.95,25,1,Clear,High,Late Night,Motorcycle,4.6,49.3
ORD_008076,3.97,15,2,Clear,Low,Evening Peak,Motorcycle,5.0,21.5
ORD_008077,2.99,15,2,Clear,Low,Morning,Scooter,3.2,22.1
ORD_008078,6.76,15,4,Clear,Medium,Late Night,Scooter,0.5,37.6
ORD_008079,3.11,15,3,Clear,Low,Evening Peak,Motorcycle,3.4,20.1
ORD_008080,4.05,35,3,Windy,Medium,Afternoon,Motorcycle,1.3,50.7
ORD_008081,3.18,25,2,Clear,High,Evening Peak,Electric Bike,3.6,39.3
ORD_008082,3.4,15,1,Clear,Medium,Evening Peak,Motorcycle,4.6,22.4
ORD_008083,7.06,15,3,Clear,Low,Evening Peak,Scooter,3.4,32.4
ORD_008084,3.28,10,1,Clear,High,Evening Peak,Scooter,4.0,20.7
ORD_008085,7.14,35,2,Foggy,Low,Morning,Motorcycle,1.1,55.5
ORD_008086,9.73,30,3,Clear,Low,Late Night,Motorcycle,1.0,54.6
ORD_008087,3.71,20,2,Clear,Low,Evening Peak,Scooter,5.2,28.8
ORD_008088,2.68,20,5,Windy,Medium,Evening Peak,Scooter,0.8,35.9
ORD_008089,8.65,20,1,Clear,Medium,Evening Peak,Motorcycle,2.1,43.1
ORD_008090,6.0,15,2,Windy,Low,Evening Peak,Motorcycle,5.7,28.5
ORD_008091,3.23,30,4,Clear,Low,Evening Peak,Motorcycle,3.0,36.6
ORD_008092,4.17,20,1,Clear,Medium,Afternoon,Scooter,4.2,27.8
ORD_008093,6.29,10,3,Clear,High,Evening Peak,Motorcycle,1.7,31.3
ORD_008094,2.02,15,3,Clear,Jam,Evening Peak,Scooter,2.0,28.4
ORD_008095,12.04,20,5,Clear,Low,Evening Peak,Motorcycle,3.3,46.7
ORD_008096,8.25,15,4,Clear,High,Late Night,Motorcycle,4.0,44.2
ORD_008097,5.1,20,5,Clear,Low,Late Night,Motorcycle,5.8,28.2
ORD_008098,11.7,25,3,Windy,Low,Morning,Motorcycle,3.7,50.3
ORD_008099,10.63,25,1,Clear,Medium,Morning,Motorcycle,1.0,56.1
ORD_008100,4.54,20,1,Clear,Medium,Evening Peak,Motorcycle,2.5,33.3
ORD_008101,4.34,20,3,Heavy Storm,Medium,Morning,Motorcycle,1.8,44.2
ORD_008102,4.44,15,2,Clear,Low,Late Night,Electric Bike,1.9,28.8
ORD_008103,6.88,15,2,Clear,Jam,Evening Peak,Motorcycle,3.3,43.5
ORD_008104,6.58,15,3,Rainy,Low,Evening Peak,Scooter,2.2,39.1
ORD_008105,1.7,30,3,Clear,Low,Morning,Scooter,2.1,37.0
ORD_008106,6.33,30,5,Rainy,Medium,Afternoon,Motorcycle,5.8,56.8
ORD_008107,6.31,15,1,Clear,Jam,Afternoon,Scooter,3.7,44.0
ORD_008108,4.47,25,1,Clear,Jam,Morning,Motorcycle,1.9,41.8
ORD_008109,5.28,20,3,Clear,Low,Evening Peak,Scooter,2.0,32.0
ORD_008110,1.87,35,1,Windy,Low,Late Night,Scooter,5.0,38.3
ORD_008111,2.45,15,1,Clear,Medium,Afternoon,Scooter,5.4,24.6
ORD_008112,3.11,20,1,Clear,High,Late Night,Scooter,4.2,27.5
ORD_008113,6.93,20,2,Heavy Storm,High,Morning,Motorcycle,2.9,57.6
ORD_008114,10.0,10,4,Clear,Medium,Evening Peak,Electric Bike,4.7,49.4
ORD_008115,6.68,10,4,Windy,Low,Evening Peak,Motorcycle,5.7,25.3
ORD_008116,5.44,10,2,Foggy,Low,Afternoon,Electric Bike,1.4,30.0
ORD_008117,7.53,15,3,Clear,High,Afternoon,Motorcycle,5.2,41.7
ORD_008118,1.2,15,3,Windy,Medium,Evening Peak,Motorcycle,5.2,18.6
ORD_008119,9.54,20,8,Heavy Storm,High,Evening Peak,Electric Bike,2.5,81.0
ORD_008120,4.71,20,1,Foggy,Medium,Evening Peak,Electric Bike,2.1,39.8
ORD_008121,8.87,35,2,Clear,High,Late Night,Scooter,3.6,68.7
ORD_008122,7.25,15,5,Clear,Low,Evening Peak,Motorcycle,2.0,32.4
ORD_008123,3.23,30,2,Clear,High,Morning,Scooter,1.3,44.0
ORD_008124,5.83,20,3,Windy,High,Late Night,Motorcycle,5.7,39.5
ORD_008125,3.39,15,2,Clear,Medium,Evening Peak,Scooter,3.2,27.1
ORD_008126,6.54,20,2,Clear,Low,Morning,Electric Bike,3.1,42.3
ORD_008127,12.87,20,4,Clear,Low,Evening Peak,Motorcycle,1.2,50.0
ORD_008128,6.56,15,3,Clear,High,Afternoon,Motorcycle,3.3,36.0
ORD_008129,3.15,25,4,Windy,Medium,Late Night,Motorcycle,4.6,33.0
ORD_008130,8.26,20,2,Foggy,Low,Evening Peak,Motorcycle,1.9,43.0
ORD_008131,3.05,35,2,Clear,Jam,Afternoon,Electric Bike,2.5,54.0
ORD_008132,9.77,30,2,Clear,High,Evening Peak,Motorcycle,1.5,63.7
ORD_008133,2.75,20,4,Rainy,High,Afternoon,Electric Bike,2.5,39.9
ORD_008134,9.04,20,2,Rainy,High,Morning,Scooter,5.2,57.1
ORD_008135,3.77,30,3,Rainy,Medium,Morning,Motorcycle,1.8,49.6
ORD_008136,6.94,30,2,Clear,High,Evening Peak,Scooter,0.7,57.1
ORD_008137,8.3,25,3,Clear,Medium,Afternoon,Motorcycle,3.4,48.6
ORD_008138,5.79,25,2,Clear,High,Afternoon,Motorcycle,3.7,47.8
ORD_008139,4.01,10,2,Rainy,Medium,Morning,Motorcycle,2.3,29.3
ORD_008140,5.91,25,3,Clear,Jam,Afternoon,Motorcycle,4.0,56.8
ORD_008141,4.71,15,3,Rainy,High,Evening Peak,Scooter,0.7,42.5
ORD_008142,5.19,20,3,Clear,Low,Evening Peak,Motorcycle,2.4,34.4
ORD_008143,2.03,15,4,Clear,Low,Afternoon,Scooter,1.3,22.6
ORD_008144,7.41,15,2,Clear,High,Afternoon,Motorcycle,1.8,37.2
ORD_008145,5.69,15,2,Clear,Low,Afternoon,Electric Bike,2.6,33.9
ORD_008146,1.77,25,3,Rainy,Medium,Late Night,Motorcycle,3.2,36.7
ORD_008147,4.16,25,3,Clear,Medium,Morning,Motorcycle,1.0,36.4
ORD_008148,1.45,20,8,Clear,Low,Evening Peak,Motorcycle,1.1,25.4
ORD_008149,5.26,20,2,Clear,High,Late Night,Scooter,4.2,39.9
ORD_008150,6.83,35,3,Clear,High,Late Night,Electric Bike,2.7,68.4
ORD_008151,3.46,15,1,Clear,Jam,Evening Peak,Motorcycle,1.5,30.3
ORD_008152,3.32,20,1,Clear,Low,Morning,Scooter,1.8,29.3
ORD_008153,4.04,20,2,Clear,Low,Morning,Scooter,4.5,31.1
ORD_008154,3.31,30,3,Clear,Medium,Afternoon,Motorcycle,0.8,42.2
ORD_008155,2.98,15,2,Heavy Storm,High,Afternoon,Motorcycle,3.3,40.7
ORD_008156,1.64,35,1,Clear,Medium,Late Night,Motorcycle,2.5,38.1
ORD_008157,3.25,15,2,Foggy,Low,Evening Peak,Electric Bike,5.0,28.0
ORD_008158,2.06,10,2,Foggy,Medium,Evening Peak,Scooter,4.8,21.2
ORD_008159,9.52,15,1,Rainy,Medium,Evening Peak,Motorcycle,4.3,46.0
ORD_008160,10.48,15,4,Clear,Medium,Afternoon,Electric Bike,2.6,54.3
ORD_008161,6.61,20,3,Clear,Medium,Morning,Motorcycle,4.0,36.1
ORD_008162,9.25,20,3,Clear,High,Afternoon,Scooter,4.0,52.3
ORD_008163,3.1,15,3,Clear,Medium,Morning,Motorcycle,2.3,24.1
ORD_008164,6.79,20,1,Clear,Medium,Evening Peak,Scooter,5.3,41.9
ORD_008165,6.69,25,2,Clear,High,Afternoon,Scooter,5.9,47.0
ORD_008166,5.96,25,1,Windy,Medium,Morning,Scooter,2.2,43.3
ORD_008167,3.97,20,4,Clear,High,Evening Peak,Scooter,4.9,38.1
ORD_008168,5.04,30,3,Rainy,Medium,Evening Peak,Motorcycle,3.3,46.4
ORD_008169,5.83,20,2,Clear,Medium,Morning,Electric Bike,3.1,36.5
ORD_008170,5.75,10,2,Windy,Medium,Evening Peak,Motorcycle,2.6,27.9
ORD_008171,2.88,15,3,Foggy,Medium,Late Night,Electric Bike,2.1,31.3
ORD_008172,10.12,15,3,Clear,Medium,Afternoon,Motorcycle,5.6,43.0
ORD_008173,5.27,20,4,Rainy,Low,Late Night,Motorcycle,4.6,41.2
ORD_008174,7.68,30,1,Clear,High,Evening Peak,Scooter,2.9,58.0
ORD_008175,3.66,25,5,Heavy Storm,Jam,Morning,Motorcycle,4.6,52.3
ORD_008176,6.55,15,4,Clear,High,Late Night,Motorcycle,4.5,38.8
ORD_008177,5.48,20,2,Foggy,Medium,Evening Peak,Scooter,2.0,36.6
ORD_008178,3.05,20,1,Clear,High,Evening Peak,Motorcycle,1.5,30.2
ORD_008179,5.09,35,3,Clear,Jam,Evening Peak,Motorcycle,5.1,58.8
ORD_008180,4.25,10,3,Clear,Medium,Afternoon,Scooter,5.0,21.8
ORD_008181,4.5,15,1,Clear,Medium,Afternoon,Scooter,6.0,26.0
ORD_008182,8.45,35,5,Clear,Medium,Evening Peak,Motorcycle,0.6,61.4
ORD_008183,4.76,35,3,Foggy,Low,Late Night,Scooter,3.5,47.7
ORD_008184,8.17,15,2,Foggy,Medium,Afternoon,Scooter,4.4,42.0
ORD_008185,6.9,10,3,Clear,Low,Late Night,Motorcycle,3.7,28.6
ORD_008186,5.4,20,2,Clear,High,Late Night,Electric Bike,4.4,44.1
ORD_008187,8.73,25,1,Clear,High,Afternoon,Motorcycle,1.3,53.0
ORD_008188,8.34,15,3,Windy,Medium,Afternoon,Scooter,0.5,46.9
ORD_008189,5.41,30,1,Clear,Medium,Evening Peak,Electric Bike,1.0,54.2
ORD_008190,5.64,15,4,Foggy,Medium,Morning,Motorcycle,2.6,32.3
ORD_008191,8.78,20,1,Foggy,High,Evening Peak,Scooter,2.3,54.0
ORD_008192,7.15,20,2,Windy,High,Afternoon,Motorcycle,5.3,41.9
ORD_008193,10.06,15,2,Foggy,Low,Afternoon,Motorcycle,1.0,43.6
ORD_008194,4.71,15,2,Heavy Storm,High,Evening Peak,Scooter,2.9,46.1
ORD_008195,2.61,15,2,Rainy,High,Evening Peak,Scooter,5.8,30.6
ORD_008196,3.4,25,3,Windy,Low,Evening Peak,Motorcycle,3.3,34.6
ORD_008197,1.7,10,2,Clear,High,Evening Peak,Motorcycle,1.2,19.1
ORD_008198,3.28,20,3,Clear,Medium,Evening Peak,Motorcycle,2.1,28.3
ORD_008199,7.11,20,1,Clear,Low,Afternoon,Motorcycle,3.9,31.8
ORD_008200,4.75,20,2,Clear,Medium,Afternoon,Motorcycle,0.6,33.2
ORD_008201,3.04,30,2,Foggy,Medium,Late Night,Scooter,5.8,40.1
ORD_008202,3.71,20,2,Heavy Storm,Medium,Afternoon,Scooter,3.6,44.0
ORD_008203,5.97,20,2,Clear,Jam,Evening Peak,Motorcycle,4.4,43.9
ORD_008204,3.82,20,4,Clear,Low,Afternoon,Scooter,3.2,35.9
ORD_008205,4.45,20,2,Clear,Medium,Evening Peak,Motorcycle,5.8,27.5
ORD_008206,2.09,10,3,Rainy,Medium,Morning,Motorcycle,3.7,18.6
ORD_008207,9.4,25,3,Clear,High,Morning,Scooter,4.1,60.9
ORD_008208,10.15,10,2,Clear,Low,Late Night,Electric Bike,5.2,37.9
ORD_008209,3.13,20,4,Clear,Low,Evening Peak,Scooter,5.2,28.9
ORD_008210,4.16,20,2,Rainy,Jam,Evening Peak,Electric Bike,0.7,50.4
ORD_008211,1.61,15,3,Clear,Medium,Evening Peak,Motorcycle,2.1,21.8
ORD_008212,8.97,10,1,Windy,Jam,Morning,Scooter,1.9,57.1
ORD_008213,2.41,10,2,Clear,Medium,Evening Peak,Motorcycle,0.5,18.6
ORD_008214,4.96,15,2,Windy,Medium,Evening Peak,Electric Bike,5.3,31.5
ORD_008215,2.79,25,1,Clear,High,Morning,Motorcycle,2.2,32.4
ORD_008216,5.02,25,2,Rainy,Jam,Evening Peak,Electric Bike,2.4,66.7
ORD_008217,8.03,10,4,Foggy,Low,Afternoon,Motorcycle,1.0,33.2
ORD_008218,6.88,15,4,Clear,Low,Evening Peak,Scooter,5.9,29.8
ORD_008219,7.17,25,3,Clear,Medium,Evening Peak,Electric Bike,5.0,53.3
ORD_008220,2.27,15,8,Clear,Low,Afternoon,Motorcycle,3.6,20.7
ORD_008221,4.89,35,5,Clear,High,Morning,Scooter,4.7,54.1
ORD_008222,13.73,15,3,Foggy,Jam,Evening Peak,Electric Bike,4.8,95.0
ORD_008223,5.77,20,2,Heavy Storm,High,Evening Peak,Scooter,4.1,59.9
ORD_008224,5.13,15,1,Windy,Medium,Evening Peak,Scooter,1.5,32.0
ORD_008225,4.36,10,3,Clear,High,Evening Peak,Motorcycle,4.5,25.8
ORD_008226,5.47,15,2,Windy,Medium,Evening Peak,Motorcycle,3.6,27.9
ORD_008227,5.01,20,1,Foggy,Low,Afternoon,Motorcycle,4.5,35.8
ORD_008228,12.4,15,5,Heavy Storm,Medium,Afternoon,Scooter,3.5,66.1
ORD_008229,7.75,20,1,Clear,High,Afternoon,Motorcycle,5.8,42.1
ORD_008230,4.68,15,3,Clear,Medium,Morning,Motorcycle,3.9,34.7
ORD_008231,7.54,15,2,Clear,High,Late Night,Scooter,3.7,43.2
ORD_008232,3.27,20,2,Clear,Low,Morning,Motorcycle,5.1,27.9
ORD_008233,4.97,15,3,Clear,High,Morning,Scooter,2.6,29.4
ORD_008234,3.82,15,2,Clear,Low,Afternoon,Scooter,2.2,22.1
ORD_008235,7.26,15,3,Clear,Medium,Afternoon,Motorcycle,3.3,35.1
ORD_008236,4.77,20,3,Clear,Medium,Morning,Motorcycle,3.7,34.1
ORD_008237,5.43,30,3,Clear,Medium,Evening Peak,Scooter,1.7,46.4
ORD_008238,4.57,25,8,Rainy,Medium,Morning,Motorcycle,4.3,42.5
ORD_008239,6.12,15,2,Clear,Medium,Morning,Motorcycle,4.9,29.3
ORD_008240,7.32,15,2,Foggy,Medium,Morning,Scooter,3.7,40.2
ORD_008241,10.17,10,2,Clear,Medium,Evening Peak,Motorcycle,3.4,34.9
ORD_008242,4.33,10,5,Clear,Medium,Morning,Motorcycle,2.1,25.8
ORD_008243,2.88,15,3,Heavy Storm,Low,Evening Peak,Motorcycle,5.5,38.3
ORD_008244,6.3,15,5,Windy,Medium,Afternoon,Scooter,4.6,35.1
ORD_008245,2.48,15,3,Foggy,High,Evening Peak,Electric Bike,3.1,32.8
ORD_008246,4.26,15,2,Windy,Medium,Morning,Scooter,4.1,29.0
ORD_008247,2.14,15,3,Clear,Medium,Afternoon,Motorcycle,2.4,20.1
ORD_008248,19.9,10,1,Windy,Low,Evening Peak,Motorcycle,0.8,53.4
ORD_008249,9.45,15,3,Clear,Medium,Late Night,Motorcycle,1.6,40.2
ORD_008250,8.96,20,1,Rainy,Low,Afternoon,Electric Bike,0.9,55.1
ORD_008251,10.45,15,2,Windy,Medium,Evening Peak,Scooter,3.3,52.4
ORD_008252,8.42,15,3,Foggy,Low,Morning,Electric Bike,3.9,44.9
ORD_008253,5.79,10,1,Rainy,Low,Evening Peak,Scooter,2.6,31.2
ORD_008254,5.88,15,3,Rainy,Low,Evening Peak,Motorcycle,3.4,30.5
ORD_008255,9.89,25,2,Clear,Medium,Late Night,Electric Bike,1.0,61.9
ORD_008256,10.26,10,4,Clear,High,Evening Peak,Motorcycle,4.7,44.1
ORD_008257,3.02,20,2,Rainy,Medium,Afternoon,Scooter,0.7,37.4
ORD_008258,4.7,20,3,Clear,High,Afternoon,Scooter,4.0,38.8
ORD_008259,5.33,20,1,Clear,Low,Morning,Electric Bike,2.9,32.5
ORD_008260,8.56,25,3,Clear,Medium,Evening Peak,Motorcycle,1.5,49.7
ORD_008261,3.28,25,4,Clear,Medium,Evening Peak,Scooter,3.4,37.2
ORD_008262,3.09,10,4,Windy,High,Evening Peak,Motorcycle,4.8,18.9
ORD_008263,2.38,15,3,Rainy,High,Afternoon,Scooter,2.8,30.9
ORD_008264,3.86,20,3,Clear,Medium,Evening Peak,Motorcycle,2.5,28.8
ORD_008265,4.23,30,3,Foggy,Medium,Evening Peak,Motorcycle,1.3,49.1
ORD_008266,11.51,25,2,Clear,High,Morning,Scooter,3.8,71.1
ORD_008267,8.02,15,4,Windy,High,Afternoon,Motorcycle,5.1,41.8
ORD_008268,8.56,15,3,Foggy,Medium,Evening Peak,Electric Bike,3.6,57.2
ORD_008269,2.82,25,1,Foggy,Low,Evening Peak,Motorcycle,1.4,33.6
ORD_008270,4.54,15,3,Clear,Medium,Morning,Motorcycle,4.1,28.1
ORD_008271,7.48,20,2,Clear,High,Evening Peak,Motorcycle,0.7,44.7
ORD_008272,5.54,20,4,Rainy,Medium,Evening Peak,Motorcycle,5.1,40.9
ORD_008273,6.78,10,2,Clear,Medium,Morning,Electric Bike,5.6,32.8
ORD_008274,2.4,25,2,Clear,Medium,Evening Peak,Electric Bike,3.8,33.4
ORD_008275,5.42,25,2,Clear,Jam,Late Night,Motorcycle,5.3,47.0
ORD_008276,7.7,15,1,Rainy,Medium,Morning,Motorcycle,1.0,41.8
ORD_008277,2.88,20,2,Windy,Medium,Afternoon,Motorcycle,1.8,27.6
ORD_008278,1.85,20,3,Windy,Low,Evening Peak,Scooter,2.2,29.1
ORD_008279,2.81,15,3,Windy,High,Morning,Motorcycle,4.8,22.4
ORD_008280,9.82,10,4,Foggy,Medium,Morning,Scooter,3.2,44.5
ORD_008281,2.58,10,1,Clear,High,Afternoon,Scooter,2.4,17.7
ORD_008282,5.18,30,3,Clear,Low,Late Night,Scooter,1.4,42.5
ORD_008283,1.81,15,3,Clear,High,Evening Peak,Scooter,5.0,21.0
ORD_008284,3.09,10,6,Clear,Jam,Evening Peak,Motorcycle,0.6,29.3
ORD_008285,5.73,15,4,Clear,Medium,Morning,Scooter,2.4,33.1
ORD_008286,5.11,10,2,Foggy,Medium,Afternoon,Motorcycle,1.8,26.0
ORD_008287,8.97,10,4,Rainy,Medium,Afternoon,Scooter,1.2,47.9
ORD_008288,6.4,15,4,Foggy,Jam,Evening Peak,Motorcycle,1.4,49.7
ORD_008289,2.88,20,4,Clear,Medium,Morning,Scooter,3.2,29.2
ORD_008290,4.5,20,2,Windy,Low,Morning,Motorcycle,2.8,29.4
ORD_008291,4.01,20,4,Clear,Medium,Evening Peak,Scooter,3.4,33.3
ORD_008292,1.45,20,2,Foggy,Medium,Afternoon,Motorcycle,4.5,28.3
ORD_008293,11.68,15,2,Rainy,High,Evening Peak,Electric Bike,5.4,76.1
ORD_008294,5.25,20,3,Foggy,Medium,Morning,Motorcycle,1.2,42.2
ORD_008295,5.77,15,1,Clear,Jam,Evening Peak,Motorcycle,1.0,43.1
ORD_008296,7.34,15,3,Clear,High,Afternoon,Motorcycle,2.3,38.3
ORD_008297,7.4,15,2,Foggy,Medium,Late Night,Electric Bike,3.5,45.3
ORD_008298,7.84,15,4,Clear,Medium,Afternoon,Motorcycle,1.0,37.3
ORD_008299,4.14,15,2,Clear,Medium,Morning,Scooter,4.4,24.4
ORD_008300,3.87,10,3,Clear,Low,Evening Peak,Motorcycle,3.6,19.9
ORD_008301,9.16,20,2,Foggy,High,Late Night,Motorcycle,4.6,52.5
ORD_008302,11.84,20,2,Clear,Medium,Afternoon,Scooter,2.5,53.1
ORD_008303,1.81,15,1,Clear,Medium,Evening Peak,Motorcycle,2.7,14.5
ORD_008304,8.98,35,2,Clear,Medium,Afternoon,Motorcycle,4.9,61.1
ORD_008305,4.51,20,1,Clear,Low,Morning,Scooter,2.0,29.2
ORD_008306,4.93,25,3,Clear,Jam,Evening Peak,Motorcycle,2.6,47.6
ORD_008307,1.2,20,4,Foggy,Low,Evening Peak,Motorcycle,0.6,28.0
ORD_008308,5.18,15,2,Windy,Medium,Evening Peak,Scooter,3.6,30.4
ORD_008309,3.7,35,2,Rainy,Jam,Morning,Motorcycle,5.2,60.2
ORD_008310,1.38,25,5,Clear,Medium,Evening Peak,Scooter,0.7,31.4
ORD_008311,9.67,15,1,Clear,High,Evening Peak,Scooter,3.9,48.9
ORD_008312,5.74,15,1,Clear,Low,Late Night,Motorcycle,5.1,27.5
ORD_008313,6.23,15,3,Clear,Low,Afternoon,Motorcycle,3.2,28.4
ORD_008314,9.62,25,2,Clear,Low,Morning,Motorcycle,2.2,46.1
ORD_008315,7.47,10,2,Clear,Jam,Afternoon,Electric Bike,6.0,50.2
ORD_008316,2.34,20,2,Foggy,Low,Evening Peak,Motorcycle,0.9,27.8
ORD_008317,8.43,20,3,Clear,High,Afternoon,Electric Bike,1.7,56.6
ORD_008318,2.03,15,1,Clear,Medium,Evening Peak,Motorcycle,5.4,18.8
ORD_008319,7.16,20,2,Windy,High,Afternoon,Motorcycle,2.1,44.2
ORD_008320,13.25,20,3,Windy,Medium,Morning,Electric Bike,5.0,67.6
ORD_008321,7.19,15,2,Clear,Low,Evening Peak,Scooter,2.3,30.6
ORD_008322,4.23,15,1,Rainy,High,Evening Peak,Motorcycle,5.0,35.6
ORD_008323,12.99,25,2,Clear,Medium,Late Night,Motorcycle,4.3,59.0
ORD_008324,5.72,20,5,Clear,Medium,Evening Peak,Motorcycle,3.1,36.6
ORD_008325,2.93,20,5,Clear,Medium,Afternoon,Motorcycle,3.4,28.8
ORD_008326,3.54,15,4,Clear,High,Evening Peak,Motorcycle,1.5,28.2
ORD_008327,3.47,10,2,Clear,Low,Morning,Electric Bike,1.1,20.8
ORD_008328,14.71,35,3,Windy,Low,Evening Peak,Motorcycle,4.4,65.9
ORD_008329,7.12,20,6,Rainy,Low,Evening Peak,Scooter,5.2,41.4
ORD_008330,7.27,15,3,Clear,Low,Afternoon,Motorcycle,4.5,27.8
ORD_008331,6.6,20,3,Clear,High,Evening Peak,Motorcycle,5.5,36.9
ORD_008332,5.97,20,1,Rainy,High,Afternoon,Motorcycle,5.4,44.6
ORD_008333,3.9,15,3,Clear,Low,Evening Peak,Motorcycle,4.8,23.0
ORD_008334,2.56,25,3,Clear,High,Evening Peak,Scooter,5.4,34.4
ORD_008335,6.28,10,1,Clear,Medium,Afternoon,Motorcycle,1.4,28.6
ORD_008336,12.77,20,2,Clear,Medium,Late Night,Scooter,4.5,58.4
ORD_008337,6.1,15,3,Clear,Low,Evening Peak,Electric Bike,4.6,30.3
ORD_008338,10.18,15,2,Clear,Medium,Late Night,Motorcycle,1.3,42.4
ORD_008339,1.78,25,8,Clear,High,Afternoon,Electric Bike,5.5,35.3
ORD_008340,6.12,20,1,Heavy Storm,Medium,Morning,Scooter,0.5,51.4
ORD_008341,3.76,25,6,Clear,Medium,Evening Peak,Scooter,2.9,37.2
ORD_008342,2.84,15,1,Foggy,High,Evening Peak,Scooter,0.6,28.5
ORD_008343,11.26,30,2,Clear,Low,Evening Peak,Motorcycle,3.4,53.1
ORD_008344,4.04,15,8,Clear,Low,Late Night,Scooter,2.8,31.5
ORD_008345,7.11,20,1,Clear,High,Morning,Motorcycle,3.9,42.8
ORD_008346,4.84,30,3,Rainy,High,Evening Peak,Electric Bike,4.7,60.1
ORD_008347,2.34,10,2,Foggy,Jam,Afternoon,Scooter,4.7,25.4
ORD_008348,7.68,10,2,Clear,Medium,Afternoon,Scooter,4.5,31.9
ORD_008349,4.2,35,2,Heavy Storm,Low,Late Night,Electric Bike,1.1,56.6
ORD_008350,8.33,35,3,Foggy,Medium,Evening Peak,Motorcycle,2.8,66.7
ORD_008351,3.1,25,3,Heavy Storm,Medium,Afternoon,Scooter,5.0,47.3
ORD_008352,3.8,15,2,Foggy,Jam,Evening Peak,Motorcycle,4.1,36.8
ORD_008353,6.96,20,8,Clear,Jam,Evening Peak,Motorcycle,4.2,52.8
ORD_008354,3.24,15,5,Windy,Medium,Afternoon,Scooter,1.7,30.0
ORD_008355,7.6,15,2,Heavy Storm,Medium,Afternoon,Motorcycle,2.3,48.1
ORD_008356,1.61,15,2,Clear,Medium,Evening Peak,Motorcycle,5.8,20.9
ORD_008357,2.58,10,3,Foggy,High,Evening Peak,Motorcycle,5.2,18.8
ORD_008358,5.37,15,2,Clear,Medium,Evening Peak,Motorcycle,1.4,28.3
ORD_008359,7.27,15,2,Clear,Medium,Evening Peak,Scooter,3.5,35.3
ORD_008360,5.51,20,2,Clear,High,Late Night,Scooter,3.2,40.0
ORD_008361,6.8,20,2,Clear,Jam,Afternoon,Motorcycle,2.9,51.9
ORD_008362,4.06,25,4,Foggy,High,Afternoon,Motorcycle,3.1,45.4
ORD_008363,1.55,15,2,Clear,Low,Evening Peak,Electric Bike,4.0,15.4
ORD_008364,4.36,15,4,Clear,High,Morning,Motorcycle,5.8,27.3
ORD_008365,4.41,20,1,Windy,Jam,Evening Peak,Motorcycle,5.3,40.5
ORD_008366,9.7,15,3,Rainy,High,Afternoon,Scooter,5.3,56.6
ORD_008367,7.52,15,4,Clear,Low,Afternoon,Scooter,4.4,32.8
ORD_008368,2.7,20,1,Clear,Low,Afternoon,Electric Bike,0.6,25.0
ORD_008369,1.36,15,2,Clear,Medium,Morning,Electric Bike,2.9,13.9
ORD_008370,4.82,30,5,Clear,Medium,Evening Peak,Motorcycle,3.3,41.2
ORD_008371,3.74,20,6,Windy,Jam,Late Night,Scooter,5.1,42.9
ORD_008372,12.23,15,3,Heavy Storm,Medium,Evening Peak,Motorcycle,5.6,61.4
ORD_008373,9.87,15,3,Clear,Medium,Morning,Scooter,3.0,43.6
ORD_008374,2.34,25,1,Clear,High,Afternoon,Scooter,2.2,33.1
ORD_008375,7.39,20,6,Foggy,Low,Morning,Motorcycle,2.4,40.4
ORD_008376,6.75,25,1,Clear,Low,Evening Peak,Scooter,3.7,41.7
ORD_008377,6.61,20,2,Clear,High,Evening Peak,Motorcycle,2.0,39.3
ORD_008378,18.94,10,1,Windy,Medium,Late Night,Scooter,5.5,66.8
ORD_008379,4.91,10,5,Clear,Low,Evening Peak,Motorcycle,2.8,19.9
ORD_008380,7.9,20,3,Clear,Medium,Evening Peak,Motorcycle,5.9,35.5
ORD_008381,8.53,15,4,Clear,High,Afternoon,Motorcycle,1.1,48.6
ORD_008382,6.3,20,2,Rainy,High,Afternoon,Motorcycle,1.5,45.8
ORD_008383,12.14,25,3,Clear,Medium,Afternoon,Scooter,3.3,61.4
ORD_008384,5.79,20,3,Clear,Medium,Late Night,Scooter,5.3,37.2
ORD_008385,8.28,15,4,Clear,Medium,Afternoon,Motorcycle,2.4,41.2
ORD_008386,3.46,20,1,Clear,Low,Morning,Motorcycle,5.1,22.6
ORD_008387,2.57,10,2,Clear,Low,Evening Peak,Motorcycle,2.8,16.1
ORD_008388,6.94,20,3,Rainy,Medium,Evening Peak,Motorcycle,5.2,43.1
ORD_008389,5.05,20,8,Clear,Medium,Morning,Scooter,2.0,38.2
ORD_008390,5.22,20,3,Foggy,Medium,Afternoon,Scooter,3.1,38.4
ORD_008391,4.3,15,3,Clear,High,Afternoon,Electric Bike,2.0,34.5
ORD_008392,8.18,25,2,Clear,Medium,Evening Peak,Scooter,1.7,51.2
ORD_008393,5.73,20,2,Clear,High,Evening Peak,Scooter,2.8,44.3
ORD_008394,15.75,10,1,Clear,Medium,Evening Peak,Motorcycle,2.3,55.4
ORD_008395,5.62,30,5,Rainy,Medium,Morning,Electric Bike,4.8,64.0
ORD_008396,6.47,25,1,Clear,Low,Afternoon,Motorcycle,4.6,35.1
ORD_008397,8.75,20,3,Windy,Medium,Afternoon,Motorcycle,2.5,52.4
ORD_008398,6.91,15,3,Rainy,Low,Evening Peak,Motorcycle,6.0,35.7
ORD_008399,2.63,30,4,Clear,Medium,Afternoon,Motorcycle,5.9,37.5
ORD_008400,4.64,25,2,Clear,High,Afternoon,Motorcycle,5.5,41.0
ORD_008401,3.33,20,4,Clear,Low,Evening Peak,Motorcycle,3.7,27.4
ORD_008402,6.71,20,2,Clear,Medium,Late Night,Motorcycle,2.8,38.2
ORD_008403,6.04,15,1,Foggy,Low,Evening Peak,Scooter,2.2,33.7
ORD_008404,8.45,15,1,Rainy,Medium,Evening Peak,Scooter,0.6,46.5
ORD_008405,9.1,15,1,Foggy,Jam,Evening Peak,Motorcycle,4.0,58.4
ORD_008406,3.33,15,3,Clear,Jam,Afternoon,Scooter,3.5,30.1
ORD_008407,9.0,20,3,Clear,Jam,Late Night,Motorcycle,4.0,60.0
ORD_008408,9.78,10,2,Foggy,Medium,Evening Peak,Scooter,3.7,45.8
ORD_008409,2.94,25,1,Rainy,Medium,Late Night,Scooter,1.3,43.9
ORD_008410,6.47,20,5,Windy,Medium,Evening Peak,Motorcycle,4.3,35.8
ORD_008411,10.81,15,2,Clear,Low,Afternoon,Electric Bike,2.5,48.1
ORD_008412,4.6,15,1,Clear,Low,Morning,Motorcycle,3.3,23.8
ORD_008413,5.24,20,2,Rainy,Low,Afternoon,Scooter,2.5,37.8
ORD_008414,6.45,15,3,Clear,Medium,Afternoon,Motorcycle,0.6,32.6
ORD_008415,0.96,15,2,Clear,Low,Evening Peak,Scooter,5.3,14.9
ORD_008416,5.67,20,2,Windy,Jam,Evening Peak,Motorcycle,1.3,49.4
ORD_008417,5.88,20,2,Clear,Medium,Late Night,Scooter,3.7,35.5
ORD_008418,7.44,20,1,Clear,Low,Evening Peak,Scooter,5.4,36.6
ORD_008419,7.6,20,1,Clear,Medium,Evening Peak,Motorcycle,1.7,41.5
ORD_008420,5.13,25,5,Rainy,Medium,Morning,Scooter,2.8,49.8
ORD_008421,12.84,15,3,Clear,High,Evening Peak,Motorcycle,2.6,57.9
ORD_008422,3.32,35,1,Rainy,Low,Evening Peak,Electric Bike,1.0,51.8
ORD_008423,8.3,15,1,Clear,Medium,Morning,Electric Bike,2.8,45.2
ORD_008424,1.39,20,5,Rainy,High,Afternoon,Scooter,3.1,36.6
ORD_008425,5.44,20,2,Rainy,Medium,Evening Peak,Scooter,0.6,44.3
ORD_008426,1.28,20,1,Clear,Medium,Evening Peak,Motorcycle,3.2,22.6
ORD_008427,5.65,35,5,Foggy,Medium,Late Night,Motorcycle,1.0,55.7
ORD_008428,6.86,15,2,Clear,High,Morning,Motorcycle,5.4,33.7
ORD_008429,4.36,15,4,Clear,Low,Afternoon,Scooter,4.1,24.5
ORD_008430,5.35,10,3,Windy,High,Afternoon,Scooter,0.8,36.7
ORD_008431,7.92,15,2,Rainy,Low,Evening Peak,Scooter,5.0,39.7
ORD_008432,0.92,20,6,Windy,Medium,Afternoon,Scooter,2.5,26.1
ORD_008433,3.95,10,5,Clear,Medium,Late Night,Motorcycle,1.7,24.2
ORD_008434,10.99,25,2,Clear,Medium,Late Night,Scooter,1.9,55.4
ORD_008435,2.6,20,2,Rainy,Low,Morning,Scooter,3.8,29.5
ORD_008436,3.55,15,1,Clear,Medium,Afternoon,Electric Bike,0.9,28.4
ORD_008437,1.59,15,5,Clear,Medium,Afternoon,Motorcycle,0.8,25.2
ORD_008438,3.97,10,4,Clear,Medium,Late Night,Scooter,4.0,24.9
ORD_008439,4.98,30,3,Clear,Medium,Morning,Electric Bike,5.9,46.2
ORD_008440,18.54,20,5,Clear,Low,Afternoon,Motorcycle,3.2,60.6
ORD_008441,6.61,15,2,Foggy,Jam,Evening Peak,Motorcycle,2.8,50.0
ORD_008442,4.08,10,1,Rainy,High,Evening Peak,Motorcycle,5.7,27.9
ORD_008443,2.05,15,3,Windy,High,Afternoon,Scooter,1.8,26.4
ORD_008444,3.57,15,6,Windy,Medium,Late Night,Scooter,1.8,30.4
ORD_008445,3.16,25,2,Clear,High,Afternoon,Electric Bike,5.5,36.6
ORD_008446,1.45,20,2,Clear,Medium,Evening Peak,Scooter,4.1,26.1
ORD_008447,2.55,15,5,Windy,Medium,Evening Peak,Motorcycle,0.8,27.2
ORD_008448,4.16,25,3,Heavy Storm,High,Evening Peak,Motorcycle,4.2,50.4
ORD_008449,4.52,15,2,Clear,Medium,Afternoon,Motorcycle,5.0,26.9
ORD_008450,7.84,15,3,Heavy Storm,Low,Afternoon,Motorcycle,2.0,44.8
ORD_008451,11.28,20,2,Heavy Storm,Jam,Afternoon,Motorcycle,2.6,84.2
ORD_008452,4.46,10,3,Clear,Medium,Morning,Motorcycle,1.6,25.0
ORD_008453,8.46,15,2,Rainy,Medium,Evening Peak,Motorcycle,4.0,41.9
ORD_008454,4.08,20,2,Windy,Medium,Evening Peak,Motorcycle,4.2,30.3
ORD_008455,3.01,15,4,Clear,Low,Evening Peak,Scooter,0.9,28.9
ORD_008456,7.62,15,3,Clear,High,Evening Peak,Scooter,4.2,42.0
ORD_008457,4.04,20,3,Windy,High,Evening Peak,Scooter,4.1,34.9
ORD_008458,3.24,15,2,Rainy,High,Evening Peak,Motorcycle,0.7,35.4
ORD_008459,2.92,10,2,Clear,Medium,Evening Peak,Motorcycle,3.6,16.5
ORD_008460,1.91,10,3,Clear,High,Morning,Scooter,3.9,22.3
ORD_008461,5.34,20,2,Windy,High,Afternoon,Scooter,2.9,40.4
ORD_008462,3.67,15,8,Clear,Medium,Morning,Scooter,5.5,28.1
ORD_008463,8.65,25,2,Rainy,Low,Evening Peak,Scooter,2.3,54.3
ORD_008464,12.96,25,2,Heavy Storm,High,Morning,Scooter,0.9,86.2
ORD_008465,2.91,15,4,Windy,Low,Morning,Motorcycle,4.2,23.9
ORD_008466,2.25,25,2,Clear,High,Evening Peak,Scooter,3.8,33.0
ORD_008467,11.47,20,4,Rainy,Medium,Evening Peak,Motorcycle,5.9,54.7
ORD_008468,5.66,15,5,Foggy,Medium,Afternoon,Motorcycle,1.8,36.0
ORD_008469,5.54,20,3,Clear,Low,Morning,Motorcycle,2.7,31.6
ORD_008470,6.28,20,2,Windy,Medium,Late Night,Motorcycle,3.0,37.9
ORD_008471,9.51,10,1,Clear,Medium,Morning,Scooter,5.2,35.2
ORD_008472,9.47,15,3,Clear,Low,Evening Peak,Electric Bike,2.8,42.6
ORD_008473,7.41,10,4,Clear,High,Afternoon,Motorcycle,4.7,38.0
ORD_008474,2.59,15,2,Clear,Low,Morning,Scooter,1.4,24.3
ORD_008475,1.71,15,3,Rainy,Medium,Evening Peak,Motorcycle,2.8,28.6
ORD_008476,2.6,20,2,Clear,Medium,Morning,Motorcycle,1.4,29.1
ORD_008477,1.99,15,3,Windy,Jam,Afternoon,Motorcycle,5.7,24.0
ORD_008478,7.92,10,2,Heavy Storm,High,Evening Peak,Motorcycle,1.5,50.2
ORD_008479,3.52,15,1,Windy,Medium,Afternoon,Motorcycle,2.8,27.8
ORD_008480,7.32,25,8,Foggy,High,Evening Peak,Electric Bike,1.0,66.9
ORD_008481,5.19,15,1,Rainy,High,Afternoon,Scooter,5.6,40.9
ORD_008482,3.49,15,4,Foggy,Low,Evening Peak,Scooter,3.9,29.3
ORD_008483,2.95,15,1,Windy,Jam,Evening Peak,Motorcycle,5.8,23.6
ORD_008484,3.35,25,3,Clear,High,Evening Peak,Motorcycle,0.7,37.7
ORD_008485,2.27,15,1,Clear,High,Afternoon,Electric Bike,1.5,20.4
ORD_008486,13.17,10,3,Clear,High,Late Night,Motorcycle,2.6,53.5
ORD_008487,4.85,15,1,Clear,Low,Evening Peak,Motorcycle,3.9,20.6
ORD_008488,5.19,15,3,Clear,Low,Morning,Motorcycle,2.3,23.9
ORD_008489,5.11,20,2,Rainy,Low,Late Night,Scooter,4.4,40.8
ORD_008490,7.81,10,2,Rainy,High,Evening Peak,Motorcycle,1.4,41.3
ORD_008491,3.17,15,1,Clear,Medium,Evening Peak,Motorcycle,3.8,19.2
ORD_008492,9.79,20,2,Clear,Medium,Afternoon,Motorcycle,2.7,44.1
ORD_008493,4.27,15,3,Heavy Storm,Low,Afternoon,Motorcycle,3.3,37.2
ORD_008494,4.17,20,3,Windy,High,Evening Peak,Motorcycle,3.6,37.4
ORD_008495,10.67,15,3,Foggy,Medium,Late Night,Motorcycle,0.8,46.0
ORD_008496,3.14,35,6,Clear,Medium,Late Night,Motorcycle,5.6,45.9
ORD_008497,6.49,30,3,Clear,Low,Late Night,Motorcycle,4.8,39.3
ORD_008498,5.09,25,2,Clear,Medium,Evening Peak,Electric Bike,2.9,43.1
ORD_008499,3.48,30,3,Clear,Low,Morning,Motorcycle,3.5,37.1
ORD_008500,7.1,15,2,Rainy,High,Evening Peak,Scooter,0.7,49.6
ORD_008501,2.48,25,3,Clear,Low,Afternoon,Motorcycle,3.2,27.9
ORD_008502,3.46,15,3,Clear,Low,Evening Peak,Scooter,2.8,23.5
ORD_008503,5.44,20,2,Foggy,Jam,Afternoon,Motorcycle,2.6,44.7
ORD_008504,12.06,15,8,Clear,Low,Evening Peak,Motorcycle,5.0,43.3
ORD_008505,11.43,15,1,Clear,Low,Evening Peak,Motorcycle,1.5,42.3
ORD_008506,6.55,30,2,Rainy,Low,Late Night,Scooter,1.5,52.2
ORD_008507,4.33,15,4,Rainy,High,Evening Peak,Scooter,3.4,37.6
ORD_008508,1.52,25,2,Heavy Storm,High,Morning,Motorcycle,4.3,43.2
ORD_008509,8.51,20,3,Windy,Jam,Morning,Scooter,0.6,65.1
ORD_008510,9.22,15,2,Windy,High,Late Night,Electric Bike,3.5,61.9
ORD_008511,6.5,15,6,Clear,Low,Evening Peak,Scooter,2.1,30.2
ORD_008512,4.44,10,6,Clear,Low,Morning,Scooter,4.7,24.7
ORD_008513,8.09,30,1,Clear,High,Evening Peak,Scooter,3.1,55.9
ORD_008514,5.0,30,5,Windy,Jam,Evening Peak,Scooter,5.1,57.0
ORD_008515,4.66,20,2,Clear,Jam,Evening Peak,Electric Bike,2.7,47.1
ORD_008516,1.99,25,3,Rainy,High,Evening Peak,Scooter,5.0,37.1
ORD_008517,7.84,10,5,Foggy,High,Evening Peak,Scooter,4.4,44.0
ORD_008518,5.55,15,3,Clear,High,Evening Peak,Scooter,5.1,37.2
ORD_008519,11.39,15,3,Clear,High,Evening Peak,Motorcycle,5.0,55.8
ORD_008520,3.62,20,4,Foggy,Low,Morning,Motorcycle,3.2,33.6
ORD_008521,3.03,15,3,Rainy,Medium,Evening Peak,Electric Bike,2.5,33.2
ORD_008522,9.17,20,1,Rainy,Medium,Evening Peak,Motorcycle,4.7,49.9
ORD_008523,10.31,20,3,Windy,High,Late Night,Electric Bike,2.5,72.9
ORD_008524,5.18,10,5,Clear,Medium,Evening Peak,Scooter,1.0,31.0
ORD_008525,8.29,10,2,Foggy,Medium,Afternoon,Motorcycle,5.2,35.8
ORD_008526,4.26,10,2,Foggy,Medium,Late Night,Motorcycle,2.7,25.5
ORD_008527,4.4,25,2,Rainy,Medium,Afternoon,Scooter,1.2,41.7
ORD_008528,6.52,15,3,Clear,Low,Evening Peak,Motorcycle,4.1,31.3
ORD_008529,4.36,15,5,Windy,Jam,Morning,Motorcycle,5.4,37.3
ORD_008530,5.97,25,2,Heavy Storm,Jam,Evening Peak,Motorcycle,5.2,58.8
ORD_008531,5.47,10,6,Clear,Low,Evening Peak,Motorcycle,3.5,21.7
ORD_008532,2.64,15,3,Foggy,Medium,Evening Peak,Motorcycle,1.0,29.4
ORD_008533,5.95,20,2,Clear,High,Afternoon,Motorcycle,4.3,37.9
ORD_008534,2.68,20,3,Clear,Medium,Evening Peak,Scooter,3.8,27.4
ORD_008535,7.92,20,2,Clear,Medium,Evening Peak,Scooter,1.7,46.6
ORD_008536,9.26,15,3,Rainy,High,Morning,Motorcycle,5.5,48.7
ORD_008537,4.69,15,4,Clear,Medium,Morning,Scooter,1.0,30.5
ORD_008538,12.1,20,2,Heavy Storm,Low,Late Night,Scooter,2.6,58.2
ORD_008539,10.2,10,2,Foggy,Medium,Evening Peak,Motorcycle,1.0,42.2
ORD_008540,6.0,25,2,Clear,Medium,Morning,Scooter,5.5,38.3
ORD_008541,4.41,15,3,Clear,Medium,Late Night,Motorcycle,0.7,27.6
ORD_008542,8.81,15,1,Clear,High,Evening Peak,Scooter,2.8,44.3
ORD_008543,12.23,15,1,Rainy,Medium,Evening Peak,Motorcycle,5.2,56.8
ORD_008544,6.28,25,2,Clear,Medium,Evening Peak,Scooter,1.9,43.8
ORD_008545,13.38,20,2,Clear,High,Evening Peak,Scooter,1.1,72.4
ORD_008546,3.88,15,1,Clear,Medium,Evening Peak,Scooter,1.2,27.6
ORD_008547,7.49,20,2,Clear,Low,Morning,Scooter,2.7,40.7
ORD_008548,5.15,15,3,Windy,Medium,Late Night,Scooter,2.9,32.1
ORD_008549,2.94,15,1,Clear,High,Evening Peak,Motorcycle,4.4,21.6
ORD_008550,4.08,15,2,Clear,Medium,Afternoon,Electric Bike,1.8,31.6
ORD_008551,9.23,15,3,Clear,Medium,Afternoon,Scooter,4.4,42.6
ORD_008552,4.84,15,1,Clear,Medium,Evening Peak,Motorcycle,6.0,24.5
ORD_008553,3.78,10,3,Foggy,High,Evening Peak,Scooter,5.3,27.3
ORD_008554,10.49,10,2,Windy,Low,Morning,Electric Bike,4.0,42.1
ORD_008555,9.08,15,2,Foggy,Medium,Late Night,Scooter,5.7,44.0
ORD_008556,4.18,15,2,Clear,High,Evening Peak,Electric Bike,6.0,34.6
ORD_008557,13.77,25,1,Clear,Low,Late Night,Motorcycle,3.6,53.5
ORD_008558,4.97,20,3,Foggy,Jam,Afternoon,Motorcycle,2.0,45.0
ORD_008559,6.29,30,2,Clear,Medium,Morning,Electric Bike,5.5,52.9
ORD_008560,5.43,15,4,Clear,High,Late Night,Scooter,5.1,31.5
ORD_008561,3.2,15,3,Clear,Medium,Evening Peak,Electric Bike,1.0,28.3
ORD_008562,4.75,20,3,Clear,High,Morning,Motorcycle,5.7,38.0
ORD_008563,5.11,20,2,Windy,Medium,Evening Peak,Scooter,2.5,40.7
ORD_008564,1.75,20,2,Clear,Medium,Morning,Scooter,2.3,23.0
ORD_008565,6.12,20,3,Clear,High,Afternoon,Scooter,2.4,42.4
ORD_008566,8.44,20,1,Windy,Jam,Late Night,Scooter,2.3,61.7
ORD_008567,2.7,25,1,Rainy,Low,Evening Peak,Scooter,3.3,39.5
ORD_008568,7.6,20,2,Clear,Low,Late Night,Motorcycle,3.7,35.1
ORD_008569,9.5,30,4,Clear,High,Evening Peak,Electric Bike,2.8,76.8
ORD_008570,0.98,30,2,Clear,Medium,Evening Peak,Scooter,2.8,32.7
ORD_008571,4.79,15,6,Clear,High,Evening Peak,Scooter,4.6,33.8
ORD_008572,13.63,10,4,Clear,Low,Evening Peak,Motorcycle,0.5,36.9
ORD_008573,6.03,10,2,Clear,Medium,Evening Peak,Motorcycle,5.7,24.5
ORD_008574,1.71,10,8,Clear,Medium,Morning,Motorcycle,4.4,18.4
ORD_008575,2.43,10,2,Foggy,Low,Evening Peak,Scooter,4.4,16.8
ORD_008576,6.19,15,4,Clear,Jam,Late Night,Motorcycle,2.8,43.7
ORD_008577,7.38,10,2,Rainy,High,Morning,Scooter,5.8,42.2
ORD_008578,5.37,20,5,Clear,High,Afternoon,Motorcycle,0.5,40.9
ORD_008579,5.98,15,3,Windy,High,Late Night,Motorcycle,0.9,38.2
ORD_008580,5.46,20,2,Heavy Storm,Low,Afternoon,Motorcycle,4.9,42.4
ORD_008581,3.58,10,3,Heavy Storm,Medium,Late Night,Motorcycle,4.6,31.3
ORD_008582,5.47,25,2,Clear,High,Evening Peak,Scooter,2.0,46.4
ORD_008583,2.08,25,4,Clear,Low,Evening Peak,Electric Bike,3.8,30.6
ORD_008584,4.29,15,2,Rainy,Medium,Morning,Electric Bike,3.4,38.0
ORD_008585,7.09,30,3,Clear,Jam,Evening Peak,Motorcycle,3.4,61.2
ORD_008586,3.09,15,8,Rainy,High,Morning,Electric Bike,3.8,36.5
ORD_008587,4.51,25,1,Foggy,Medium,Afternoon,Scooter,6.0,40.1
ORD_008588,5.68,20,1,Rainy,Medium,Afternoon,Motorcycle,5.9,40.9
ORD_008589,13.17,15,3,Windy,Medium,Evening Peak,Electric Bike,5.9,66.8
ORD_008590,9.04,10,3,Heavy Storm,High,Evening Peak,Motorcycle,3.5,53.1
ORD_008591,2.04,15,3,Clear,Medium,Afternoon,Motorcycle,2.2,21.7
ORD_008592,15.0,25,1,Clear,High,Evening Peak,Electric Bike,3.6,92.0
ORD_008593,10.9,20,3,Clear,Medium,Evening Peak,Electric Bike,3.9,63.8
ORD_008594,5.89,15,5,Clear,Medium,Evening Peak,Motorcycle,2.2,32.5
ORD_008595,8.2,15,2,Clear,Medium,Evening Peak,Scooter,4.0,35.3
ORD_008596,3.35,10,2,Rainy,Low,Morning,Motorcycle,3.9,24.8
ORD_008597,5.12,10,3,Windy,Low,Evening Peak,Scooter,5.5,22.2
ORD_008598,3.23,30,4,Foggy,Medium,Evening Peak,Scooter,1.8,49.6
ORD_008599,7.34,15,3,Clear,Low,Morning,Motorcycle,4.3,30.6
ORD_008600,17.64,15,6,Heavy Storm,Low,Morning,Scooter,3.0,73.2
ORD_008601,4.16,30,3,Clear,Medium,Evening Peak,Electric Bike,1.2,45.7
ORD_008602,4.81,15,2,Clear,Medium,Morning,Scooter,2.2,27.0
ORD_008603,5.22,15,4,Foggy,Low,Afternoon,Scooter,0.8,36.0
ORD_008604,4.29,15,2,Rainy,Jam,Evening Peak,Motorcycle,2.3,37.7
ORD_008605,7.1,20,5,Clear,Medium,Morning,Scooter,0.9,45.5
ORD_008606,9.44,20,1,Clear,Medium,Morning,Scooter,5.6,43.9
ORD_008607,3.76,10,3,Clear,Low,Morning,Motorcycle,1.1,17.9
ORD_008608,5.18,20,1,Clear,Medium,Evening Peak,Scooter,5.0,34.9
ORD_008609,7.63,25,1,Foggy,Medium,Afternoon,Scooter,5.5,47.5
ORD_008610,3.07,20,2,Foggy,Medium,Evening Peak,Scooter,3.1,32.2
ORD_008611,2.53,25,3,Clear,Low,Evening Peak,Electric Bike,0.8,35.6
ORD_008612,3.72,15,2,Clear,Low,Evening Peak,Motorcycle,3.8,24.9
ORD_008613,7.85,15,2,Clear,Medium,Afternoon,Motorcycle,1.8,35.2
ORD_008614,2.98,20,2,Windy,Low,Evening Peak,Electric Bike,1.5,31.1
ORD_008615,3.86,15,4,Rainy,Low,Afternoon,Scooter,3.6,29.9
ORD_008616,5.21,10,6,Foggy,High,Evening Peak,Motorcycle,2.5,31.2
ORD_008617,5.71,10,8,Clear,Low,Evening Peak,Motorcycle,4.5,25.1
ORD_008618,4.82,25,2,Clear,Low,Evening Peak,Scooter,3.8,37.4
ORD_008619,5.28,10,1,Rainy,Low,Morning,Motorcycle,5.1,24.4
ORD_008620,2.17,15,1,Clear,Jam,Afternoon,Scooter,0.8,29.0
ORD_008621,3.63,10,4,Clear,Low,Late Night,Scooter,1.8,19.4
ORD_008622,8.19,25,3,Clear,Medium,Evening Peak,Scooter,3.6,48.0
ORD_008623,3.47,20,1,Clear,Medium,Evening Peak,Scooter,5.3,30.9
ORD_008624,5.8,15,2,Heavy Storm,Jam,Morning,Motorcycle,5.0,54.3
ORD_008625,5.49,25,3,Clear,High,Morning,Motorcycle,4.2,45.2
ORD_008626,7.72,25,4,Windy,Low,Evening Peak,Scooter,3.7,48.5
ORD_008627,8.36,20,3,Clear,Low,Evening Peak,Motorcycle,4.0,39.8
ORD_008628,9.69,15,2,Clear,Medium,Evening Peak,Motorcycle,1.7,41.2
ORD_008629,11.36,20,3,Foggy,Low,Evening Peak,Scooter,3.8,54.1
ORD_008630,3.0,30,1,Foggy,High,Late Night,Motorcycle,3.2,45.4
ORD_008631,1.56,10,2,Clear,High,Morning,Motorcycle,2.6,12.3
ORD_008632,4.17,15,2,Foggy,Jam,Morning,Motorcycle,5.4,37.7
ORD_008633,2.88,15,2,Rainy,Medium,Evening Peak,Motorcycle,5.1,29.6
ORD_008634,3.24,20,8,Rainy,Medium,Evening Peak,Motorcycle,0.9,37.0
ORD_008635,6.94,20,2,Clear,Medium,Evening Peak,Motorcycle,5.9,36.8
ORD_008636,9.36,15,1,Clear,Low,Afternoon,Motorcycle,1.8,34.7
ORD_008637,5.89,15,5,Foggy,Medium,Evening Peak,Scooter,1.7,37.2
ORD_008638,3.55,30,3,Windy,Jam,Evening Peak,Scooter,5.7,49.7
ORD_008639,6.06,25,1,Clear,High,Morning,Motorcycle,2.9,43.6
ORD_008640,7.87,30,2,Clear,Low,Evening Peak,Motorcycle,4.9,45.3
ORD_008641,2.18,25,2,Windy,High,Evening Peak,Motorcycle,2.1,36.2
ORD_008642,4.34,15,2,Clear,Low,Late Night,Motorcycle,5.3,20.6
ORD_008643,4.55,10,2,Clear,Medium,Evening Peak,Motorcycle,5.1,21.8
ORD_008644,4.74,20,3,Windy,High,Evening Peak,Scooter,3.4,41.6
ORD_008645,3.11,15,2,Windy,Low,Late Night,Motorcycle,4.4,24.2
ORD_008646,6.14,15,1,Clear,Medium,Evening Peak,Motorcycle,5.8,28.8
ORD_008647,6.47,15,1,Rainy,Low,Afternoon,Motorcycle,3.0,33.8
ORD_008648,2.97,30,2,Clear,High,Evening Peak,Motorcycle,3.2,42.1
ORD_008649,10.65,10,3,Clear,Low,Evening Peak,Motorcycle,4.5,33.7
ORD_008650,2.57,15,3,Heavy Storm,Medium,Evening Peak,Scooter,2.6,36.3
ORD_008651,3.48,20,1,Clear,Medium,Afternoon,Scooter,5.8,28.0
ORD_008652,2.44,25,4,Clear,Medium,Evening Peak,Electric Bike,0.7,39.4
ORD_008653,2.24,30,2,Clear,Low,Evening Peak,Scooter,2.7,35.0
ORD_008654,5.56,20,3,Clear,High,Morning,Motorcycle,4.4,35.5
ORD_008655,3.47,10,3,Clear,Medium,Morning,Motorcycle,2.9,20.3
ORD_008656,8.39,15,1,Rainy,Low,Evening Peak,Motorcycle,1.9,38.4
ORD_008657,3.13,30,2,Clear,Jam,Afternoon,Motorcycle,2.8,41.8
ORD_008658,3.5,15,3,Clear,High,Morning,Motorcycle,5.3,21.0
ORD_008659,7.77,20,2,Rainy,Medium,Morning,Motorcycle,3.5,47.4
ORD_008660,2.72,15,1,Clear,Medium,Late Night,Electric Bike,2.3,25.5
ORD_008661,3.95,10,5,Foggy,Medium,Morning,Motorcycle,4.2,22.9
ORD_008662,10.55,20,3,Clear,Medium,Afternoon,Motorcycle,3.9,48.9
ORD_008663,1.21,25,1,Rainy,Medium,Evening Peak,Motorcycle,3.6,36.4
ORD_008664,1.0,35,2,Clear,High,Morning,Motorcycle,2.7,38.8
ORD_008665,2.19,25,1,Windy,Low,Morning,Scooter,0.9,32.5
ORD_008666,11.61,20,2,Rainy,Medium,Evening Peak,Scooter,3.9,61.8
ORD_008667,6.54,20,2,Clear,Medium,Evening Peak,Motorcycle,2.8,34.6
ORD_008668,6.12,25,8,Foggy,High,Evening Peak,Scooter,2.9,58.4
ORD_008669,2.19,10,6,Foggy,High,Late Night,Electric Bike,1.8,27.1
ORD_008670,5.44,30,1,Heavy Storm,Low,Evening Peak,Motorcycle,1.9,55.0
ORD_008671,3.0,20,2,Rainy,Low,Afternoon,Motorcycle,4.8,30.5
ORD_008672,8.52,30,3,Clear,Medium,Evening Peak,Motorcycle,3.1,50.8
ORD_008673,8.75,25,3,Windy,Medium,Evening Peak,Motorcycle,1.1,50.1
ORD_008674,3.69,15,1,Rainy,High,Afternoon,Electric Bike,0.8,37.6
ORD_008675,6.82,15,1,Clear,Low,Evening Peak,Motorcycle,1.7,30.7
ORD_008676,6.3,15,1,Windy,High,Morning,Motorcycle,3.2,38.5
ORD_008677,4.79,15,2,Clear,Low,Afternoon,Electric Bike,3.9,27.8
ORD_008678,3.06,15,4,Foggy,High,Late Night,Motorcycle,1.3,32.8
ORD_008679,3.96,20,2,Foggy,Medium,Evening Peak,Motorcycle,2.9,36.7
ORD_008680,8.33,15,2,Foggy,Medium,Morning,Scooter,0.9,48.0
ORD_008681,10.64,10,2,Heavy Storm,Medium,Evening Peak,Scooter,0.7,54.3
ORD_008682,4.17,35,3,Clear,Medium,Afternoon,Scooter,5.2,47.3
ORD_008683,11.27,15,2,Windy,Medium,Morning,Motorcycle,4.1,43.8
ORD_008684,6.54,25,2,Clear,High,Late Night,Scooter,4.8,46.6
ORD_008685,4.88,10,2,Heavy Storm,Low,Afternoon,Scooter,1.5,35.2
ORD_008686,4.56,25,2,Rainy,Medium,Evening Peak,Electric Bike,2.3,50.8
ORD_008687,3.17,15,1,Heavy Storm,Medium,Late Night,Motorcycle,2.9,37.7
ORD_008688,7.1,20,5,Heavy Storm,Medium,Evening Peak,Motorcycle,4.1,57.3
ORD_008689,12.38,20,1,Rainy,High,Morning,Motorcycle,3.4,65.2
ORD_008690,4.77,30,3,Rainy,High,Afternoon,Scooter,3.5,52.3
ORD_008691,2.85,15,1,Clear,Low,Afternoon,Motorcycle,1.4,19.6
ORD_008692,7.77,10,1,Clear,High,Evening Peak,Motorcycle,3.1,31.3
ORD_008693,4.05,25,2,Rainy,Medium,Afternoon,Scooter,5.0,45.0
ORD_008694,3.15,15,1,Foggy,Medium,Afternoon,Electric Bike,3.3,28.3
ORD_008695,2.13,15,2,Rainy,Medium,Evening Peak,Motorcycle,1.6,24.8
ORD_008696,6.97,15,3,Foggy,Low,Morning,Motorcycle,2.8,33.1
ORD_008697,9.68,10,3,Clear,Medium,Morning,Motorcycle,4.7,35.3
ORD_008698,2.48,15,2,Rainy,Jam,Late Night,Scooter,1.2,37.5
ORD_008699,4.3,15,2,Foggy,Low,Evening Peak,Scooter,3.7,25.7
ORD_008700,4.52,15,4,Windy,Low,Late Night,Scooter,5.8,26.8
ORD_008701,3.27,15,4,Clear,High,Afternoon,Electric Bike,2.6,30.5
ORD_008702,11.09,15,2,Windy,Medium,Afternoon,Electric Bike,0.7,56.9
ORD_008703,2.08,25,6,Clear,High,Morning,Electric Bike,4.0,38.0
ORD_008704,6.58,30,1,Foggy,Medium,Evening Peak,Motorcycle,0.8,50.3
ORD_008705,7.31,10,2,Rainy,Low,Evening Peak,Electric Bike,1.6,38.0
ORD_008706,3.26,25,3,Clear,Low,Evening Peak,Scooter,0.8,35.8
ORD_008707,2.82,30,3,Clear,Low,Evening Peak,Motorcycle,1.4,38.8
ORD_008708,3.58,20,2,Clear,Low,Evening Peak,Scooter,5.2,28.7
ORD_008709,1.7,35,2,Foggy,Low,Morning,Motorcycle,4.5,42.6
ORD_008710,12.58,15,1,Rainy,High,Evening Peak,Motorcycle,2.4,63.9
ORD_008711,3.75,25,3,Clear,Medium,Late Night,Motorcycle,5.4,32.1
ORD_008712,4.05,20,5,Clear,Medium,Evening Peak,Scooter,4.2,28.8
ORD_008713,13.85,15,1,Rainy,Medium,Evening Peak,Motorcycle,3.0,57.7
ORD_008714,1.85,20,1,Clear,Jam,Evening Peak,Scooter,0.9,29.8
ORD_008715,4.74,20,3,Clear,Low,Evening Peak,Electric Bike,4.5,28.4
ORD_008716,7.89,15,5,Clear,High,Afternoon,Scooter,2.6,43.9
ORD_008717,12.6,15,2,Rainy,High,Late Night,Electric Bike,2.2,80.0
ORD_008718,1.97,20,4,Clear,Medium,Afternoon,Motorcycle,2.1,25.6
ORD_008719,13.63,20,2,Clear,Medium,Morning,Electric Bike,0.5,72.4
ORD_008720,4.29,20,3,Heavy Storm,Medium,Morning,Electric Bike,4.6,51.1
ORD_008721,4.31,20,2,Clear,Medium,Morning,Scooter,1.3,31.9
ORD_008722,2.51,15,5,Foggy,High,Evening Peak,Motorcycle,3.4,29.5
ORD_008723,5.35,15,1,Clear,High,Evening Peak,Motorcycle,0.6,32.8
ORD_008724,13.66,25,4,Foggy,Medium,Evening Peak,Motorcycle,4.0,65.2
ORD_008725,5.29,25,2,Clear,High,Evening Peak,Scooter,2.5,47.0
ORD_008726,3.08,20,1,Windy,High,Afternoon,Motorcycle,4.0,31.6
ORD_008727,3.45,35,2,Clear,Medium,Late Night,Scooter,1.0,45.2
ORD_008728,3.55,25,4,Foggy,Medium,Afternoon,Scooter,2.0,42.5
ORD_008729,11.59,10,1,Foggy,Medium,Evening Peak,Motorcycle,1.1,46.7
ORD_008730,13.08,15,3,Rainy,Low,Evening Peak,Scooter,4.1,53.7
ORD_008731,2.07,10,4,Clear,Medium,Afternoon,Scooter,1.1,21.5
ORD_008732,2.62,15,2,Foggy,Medium,Afternoon,Scooter,3.9,25.6
ORD_008733,2.8,25,2,Heavy Storm,Low,Evening Peak,Motorcycle,1.2,45.3
ORD_008734,3.67,15,1,Clear,Low,Late Night,Scooter,5.7,17.2
ORD_008735,14.55,25,2,Clear,Low,Afternoon,Motorcycle,2.8,55.7
ORD_008736,13.51,20,1,Foggy,High,Evening Peak,Motorcycle,1.2,66.4
ORD_008737,5.11,20,4,Clear,Low,Morning,Electric Bike,0.7,34.2
ORD_008738,3.94,10,4,Clear,Medium,Morning,Scooter,2.3,24.3
ORD_008739,1.5,10,2,Clear,Low,Evening Peak,Motorcycle,5.4,12.0
ORD_008740,5.77,20,3,Rainy,Medium,Morning,Scooter,1.3,44.1
ORD_008741,5.4,25,1,Clear,High,Late Night,Electric Bike,4.8,44.4
ORD_008742,2.45,25,3,Clear,High,Afternoon,Motorcycle,2.8,30.3
ORD_008743,6.46,20,2,Clear,Medium,Afternoon,Motorcycle,4.9,39.8
ORD_008744,8.61,15,2,Rainy,High,Afternoon,Electric Bike,5.3,65.8
ORD_008745,2.44,15,2,Clear,High,Afternoon,Motorcycle,6.0,20.4
ORD_008746,3.79,25,3,Clear,Low,Morning,Scooter,0.9,34.7
ORD_008747,8.36,10,2,Heavy Storm,Medium,Evening Peak,Scooter,4.9,48.8
ORD_008748,3.34,20,1,Windy,High,Afternoon,Electric Bike,0.9,37.7
ORD_008749,3.7,20,2,Rainy,Medium,Afternoon,Motorcycle,2.2,35.7
ORD_008750,3.84,15,2,Clear,High,Afternoon,Electric Bike,4.1,30.6
ORD_008751,6.63,15,4,Clear,Medium,Afternoon,Motorcycle,3.0,33.9
ORD_008752,9.3,30,1,Rainy,Medium,Late Night,Motorcycle,3.6,60.8
ORD_008753,12.15,25,3,Heavy Storm,High,Evening Peak,Motorcycle,5.8,78.1
ORD_008754,8.92,25,4,Windy,Medium,Evening Peak,Motorcycle,5.0,49.1
ORD_008755,5.08,15,1,Rainy,Medium,Evening Peak,Electric Bike,2.5,38.7
ORD_008756,7.31,10,3,Rainy,Low,Afternoon,Electric Bike,3.8,35.8
ORD_008757,2.34,35,2,Clear,Low,Evening Peak,Motorcycle,0.8,47.4
ORD_008758,15.64,10,1,Rainy,High,Morning,Scooter,3.0,76.9
ORD_008759,3.15,20,2,Clear,Medium,Evening Peak,Motorcycle,3.8,30.0
ORD_008760,7.0,15,2,Rainy,Low,Morning,Motorcycle,4.4,36.0
ORD_008761,5.57,20,4,Clear,Low,Evening Peak,Scooter,5.5,31.5
ORD_008762,2.21,15,2,Clear,Medium,Evening Peak,Electric Bike,2.1,21.6
ORD_008763,3.16,25,8,Foggy,Medium,Morning,Scooter,5.5,44.5
ORD_008764,9.65,30,1,Rainy,Jam,Evening Peak,Motorcycle,4.1,78.4
ORD_008765,4.71,15,4,Clear,High,Evening Peak,Scooter,0.9,36.9
ORD_008766,2.86,10,1,Clear,Low,Afternoon,Electric Bike,2.6,17.1
ORD_008767,4.3,20,3,Foggy,High,Late Night,Scooter,3.1,40.6
ORD_008768,2.86,15,3,Clear,Medium,Afternoon,Motorcycle,2.4,23.3
ORD_008769,3.67,35,3,Clear,Low,Afternoon,Motorcycle,1.1,45.8
ORD_008770,1.94,10,2,Clear,High,Evening Peak,Scooter,3.5,13.5
ORD_008771,5.08,10,3,Clear,Low,Afternoon,Electric Bike,1.2,26.6
ORD_008772,5.54,20,2,Foggy,High,Late Night,Electric Bike,5.5,47.5
ORD_008773,3.71,25,5,Clear,High,Evening Peak,Scooter,5.3,40.7
ORD_008774,9.63,15,2,Foggy,High,Evening Peak,Motorcycle,3.1,51.8
ORD_008775,3.83,15,4,Clear,High,Morning,Motorcycle,0.9,31.2
ORD_008776,4.71,15,3,Rainy,Jam,Evening Peak,Scooter,3.5,47.3
ORD_008777,3.58,15,1,Windy,High,Evening Peak,Scooter,3.8,30.0
ORD_008778,4.05,15,2,Clear,High,Evening Peak,Electric Bike,5.4,30.9
ORD_008779,7.49,25,3,Clear,Low,Morning,Scooter,0.9,47.3
ORD_008780,2.38,10,1,Clear,Low,Evening Peak,Electric Bike,4.3,18.2
ORD_008781,6.42,15,2,Clear,High,Evening Peak,Motorcycle,3.6,35.7
ORD_008782,3.33,20,3,Clear,Jam,Evening Peak,Electric Bike,1.5,41.9
ORD_008783,2.44,10,2,Windy,High,Evening Peak,Electric Bike,1.2,25.7
ORD_008784,4.13,25,2,Rainy,Medium,Late Night,Electric Bike,4.3,44.0
ORD_008785,11.57,20,1,Clear,Low,Afternoon,Motorcycle,2.4,42.8
ORD_008786,6.96,10,4,Clear,Jam,Morning,Electric Bike,6.0,51.6
ORD_008787,4.07,25,1,Rainy,Medium,Evening Peak,Scooter,5.4,39.3
ORD_008788,2.93,15,1,Foggy,Medium,Evening Peak,Motorcycle,3.6,26.3
ORD_008789,13.23,20,4,Clear,High,Morning,Motorcycle,4.0,66.9
ORD_008790,5.94,25,3,Clear,Jam,Morning,Motorcycle,1.4,51.1
ORD_008791,5.19,25,2,Clear,Medium,Afternoon,Motorcycle,5.4,35.8
ORD_008792,6.84,15,1,Clear,Medium,Morning,Motorcycle,3.0,32.4
ORD_008793,7.26,15,1,Rainy,Low,Evening Peak,Scooter,3.4,38.2
ORD_008794,3.8,15,1,Windy,Jam,Afternoon,Scooter,5.3,35.1
ORD_008795,8.08,25,2,Rainy,Low,Morning,Electric Bike,0.5,57.4
ORD_008796,2.16,30,3,Rainy,Jam,Afternoon,Scooter,3.2,46.2
ORD_008797,7.08,10,3,Clear,Low,Evening Peak,Scooter,3.9,32.3
ORD_008798,3.95,10,3,Clear,Jam,Evening Peak,Scooter,1.4,30.3
ORD_008799,9.8,25,6,Heavy Storm,Medium,Morning,Motorcycle,0.9,68.1
ORD_008800,3.79,15,2,Clear,Medium,Morning,Scooter,3.4,26.2
ORD_008801,8.79,15,5,Clear,Low,Late Night,Motorcycle,3.5,34.9
ORD_008802,6.05,15,1,Clear,Medium,Evening Peak,Motorcycle,2.3,31.1
ORD_008803,7.89,15,3,Clear,Medium,Evening Peak,Scooter,5.4,37.1
ORD_008804,5.26,35,3,Clear,Low,Afternoon,Motorcycle,2.2,47.3
ORD_008805,1.8,35,3,Clear,High,Evening Peak,Electric Bike,3.3,47.1
ORD_008806,9.39,15,1,Clear,High,Evening Peak,Motorcycle,1.5,43.2
ORD_008807,9.75,30,2,Clear,Low,Afternoon,Motorcycle,0.6,50.9
ORD_008808,4.17,15,6,Clear,Medium,Evening Peak,Scooter,2.8,30.5
ORD_008809,3.4,25,3,Clear,Low,Evening Peak,Motorcycle,3.4,32.5
ORD_008810,8.27,15,5,Clear,High,Late Night,Scooter,4.7,45.7
ORD_008811,5.99,25,1,Windy,Low,Morning,Motorcycle,3.0,40.1
ORD_008812,4.62,15,2,Rainy,Low,Late Night,Motorcycle,2.0,30.6
ORD_008813,6.65,15,2,Foggy,High,Late Night,Electric Bike,3.8,49.7
ORD_008814,4.16,30,6,Rainy,Medium,Morning,Motorcycle,2.6,50.2
ORD_008815,9.67,15,3,Foggy,Low,Afternoon,Electric Bike,1.8,49.5
ORD_008816,4.35,35,6,Heavy Storm,Medium,Morning,Motorcycle,5.5,64.9
ORD_008817,8.27,10,1,Heavy Storm,High,Afternoon,Motorcycle,3.5,50.0
ORD_008818,5.25,10,2,Foggy,Medium,Evening Peak,Scooter,1.6,30.7
ORD_008819,6.22,25,5,Foggy,Medium,Afternoon,Motorcycle,4.2,48.2
ORD_008820,12.99,20,1,Clear,Medium,Late Night,Scooter,4.9,55.5
ORD_008821,3.86,15,3,Clear,Jam,Late Night,Scooter,4.7,37.4
ORD_008822,7.96,10,5,Clear,Medium,Morning,Electric Bike,3.8,43.7
ORD_008823,11.3,20,1,Foggy,Medium,Evening Peak,Motorcycle,3.4,51.5
ORD_008824,7.8,15,2,Clear,High,Morning,Electric Bike,4.8,50.3
ORD_008825,9.98,15,3,Foggy,Low,Evening Peak,Scooter,4.4,39.8
ORD_008826,5.56,20,3,Clear,Medium,Afternoon,Motorcycle,3.6,38.5
ORD_008827,7.55,20,3,Clear,Low,Evening Peak,Scooter,4.1,37.8
ORD_008828,8.77,30,3,Clear,High,Late Night,Scooter,1.4,64.8
ORD_008829,5.19,20,4,Foggy,Medium,Evening Peak,Electric Bike,0.6,48.1
ORD_008830,3.15,15,2,Clear,High,Late Night,Motorcycle,5.6,23.3
ORD_008831,2.85,15,2,Clear,Medium,Late Night,Scooter,5.6,23.2
ORD_008832,12.16,15,3,Foggy,Low,Morning,Scooter,4.8,46.6
ORD_008833,11.04,15,4,Rainy,Low,Afternoon,Scooter,2.5,50.7
ORD_008834,3.44,15,2,Windy,High,Afternoon,Scooter,1.3,30.6
ORD_008835,9.98,25,2,Clear,Low,Afternoon,Motorcycle,2.5,44.7
ORD_008836,6.69,25,2,Foggy,Medium,Evening Peak,Scooter,4.5,48.3
ORD_008837,5.29,20,2,Foggy,Low,Afternoon,Motorcycle,2.3,37.6
ORD_008838,3.38,20,2,Clear,Low,Afternoon,Motorcycle,4.9,26.4
ORD_008839,4.86,15,3,Clear,Low,Morning,Electric Bike,4.2,20.7
ORD_008840,3.01,20,2,Rainy,Jam,Evening Peak,Electric Bike,4.0,44.5
ORD_008841,4.4,25,2,Heavy Storm,Low,Morning,Scooter,5.6,45.0
ORD_008842,2.97,20,6,Clear,Low,Late Night,Motorcycle,5.4,30.2
ORD_008843,2.3,10,5,Windy,Medium,Evening Peak,Scooter,4.4,22.7
ORD_008844,10.12,20,2,Clear,Medium,Afternoon,Motorcycle,1.6,49.4
ORD_008845,4.69,20,2,Windy,Jam,Morning,Scooter,5.7,44.7
ORD_008846,6.35,10,8,Clear,Low,Morning,Motorcycle,1.7,27.5
ORD_008847,3.75,15,2,Clear,High,Afternoon,Motorcycle,2.5,26.1
ORD_008848,4.56,25,4,Clear,High,Evening Peak,Motorcycle,5.0,39.6
ORD_008849,2.92,20,6,Windy,Medium,Evening Peak,Electric Bike,1.6,36.2
ORD_008850,12.23,25,8,Clear,Medium,Morning,Motorcycle,4.0,55.0
ORD_008851,1.49,15,2,Clear,Low,Evening Peak,Motorcycle,3.0,22.0
ORD_008852,8.46,10,2,Foggy,Low,Evening Peak,Motorcycle,3.9,31.3
ORD_008853,3.71,15,3,Foggy,Medium,Evening Peak,Scooter,5.8,29.8
ORD_008854,2.91,15,2,Rainy,Low,Late Night,Motorcycle,4.9,27.0
ORD_008855,2.2,20,2,Clear,Jam,Late Night,Scooter,2.1,32.4
ORD_008856,5.56,25,2,Foggy,Medium,Evening Peak,Scooter,0.8,44.8
ORD_008857,7.87,20,1,Rainy,Medium,Evening Peak,Scooter,5.8,48.5
ORD_008858,7.42,35,2,Rainy,Medium,Evening Peak,Scooter,3.7,66.0
ORD_008859,4.01,10,1,Clear,Low,Evening Peak,Scooter,1.5,18.8
ORD_008860,4.54,10,2,Clear,Medium,Morning,Motorcycle,3.9,21.8
ORD_008861,2.86,10,6,Rainy,Low,Late Night,Scooter,0.7,28.3
ORD_008862,3.15,20,3,Clear,Jam,Evening Peak,Motorcycle,1.5,33.8
ORD_008863,10.11,15,1,Foggy,Medium,Evening Peak,Scooter,4.0,52.5
ORD_008864,1.81,20,5,Rainy,Low,Evening Peak,Electric Bike,2.7,32.2
ORD_008865,1.69,10,1,Foggy,Medium,Afternoon,Motorcycle,2.3,20.8
ORD_008866,3.44,10,2,Windy,Low,Evening Peak,Scooter,4.1,21.4
ORD_008867,12.14,15,3,Clear,High,Evening Peak,Scooter,5.3,57.6
ORD_008868,5.22,15,2,Clear,Jam,Afternoon,Electric Bike,4.2,44.7
ORD_008869,17.28,25,3,Windy,Jam,Evening Peak,Electric Bike,3.0,95.0
ORD_008870,4.25,25,1,Foggy,Medium,Afternoon,Scooter,4.1,40.0
ORD_008871,7.57,10,2,Clear,High,Late Night,Motorcycle,4.3,34.9
ORD_008872,9.33,25,2,Clear,Low,Evening Peak,Electric Bike,4.8,50.6
ORD_008873,15.51,20,1,Clear,Low,Evening Peak,Scooter,2.2,52.8
ORD_008874,3.62,20,2,Windy,High,Afternoon,Electric Bike,1.1,38.5
ORD_008875,5.19,10,2,Clear,High,Afternoon,Electric Bike,4.3,31.2
ORD_008876,4.63,20,1,Clear,Jam,Evening Peak,Motorcycle,1.2,37.9
ORD_008877,7.93,10,2,Clear,Jam,Afternoon,Motorcycle,3.0,44.7
ORD_008878,11.4,15,1,Foggy,Medium,Late Night,Scooter,1.8,51.1
ORD_008879,11.38,10,2,Clear,Medium,Evening Peak,Motorcycle,2.3,41.4
ORD_008880,3.57,20,2,Clear,Medium,Afternoon,Motorcycle,3.1,30.0
ORD_008881,3.15,20,3,Clear,High,Morning,Scooter,5.4,32.2
ORD_008882,7.45,25,2,Rainy,Low,Evening Peak,Scooter,4.2,51.6
ORD_008883,2.67,20,1,Clear,Medium,Evening Peak,Motorcycle,1.4,27.3
ORD_008884,8.04,30,3,Clear,Low,Late Night,Electric Bike,5.3,53.3
ORD_008885,5.18,25,3,Clear,Medium,Evening Peak,Motorcycle,3.3,38.3
ORD_008886,10.36,15,1,Clear,Low,Afternoon,Scooter,1.6,38.3
ORD_008887,9.44,20,2,Windy,Medium,Afternoon,Motorcycle,3.4,44.7
ORD_008888,5.57,15,2,Clear,Medium,Evening Peak,Scooter,1.6,33.6
ORD_008889,2.54,20,2,Rainy,Medium,Morning,Motorcycle,2.5,28.4
ORD_008890,2.66,20,1,Foggy,Jam,Evening Peak,Scooter,4.9,33.5
ORD_008891,5.34,20,2,Foggy,Medium,Morning,Electric Bike,4.1,44.5
ORD_008892,6.75,10,3,Clear,High,Evening Peak,Scooter,3.1,31.8
ORD_008893,4.3,20,4,Clear,High,Late Night,Scooter,1.7,38.9
ORD_008894,2.99,10,3,Windy,High,Late Night,Scooter,2.1,20.9
ORD_008895,4.38,10,2,Clear,Medium,Evening Peak,Scooter,5.9,20.7
ORD_008896,10.41,20,5,Clear,Low,Evening Peak,Scooter,2.4,45.9
ORD_008897,4.38,20,1,Clear,Jam,Late Night,Scooter,3.9,42.5
ORD_008898,3.64,10,3,Clear,Medium,Late Night,Scooter,3.2,23.1
ORD_008899,2.62,20,2,Clear,Low,Morning,Scooter,0.6,26.4
ORD_008900,4.98,20,3,Clear,Jam,Afternoon,Motorcycle,5.7,38.3
ORD_008901,9.49,10,4,Clear,Low,Late Night,Electric Bike,1.0,40.1
ORD_008902,9.75,20,4,Rainy,Medium,Afternoon,Scooter,4.1,55.1
ORD_008903,3.23,15,2,Foggy,High,Afternoon,Motorcycle,5.0,27.3
ORD_008904,5.6,25,2,Clear,High,Morning,Motorcycle,4.6,40.1
ORD_008905,3.41,15,2,Foggy,Low,Late Night,Motorcycle,5.0,25.9
ORD_008906,4.18,15,1,Heavy Storm,Low,Morning,Motorcycle,4.6,34.8
ORD_008907,4.93,25,3,Foggy,High,Evening Peak,Electric Bike,3.0,52.1
ORD_008908,3.87,25,2,Foggy,Medium,Afternoon,Scooter,5.4,35.9
ORD_008909,1.02,25,2,Clear,High,Morning,Motorcycle,5.5,28.7
ORD_008910,12.25,15,3,Heavy Storm,Medium,Afternoon,Scooter,2.9,67.4
ORD_008911,3.63,10,3,Clear,High,Evening Peak,Scooter,3.2,21.7
ORD_008912,3.47,20,4,Foggy,Medium,Morning,Motorcycle,3.2,38.4
ORD_008913,3.22,15,2,Clear,Low,Late Night,Motorcycle,2.0,21.4
ORD_008914,2.1,30,4,Clear,Jam,Evening Peak,Motorcycle,1.1,38.9
ORD_008915,12.46,15,8,Clear,Low,Morning,Motorcycle,1.9,45.8
ORD_008916,5.12,15,2,Clear,Jam,Afternoon,Motorcycle,5.1,38.4
ORD_008917,6.8,20,1,Foggy,Jam,Evening Peak,Scooter,3.5,57.3
ORD_008918,6.3,25,1,Rainy,High,Late Night,Scooter,5.2,52.1
ORD_008919,3.81,15,2,Clear,Medium,Evening Peak,Motorcycle,4.6,26.8
ORD_008920,5.11,30,2,Windy,Low,Evening Peak,Scooter,2.4,45.9
ORD_008921,7.68,20,6,Foggy,Medium,Late Night,Electric Bike,1.5,58.4
ORD_008922,2.24,25,4,Clear,High,Evening Peak,Electric Bike,3.6,34.6
ORD_008923,4.13,20,6,Heavy Storm,High,Evening Peak,Electric Bike,5.6,55.0
ORD_008924,4.55,25,3,Clear,Low,Evening Peak,Motorcycle,5.1,35.6
ORD_008925,3.74,10,1,Rainy,Medium,Evening Peak,Motorcycle,4.7,21.2
ORD_008926,3.7,25,2,Heavy Storm,Medium,Late Night,Scooter,4.7,46.5
ORD_008927,5.68,20,4,Clear,High,Evening Peak,Scooter,3.4,40.8
ORD_008928,10.7,15,2,Rainy,High,Morning,Electric Bike,1.4,72.6
ORD_008929,6.62,10,3,Windy,High,Late Night,Motorcycle,2.1,35.7
ORD_008930,3.17,20,3,Foggy,Low,Morning,Electric Bike,3.7,35.2
ORD_008931,19.34,10,6,Clear,Low,Evening Peak,Motorcycle,2.2,50.4
ORD_008932,10.76,15,2,Rainy,Low,Afternoon,Motorcycle,4.8,46.6
ORD_008933,3.89,10,3,Windy,Low,Evening Peak,Scooter,2.6,22.4
ORD_008934,10.85,10,1,Clear,Medium,Morning,Scooter,1.1,40.8
ORD_008935,5.75,20,2,Windy,Medium,Afternoon,Motorcycle,4.8,37.4
ORD_008936,2.58,15,4,Foggy,Low,Morning,Motorcycle,4.3,19.8
ORD_008937,10.08,10,3,Clear,Low,Evening Peak,Motorcycle,1.9,32.3
ORD_008938,3.17,15,2,Rainy,Medium,Morning,Electric Bike,5.9,32.9
ORD_008939,6.79,15,3,Clear,Jam,Late Night,Scooter,2.7,48.7
ORD_008940,5.58,20,1,Rainy,Jam,Afternoon,Electric Bike,4.2,61.4
ORD_008941,7.12,15,4,Clear,Low,Evening Peak,Motorcycle,5.5,31.5
ORD_008942,13.0,15,4,Rainy,High,Evening Peak,Motorcycle,1.4,63.8
ORD_008943,5.07,15,3,Rainy,Medium,Late Night,Motorcycle,5.3,33.7
ORD_008944,2.56,25,2,Clear,Medium,Evening Peak,Scooter,4.4,34.2
ORD_008945,3.43,10,1,Foggy,Medium,Evening Peak,Electric Bike,1.4,24.7
ORD_008946,2.46,25,4,Clear,Jam,Afternoon,Motorcycle,4.2,34.2
ORD_008947,2.06,15,1,Clear,Medium,Afternoon,Motorcycle,5.3,20.6
ORD_008948,9.38,20,6,Clear,Low,Evening Peak,Motorcycle,4.9,42.7
ORD_008949,5.47,15,3,Clear,High,Afternoon,Motorcycle,4.7,34.1
ORD_008950,4.74,15,1,Heavy Storm,Medium,Evening Peak,Scooter,1.4,46.3
ORD_008951,3.95,20,1,Clear,Low,Morning,Scooter,1.5,28.1
ORD_008952,8.16,25,3,Clear,Medium,Evening Peak,Motorcycle,3.5,46.4
ORD_008953,11.56,15,8,Clear,High,Late Night,Electric Bike,3.7,70.4
ORD_008954,3.12,15,1,Heavy Storm,Medium,Evening Peak,Motorcycle,5.7,32.6
ORD_008955,6.64,10,1,Clear,Jam,Evening Peak,Motorcycle,3.1,41.3
ORD_008956,9.0,30,3,Clear,High,Late Night,Electric Bike,2.2,72.2
ORD_008957,5.9,25,3,Windy,Medium,Morning,Motorcycle,1.5,45.4
ORD_008958,7.78,15,4,Rainy,Low,Afternoon,Scooter,0.8,44.3
ORD_008959,2.54,25,4,Rainy,Medium,Morning,Scooter,0.9,40.1
ORD_008960,11.74,15,3,Windy,Medium,Evening Peak,Motorcycle,3.7,48.6
ORD_008961,8.18,20,2,Clear,High,Evening Peak,Motorcycle,1.5,43.9
ORD_008962,7.02,20,3,Foggy,Medium,Late Night,Scooter,5.2,44.4
ORD_008963,8.65,15,1,Rainy,Medium,Evening Peak,Scooter,3.8,46.0
ORD_008964,4.32,10,1,Rainy,Medium,Evening Peak,Scooter,5.3,23.7
ORD_008965,2.81,30,3,Clear,Medium,Evening Peak,Motorcycle,2.9,37.8
ORD_008966,2.47,25,2,Clear,Low,Evening Peak,Motorcycle,3.8,34.7
ORD_008967,2.27,25,3,Clear,Medium,Evening Peak,Scooter,3.4,33.7
ORD_008968,6.59,15,1,Foggy,Medium,Morning,Motorcycle,5.9,32.7
ORD_008969,4.04,15,8,Foggy,Jam,Morning,Scooter,4.9,40.9
ORD_008970,11.33,20,2,Clear,Medium,Late Night,Electric Bike,3.8,61.6
ORD_008971,10.01,25,4,Clear,Medium,Afternoon,Motorcycle,3.8,53.7
ORD_008972,8.15,30,2,Heavy Storm,Medium,Afternoon,Motorcycle,1.9,64.3
ORD_008973,7.16,15,2,Clear,Low,Afternoon,Motorcycle,4.5,28.0
ORD_008974,3.42,20,2,Windy,Low,Morning,Motorcycle,5.9,26.7
ORD_008975,3.78,20,4,Clear,High,Late Night,Scooter,1.2,32.7
ORD_008976,3.41,15,3,Foggy,Medium,Morning,Motorcycle,4.0,28.6
ORD_008977,2.76,15,1,Clear,High,Late Night,Scooter,3.3,24.7
ORD_008978,4.82,15,2,Windy,Jam,Evening Peak,Scooter,5.2,38.3
ORD_008979,8.94,20,1,Windy,Medium,Late Night,Motorcycle,0.5,45.1
ORD_008980,4.65,25,3,Rainy,Low,Morning,Motorcycle,1.3,41.2
ORD_008981,3.31,25,2,Clear,Medium,Afternoon,Motorcycle,0.7,35.4
ORD_008982,4.65,20,1,Foggy,Low,Late Night,Electric Bike,1.4,35.9
ORD_008983,5.66,15,4,Clear,High,Evening Peak,Electric Bike,4.4,42.6
ORD_008984,3.85,20,2,Heavy Storm,Low,Evening Peak,Scooter,1.3,46.0
ORD_008985,4.84,25,3,Windy,High,Evening Peak,Motorcycle,3.9,43.5
ORD_008986,19.15,20,3,Foggy,Medium,Morning,Motorcycle,5.3,73.4
ORD_008987,2.23,15,2,Clear,Medium,Evening Peak,Scooter,0.7,22.0
ORD_008988,1.51,30,1,Clear,Medium,Afternoon,Motorcycle,0.6,32.7
ORD_008989,5.43,25,3,Clear,Medium,Afternoon,Motorcycle,5.9,38.7
ORD_008990,6.42,25,3,Clear,High,Evening Peak,Motorcycle,4.2,44.6
ORD_008991,4.71,30,8,Clear,Medium,Morning,Electric Bike,1.3,55.5
ORD_008992,2.9,15,3,Clear,Jam,Morning,Motorcycle,2.2,25.9
ORD_008993,11.21,25,2,Clear,Medium,Morning,Scooter,5.9,55.5
ORD_008994,5.25,20,5,Clear,High,Evening Peak,Electric Bike,1.7,45.5
ORD_008995,5.57,10,2,Clear,Low,Morning,Scooter,4.6,22.5
ORD_008996,8.07,20,1,Clear,High,Morning,Motorcycle,1.8,44.8
ORD_008997,4.6,15,2,Rainy,Medium,Evening Peak,Motorcycle,2.7,35.5
ORD_008998,4.36,15,2,Rainy,Medium,Evening Peak,Motorcycle,5.3,32.4
ORD_008999,11.21,35,2,Clear,Medium,Afternoon,Scooter,0.7,70.4
ORD_009000,1.89,10,4,Foggy,Medium,Afternoon,Scooter,2.2,17.4
ORD_009001,6.23,30,1,Foggy,Jam,Late Night,Motorcycle,3.2,59.3
ORD_009002,5.92,15,2,Clear,Medium,Morning,Motorcycle,3.9,31.7
ORD_009003,4.02,15,3,Windy,Low,Late Night,Scooter,0.7,26.0
ORD_009004,4.71,15,2,Foggy,High,Afternoon,Scooter,2.8,34.3
ORD_009005,10.66,20,2,Windy,Medium,Evening Peak,Motorcycle,2.4,51.9
ORD_009006,3.17,15,4,Clear,Medium,Late Night,Motorcycle,0.6,23.5
ORD_009007,7.77,35,4,Clear,High,Evening Peak,Motorcycle,2.5,58.7
ORD_009008,5.15,20,1,Clear,Medium,Afternoon,Scooter,5.6,31.3
ORD_009009,7.31,25,2,Foggy,Medium,Late Night,Motorcycle,2.0,53.1
ORD_009010,6.48,10,3,Windy,Jam,Evening Peak,Motorcycle,3.7,38.2
ORD_009011,1.47,15,6,Clear,Low,Afternoon,Motorcycle,2.1,18.1
ORD_009012,3.12,30,3,Clear,Medium,Evening Peak,Motorcycle,1.1,43.3
ORD_009013,3.4,15,3,Clear,High,Evening Peak,Scooter,2.1,29.3
ORD_009014,2.88,10,2,Clear,High,Evening Peak,Motorcycle,3.1,19.9
ORD_009015,3.65,15,2,Clear,Low,Morning,Scooter,2.1,20.2
ORD_009016,5.56,30,2,Clear,Low,Evening Peak,Electric Bike,3.9,42.4
ORD_009017,8.51,15,2,Clear,High,Afternoon,Motorcycle,5.7,41.6
ORD_009018,2.39,15,2,Clear,Medium,Afternoon,Scooter,0.9,20.0
ORD_009019,5.2,20,2,Clear,High,Evening Peak,Motorcycle,4.4,37.8
ORD_009020,6.04,30,3,Windy,Jam,Afternoon,Scooter,0.5,61.8
ORD_009021,9.44,10,2,Heavy Storm,Low,Late Night,Motorcycle,0.5,46.9
ORD_009022,11.95,15,1,Rainy,Jam,Afternoon,Scooter,1.2,81.4
ORD_009023,4.58,10,1,Foggy,High,Morning,Motorcycle,3.1,26.8
ORD_009024,2.92,10,2,Foggy,High,Morning,Motorcycle,0.8,21.3
ORD_009025,6.27,15,2,Windy,Medium,Evening Peak,Motorcycle,4.5,37.5
ORD_009026,2.99,15,5,Clear,Medium,Evening Peak,Scooter,0.7,25.2
ORD_009027,5.98,20,3,Clear,Medium,Morning,Motorcycle,3.2,38.1
ORD_009028,3.31,15,3,Clear,Medium,Evening Peak,Electric Bike,4.2,24.4
ORD_009029,6.84,15,1,Windy,Jam,Evening Peak,Motorcycle,1.8,50.7
ORD_009030,3.44,30,1,Clear,Medium,Late Night,Motorcycle,3.7,39.5
ORD_009031,11.32,15,1,Clear,Low,Morning,Scooter,1.9,41.6
ORD_009032,5.17,15,3,Foggy,High,Afternoon,Motorcycle,1.7,35.8
ORD_009033,1.99,15,3,Clear,Low,Morning,Motorcycle,5.0,20.1
ORD_009034,8.65,20,2,Clear,Jam,Afternoon,Motorcycle,2.3,57.4
ORD_009035,4.62,20,1,Rainy,Medium,Afternoon,Scooter,5.0,39.4
ORD_009036,7.14,25,2,Clear,Jam,Evening Peak,Scooter,1.7,62.2
ORD_009037,8.74,20,2,Clear,Low,Evening Peak,Electric Bike,2.5,48.3
ORD_009038,5.32,25,1,Clear,Medium,Late Night,Motorcycle,1.1,39.3
ORD_009039,2.31,25,2,Windy,Low,Morning,Motorcycle,3.2,28.3
ORD_009040,5.61,15,4,Clear,Medium,Evening Peak,Scooter,2.6,28.0
ORD_009041,10.47,15,4,Rainy,Medium,Evening Peak,Motorcycle,0.5,50.1
ORD_009042,4.86,20,2,Clear,Medium,Evening Peak,Motorcycle,3.1,35.4
ORD_009043,6.49,35,2,Clear,Medium,Evening Peak,Scooter,0.9,57.1
ORD_009044,3.18,15,2,Clear,Low,Afternoon,Scooter,5.1,22.9
ORD_009045,2.1,15,3,Windy,Low,Morning,Electric Bike,3.2,20.7
ORD_009046,4.68,25,2,Rainy,High,Morning,Scooter,4.3,49.2
ORD_009047,5.24,15,3,Clear,High,Morning,Motorcycle,5.0,29.3
ORD_009048,9.33,20,1,Clear,High,Late Night,Motorcycle,0.8,50.9
ORD_009049,5.43,10,3,Clear,Low,Late Night,Motorcycle,2.4,19.6
ORD_009050,8.92,10,2,Rainy,Low,Afternoon,Motorcycle,0.6,37.8
ORD_009051,3.98,15,3,Clear,Low,Evening Peak,Scooter,0.8,24.5
ORD_009052,2.28,20,5,Windy,Medium,Afternoon,Scooter,0.7,33.6
ORD_009053,6.7,10,6,Clear,Medium,Afternoon,Motorcycle,3.1,31.5
ORD_009054,11.1,25,3,Windy,Low,Evening Peak,Scooter,3.0,53.3
ORD_009055,3.67,10,1,Rainy,Medium,Late Night,Electric Bike,0.8,27.3
ORD_009056,7.26,20,5,Windy,Medium,Afternoon,Motorcycle,1.9,43.0
ORD_009057,7.41,15,2,Rainy,High,Evening Peak,Motorcycle,1.8,47.1
ORD_009058,2.12,25,2,Windy,High,Afternoon,Motorcycle,2.1,33.5
ORD_009059,4.56,25,1,Heavy Storm,Medium,Afternoon,Motorcycle,4.0,49.8
ORD_009060,7.6,10,5,Foggy,Low,Afternoon,Scooter,4.3,34.4
ORD_009061,6.26,15,6,Windy,Medium,Late Night,Electric Bike,2.4,41.5
ORD_009062,7.6,25,6,Rainy,Low,Morning,Motorcycle,4.8,50.8
ORD_009063,6.9,15,2,Clear,Medium,Evening Peak,Motorcycle,2.8,35.0
ORD_009064,4.89,15,4,Clear,Medium,Evening Peak,Motorcycle,3.4,29.8
ORD_009065,5.23,15,3,Clear,Medium,Evening Peak,Scooter,1.3,34.6
ORD_009066,9.19,35,2,Clear,Medium,Late Night,Scooter,1.8,61.2
ORD_009067,5.6,30,4,Rainy,Medium,Evening Peak,Motorcycle,4.5,48.7
ORD_009068,3.4,10,2,Clear,High,Morning,Scooter,5.9,22.8
ORD_009069,4.6,20,3,Clear,Low,Late Night,Scooter,4.4,30.6
ORD_009070,6.48,25,6,Clear,Low,Afternoon,Motorcycle,0.8,42.6
ORD_009071,8.86,15,3,Windy,High,Morning,Motorcycle,1.3,50.9
ORD_009072,2.09,15,5,Foggy,Low,Evening Peak,Scooter,3.0,22.9
ORD_009073,4.46,15,2,Windy,Low,Afternoon,Scooter,4.5,24.4
ORD_009074,8.49,10,2,Foggy,Medium,Late Night,Electric Bike,1.4,49.4
ORD_009075,3.16,25,3,Clear,High,Evening Peak,Motorcycle,4.6,33.6
ORD_009076,3.17,15,2,Heavy Storm,Medium,Morning,Electric Bike,3.6,38.2
ORD_009077,5.19,20,2,Clear,Medium,Afternoon,Motorcycle,4.8,33.1
ORD_009078,2.01,15,3,Clear,Low,Afternoon,Scooter,3.6,21.4
ORD_009079,12.8,25,1,Rainy,High,Evening Peak,Motorcycle,3.8,72.1
ORD_009080,6.43,25,2,Clear,Medium,Morning,Scooter,1.9,44.7
ORD_009081,7.25,20,2,Foggy,High,Afternoon,Scooter,4.5,50.2
ORD_009082,9.54,30,6,Clear,Medium,Evening Peak,Motorcycle,5.1,57.8
ORD_009083,16.91,10,2,Clear,Medium,Evening Peak,Motorcycle,5.3,54.5
ORD_009084,4.9,25,5,Clear,Medium,Evening Peak,Motorcycle,0.7,42.0
ORD_009085,2.08,20,5,Foggy,Low,Evening Peak,Motorcycle,3.9,27.4
ORD_009086,6.11,15,2,Clear,Medium,Morning,Scooter,5.9,30.8
ORD_009087,3.27,10,1,Clear,Medium,Evening Peak,Scooter,3.7,15.9
ORD_009088,2.61,15,3,Foggy,High,Late Night,Motorcycle,1.4,31.1
ORD_009089,3.88,25,1,Foggy,Jam,Morning,Scooter,5.3,45.2
ORD_009090,4.85,25,3,Clear,Medium,Afternoon,Scooter,2.0,40.7
ORD_009091,9.64,20,1,Clear,Low,Afternoon,Motorcycle,0.7,40.7
ORD_009092,12.99,10,1,Rainy,Jam,Morning,Motorcycle,2.9,73.2
ORD_009093,2.8,30,1,Clear,Medium,Afternoon,Electric Bike,1.1,40.2
ORD_009094,4.04,15,3,Heavy Storm,Low,Morning,Scooter,1.1,37.5
ORD_009095,7.06,20,4,Clear,Jam,Evening Peak,Motorcycle,3.0,51.6
ORD_009096,7.62,25,4,Clear,Medium,Evening Peak,Motorcycle,3.9,45.6
ORD_009097,2.98,10,3,Clear,High,Evening Peak,Motorcycle,5.5,19.8
ORD_009098,8.5,20,2,Clear,Low,Afternoon,Motorcycle,4.4,35.0
ORD_009099,3.39,10,3,Foggy,High,Late Night,Electric Bike,5.1,32.1
ORD_009100,2.91,10,3,Windy,Jam,Evening Peak,Scooter,2.8,23.8
ORD_009101,6.9,20,3,Clear,Jam,Late Night,Motorcycle,2.3,54.2
ORD_009102,9.79,15,2,Rainy,Low,Afternoon,Scooter,3.8,42.3
ORD_009103,6.11,15,3,Rainy,High,Evening Peak,Scooter,4.3,41.2
ORD_009104,5.55,15,2,Clear,High,Morning,Electric Bike,3.6,38.7
ORD_009105,4.91,15,2,Clear,High,Evening Peak,Motorcycle,2.0,32.9
ORD_009106,5.37,10,3,Clear,Medium,Evening Peak,Electric Bike,2.5,26.8
ORD_009107,4.53,25,3,Windy,Medium,Afternoon,Electric Bike,3.0,43.0
ORD_009108,7.01,10,1,Foggy,Medium,Late Night,Motorcycle,0.6,33.6
ORD_009109,5.38,25,1,Clear,High,Evening Peak,Scooter,5.3,41.7
ORD_009110,16.32,20,4,Foggy,High,Afternoon,Motorcycle,3.3,78.3
ORD_009111,6.25,15,3,Heavy Storm,Low,Morning,Motorcycle,4.6,42.8
ORD_009112,4.53,25,4,Windy,Medium,Morning,Motorcycle,1.4,43.0
ORD_009113,2.82,15,2,Windy,Low,Afternoon,Electric Bike,3.6,24.1
ORD_009114,3.03,15,8,Clear,Low,Evening Peak,Motorcycle,5.6,24.5
ORD_009115,6.4,10,2,Clear,Medium,Evening Peak,Motorcycle,1.7,28.9
ORD_009116,3.76,15,5,Heavy Storm,High,Evening Peak,Motorcycle,2.4,40.9
ORD_009117,5.71,35,3,Foggy,Jam,Late Night,Motorcycle,2.6,65.0
ORD_009118,10.11,15,2,Windy,Medium,Morning,Motorcycle,2.6,40.2
ORD_009119,2.51,25,2,Clear,High,Afternoon,Motorcycle,3.8,35.5
ORD_009120,4.7,20,3,Foggy,Medium,Late Night,Motorcycle,2.7,39.1
ORD_009121,1.32,10,3,Windy,High,Morning,Motorcycle,4.2,14.8
ORD_009122,2.12,30,3,Windy,High,Morning,Motorcycle,3.2,39.8
ORD_009123,5.83,35,5,Windy,Medium,Afternoon,Scooter,1.4,51.3
ORD_009124,2.25,30,3,Rainy,Medium,Evening Peak,Scooter,5.7,46.1
ORD_009125,2.48,20,1,Clear,Low,Evening Peak,Motorcycle,1.8,23.4
ORD_009126,12.16,15,1,Clear,Low,Evening Peak,Motorcycle,3.6,41.0
ORD_009127,3.55,15,4,Rainy,Jam,Late Night,Scooter,0.8,39.7
ORD_009128,2.91,20,2,Clear,Low,Evening Peak,Scooter,5.6,28.5
ORD_009129,10.07,15,6,Rainy,Low,Late Night,Scooter,5.6,47.2
ORD_009130,2.9,20,3,Clear,Low,Morning,Electric Bike,2.5,24.3
ORD_009131,6.2,25,2,Foggy,High,Afternoon,Motorcycle,1.2,51.1
ORD_009132,6.3,15,6,Rainy,Low,Evening Peak,Motorcycle,4.7,37.0
ORD_009133,8.19,15,1,Windy,Low,Morning,Scooter,1.9,34.0
ORD_009134,2.64,30,2,Windy,Jam,Morning,Motorcycle,4.4,44.0
ORD_009135,3.15,15,1,Clear,High,Afternoon,Motorcycle,5.5,22.2
ORD_009136,3.57,15,5,Clear,Medium,Late Night,Motorcycle,3.7,27.5
ORD_009137,3.23,10,1,Rainy,Low,Morning,Scooter,5.2,20.9
ORD_009138,7.88,15,3,Rainy,High,Late Night,Scooter,1.7,51.7
ORD_009139,6.3,15,4,Clear,High,Evening Peak,Motorcycle,5.5,35.4
ORD_009140,6.85,10,2,Foggy,Jam,Evening Peak,Scooter,1.7,49.7
ORD_009141,2.06,10,3,Clear,Low,Morning,Motorcycle,1.7,15.0
ORD_009142,5.75,20,1,Windy,Medium,Evening Peak,Scooter,5.3,38.5
ORD_009143,10.99,15,1,Clear,Medium,Afternoon,Scooter,3.6,42.8
ORD_009144,15.14,10,6,Clear,Low,Evening Peak,Motorcycle,4.9,47.7
ORD_009145,3.92,25,2,Clear,High,Evening Peak,Motorcycle,4.9,38.5
ORD_009146,8.29,20,2,Windy,High,Late Night,Scooter,4.1,53.6
ORD_009147,3.2,15,4,Windy,Jam,Morning,Motorcycle,1.5,33.6
ORD_009148,2.11,25,2,Clear,Low,Late Night,Electric Bike,4.3,28.5
ORD_009149,2.18,15,2,Clear,Low,Afternoon,Scooter,0.8,23.0
ORD_009150,10.16,15,2,Clear,High,Evening Peak,Scooter,1.6,54.5
ORD_009151,4.08,25,3,Clear,Medium,Late Night,Scooter,4.0,36.0
ORD_009152,3.64,15,6,Rainy,Medium,Evening Peak,Motorcycle,5.5,32.3
ORD_009153,7.73,25,1,Rainy,Medium,Late Night,Motorcycle,4.7,50.2
ORD_009154,2.43,25,4,Foggy,Medium,Late Night,Scooter,2.3,35.7
ORD_009155,6.68,15,3,Clear,Low,Evening Peak,Electric Bike,5.0,35.4
ORD_009156,4.53,10,2,Rainy,Medium,Evening Peak,Scooter,5.8,27.8
ORD_009157,14.32,10,3,Clear,Low,Afternoon,Motorcycle,2.3,42.3
ORD_009158,4.02,10,4,Windy,Jam,Afternoon,Electric Bike,1.5,39.6
ORD_009159,4.72,25,3,Foggy,High,Afternoon,Scooter,1.6,43.8
ORD_009160,2.16,15,2,Clear,High,Evening Peak,Scooter,2.7,25.3
ORD_009161,15.58,10,1,Windy,Jam,Evening Peak,Scooter,0.8,95.0
ORD_009162,4.18,20,2,Clear,Low,Evening Peak,Scooter,3.2,27.8
ORD_009163,12.48,15,4,Clear,Low,Evening Peak,Electric Bike,4.5,52.4
ORD_009164,1.83,15,3,Clear,High,Late Night,Motorcycle,3.4,24.4
ORD_009165,6.0,15,2,Windy,High,Morning,Scooter,5.8,38.4
ORD_009166,14.64,25,1,Clear,Low,Late Night,Electric Bike,3.0,63.8
ORD_009167,3.56,10,6,Clear,Jam,Evening Peak,Electric Bike,0.6,35.7
ORD_009168,5.77,15,2,Rainy,Medium,Late Night,Scooter,3.1,38.0
ORD_009169,10.35,10,3,Heavy Storm,Medium,Late Night,Scooter,5.6,51.9
ORD_009170,4.21,20,3,Foggy,High,Afternoon,Electric Bike,1.0,44.6
ORD_009171,2.12,15,1,Windy,Medium,Evening Peak,Motorcycle,1.7,23.8
ORD_009172,3.86,10,2,Rainy,Medium,Evening Peak,Motorcycle,4.4,24.1
ORD_009173,6.04,15,5,Windy,Medium,Afternoon,Motorcycle,2.1,37.7
ORD_009174,6.0,20,8,Clear,Low,Evening Peak,Motorcycle,4.7,37.9
ORD_009175,7.49,15,2,Clear,Medium,Afternoon,Scooter,2.8,36.4
ORD_009176,3.12,25,2,Foggy,Low,Morning,Motorcycle,4.9,32.1
ORD_009177,13.99,15,2,Foggy,Medium,Evening Peak,Electric Bike,3.5,73.6
ORD_009178,3.18,20,1,Rainy,Medium,Evening Peak,Motorcycle,1.0,31.3
ORD_009179,5.37,20,6,Rainy,Medium,Afternoon,Scooter,2.6,48.0
ORD_009180,6.17,25,2,Windy,Low,Afternoon,Scooter,2.3,43.4
ORD_009181,5.84,20,2,Clear,Low,Morning,Motorcycle,5.0,33.4
ORD_009182,2.65,15,4,Windy,Low,Afternoon,Motorcycle,3.9,17.4
ORD_009183,10.49,25,3,Clear,Low,Late Night,Scooter,4.8,49.6
ORD_009184,3.76,25,2,Clear,Medium,Late Night,Electric Bike,2.5,37.0
ORD_009185,6.48,35,1,Foggy,Low,Evening Peak,Scooter,4.3,53.0
ORD_009186,5.74,10,1,Clear,Low,Morning,Electric Bike,0.9,28.0
ORD_009187,5.73,20,2,Windy,Medium,Evening Peak,Scooter,0.7,44.4
ORD_009188,2.02,15,2,Windy,Low,Evening Peak,Motorcycle,2.1,18.9
ORD_009189,3.58,20,2,Clear,Medium,Late Night,Scooter,4.8,27.7
ORD_009190,6.44,35,1,Clear,Medium,Evening Peak,Scooter,3.4,50.4
ORD_009191,2.08,20,1,Clear,Low,Evening Peak,Scooter,2.7,25.2
ORD_009192,4.52,20,3,Clear,Low,Evening Peak,Motorcycle,5.4,32.4
ORD_009193,5.45,15,1,Clear,High,Evening Peak,Scooter,3.2,34.2
ORD_009194,7.28,15,3,Clear,Medium,Afternoon,Scooter,3.9,35.8
ORD_009195,5.39,15,1,Rainy,Low,Morning,Electric Bike,5.9,38.4
ORD_009196,4.6,10,2,Clear,Low,Evening Peak,Motorcycle,3.4,20.8
ORD_009197,5.89,15,2,Clear,Jam,Late Night,Scooter,4.8,37.9
ORD_009198,4.44,15,2,Rainy,Low,Evening Peak,Scooter,2.8,34.3
ORD_009199,3.06,15,2,Windy,Jam,Evening Peak,Scooter,0.7,32.6
ORD_009200,3.84,15,2,Clear,Low,Evening Peak,Motorcycle,5.1,18.9
ORD_009201,6.4,25,2,Foggy,High,Evening Peak,Scooter,5.7,53.9
ORD_009202,4.62,20,4,Clear,Medium,Late Night,Electric Bike,2.9,36.3
ORD_009203,18.16,15,3,Clear,Medium,Late Night,Scooter,3.3,67.4
ORD_009204,2.59,15,2,Windy,Low,Evening Peak,Scooter,2.8,20.1
ORD_009205,6.28,25,2,Clear,High,Afternoon,Motorcycle,6.0,41.3
ORD_009206,6.85,10,1,Rainy,Medium,Afternoon,Scooter,5.5,33.2
ORD_009207,5.32,35,3,Clear,High,Evening Peak,Motorcycle,0.7,54.7
ORD_009208,4.28,15,3,Windy,Medium,Afternoon,Scooter,4.8,27.3
ORD_009209,5.07,15,3,Rainy,Low,Late Night,Motorcycle,3.8,32.1
ORD_009210,5.09,15,1,Clear,High,Evening Peak,Motorcycle,0.6,31.1
ORD_009211,11.67,10,2,Windy,Low,Morning,Motorcycle,2.9,36.8
ORD_009212,1.75,15,4,Heavy Storm,Medium,Afternoon,Motorcycle,1.3,37.6
ORD_009213,3.01,15,1,Rainy,High,Afternoon,Motorcycle,5.3,28.4
ORD_009214,5.92,20,1,Foggy,Low,Morning,Motorcycle,0.6,37.1
ORD_009215,9.02,10,2,Clear,Jam,Evening Peak,Scooter,5.3,52.7
ORD_009216,3.12,20,1,Clear,Low,Morning,Scooter,5.7,27.1
ORD_009217,2.68,25,1,Clear,High,Afternoon,Motorcycle,0.9,31.3
ORD_009218,4.73,20,2,Windy,Medium,Evening Peak,Motorcycle,4.5,38.0
ORD_009219,3.03,15,2,Clear,High,Morning,Motorcycle,3.5,21.9
ORD_009220,4.75,10,3,Rainy,Medium,Late Night,Electric Bike,5.7,37.1
ORD_009221,3.06,10,1,Clear,Medium,Morning,Motorcycle,4.9,14.6
ORD_009222,7.35,20,6,Clear,Jam,Evening Peak,Motorcycle,4.3,53.5
ORD_009223,3.11,20,1,Clear,High,Late Night,Scooter,5.6,26.8
ORD_009224,1.91,15,4,Clear,Medium,Morning,Motorcycle,1.4,20.4
ORD_009225,7.37,10,1,Clear,Low,Morning,Scooter,2.6,24.5
ORD_009226,5.13,15,2,Clear,High,Morning,Motorcycle,5.1,31.2
ORD_009227,4.02,25,5,Clear,Medium,Afternoon,Motorcycle,1.1,36.1
ORD_009228,4.08,15,2,Clear,Low,Evening Peak,Motorcycle,5.6,17.0
ORD_009229,5.46,30,2,Clear,Low,Evening Peak,Scooter,4.6,39.4
ORD_009230,2.69,35,3,Clear,Medium,Afternoon,Motorcycle,2.9,43.2
ORD_009231,2.25,25,3,Foggy,Medium,Evening Peak,Scooter,2.4,38.7
ORD_009232,3.1,15,5,Clear,Medium,Afternoon,Motorcycle,1.3,30.3
ORD_009233,4.29,15,5,Clear,Medium,Afternoon,Scooter,1.0,31.8
ORD_009234,2.97,15,3,Clear,Low,Afternoon,Motorcycle,2.8,25.1
ORD_009235,11.63,35,1,Clear,Medium,Afternoon,Motorcycle,5.1,66.5
ORD_009236,3.1,15,2,Clear,Medium,Evening Peak,Scooter,3.4,20.5
ORD_009237,5.24,20,2,Foggy,Low,Afternoon,Motorcycle,3.0,36.7
ORD_009238,6.62,30,2,Clear,Medium,Afternoon,Motorcycle,2.3,48.0
ORD_009239,9.67,25,1,Clear,Low,Afternoon,Motorcycle,1.4,49.7
ORD_009240,12.66,20,1,Clear,Low,Afternoon,Scooter,5.9,46.1
ORD_009241,15.45,15,2,Clear,Low,Afternoon,Scooter,0.6,55.6
ORD_009242,9.41,15,3,Clear,Low,Afternoon,Electric Bike,2.2,47.7
ORD_009243,8.6,15,1,Clear,Low,Late Night,Scooter,4.7,33.9
ORD_009244,2.79,30,4,Clear,Medium,Afternoon,Motorcycle,3.4,41.1
ORD_009245,6.84,30,5,Clear,Low,Afternoon,Motorcycle,2.2,44.7
ORD_009246,4.42,15,3,Clear,High,Late Night,Motorcycle,6.0,28.9
ORD_009247,4.45,15,1,Windy,Medium,Morning,Motorcycle,3.9,30.7
ORD_009248,4.03,20,6,Rainy,Medium,Evening Peak,Motorcycle,2.1,43.2
ORD_009249,2.75,15,3,Clear,Low,Late Night,Motorcycle,5.2,19.7
ORD_009250,3.67,10,2,Clear,High,Morning,Scooter,1.3,20.2
ORD_009251,3.01,15,2,Windy,High,Evening Peak,Scooter,3.0,24.3
ORD_009252,1.75,30,1,Clear,Low,Evening Peak,Scooter,5.1,28.8
ORD_009253,10.5,30,3,Windy,High,Evening Peak,Electric Bike,5.9,79.2
ORD_009254,5.18,20,2,Clear,Low,Morning,Electric Bike,2.6,34.6
ORD_009255,5.3,20,1,Windy,Medium,Morning,Motorcycle,1.3,35.0
ORD_009256,4.92,15,1,Clear,High,Morning,Scooter,3.6,31.5
ORD_009257,8.99,20,2,Clear,Jam,Late Night,Motorcycle,5.7,56.8
ORD_009258,5.58,10,5,Rainy,Low,Late Night,Scooter,4.2,31.1
ORD_009259,10.69,15,2,Clear,Jam,Evening Peak,Scooter,3.8,64.6
ORD_009260,7.23,10,5,Clear,Low,Evening Peak,Motorcycle,2.2,28.8
ORD_009261,3.33,15,2,Rainy,Jam,Afternoon,Motorcycle,3.8,42.1
ORD_009262,9.8,25,8,Foggy,High,Afternoon,Motorcycle,5.4,65.5
ORD_009263,6.14,35,6,Windy,Jam,Afternoon,Motorcycle,2.6,72.7
ORD_009264,4.85,20,3,Clear,Medium,Evening Peak,Motorcycle,1.8,37.4
ORD_009265,8.42,20,3,Clear,Jam,Evening Peak,Motorcycle,3.1,56.1
ORD_009266,5.21,15,1,Clear,High,Evening Peak,Scooter,2.6,32.0
ORD_009267,7.58,20,2,Windy,Medium,Evening Peak,Scooter,3.1,42.4
ORD_009268,2.52,20,1,Clear,Medium,Morning,Motorcycle,1.0,31.6
ORD_009269,5.28,15,6,Clear,Medium,Morning,Motorcycle,2.3,34.3
ORD_009270,3.45,10,2,Windy,Medium,Evening Peak,Scooter,5.0,21.1
ORD_009271,15.14,20,3,Foggy,Low,Afternoon,Scooter,2.7,59.8
ORD_009272,10.28,15,2,Rainy,Medium,Evening Peak,Scooter,5.8,45.3
ORD_009273,5.77,10,2,Clear,Low,Afternoon,Motorcycle,4.4,21.5
ORD_009274,9.76,15,2,Clear,Medium,Afternoon,Motorcycle,2.5,41.6
ORD_009275,3.49,10,2,Rainy,High,Morning,Scooter,1.9,29.0
ORD_009276,3.93,20,3,Foggy,Medium,Evening Peak,Motorcycle,4.3,32.4
ORD_009277,1.58,20,3,Clear,Medium,Morning,Motorcycle,2.2,26.1
ORD_009278,7.37,15,3,Windy,Medium,Afternoon,Motorcycle,5.6,34.6
ORD_009279,1.5,30,2,Clear,Medium,Morning,Electric Bike,1.1,35.3
ORD_009280,3.71,25,5,Clear,Low,Afternoon,Motorcycle,0.7,36.2
ORD_009281,2.48,10,1,Clear,Medium,Late Night,Motorcycle,1.7,17.4
ORD_009282,8.87,20,3,Clear,High,Late Night,Scooter,3.8,53.7
ORD_009283,14.31,15,2,Clear,Low,Morning,Electric Bike,5.1,56.3
ORD_009284,8.03,25,3,Clear,Low,Late Night,Scooter,1.4,47.1
ORD_009285,7.26,25,5,Clear,High,Late Night,Scooter,3.7,50.7
ORD_009286,5.8,15,2,Clear,Low,Evening Peak,Electric Bike,1.3,33.1
ORD_009287,5.52,20,6,Foggy,Medium,Evening Peak,Scooter,3.6,46.4
ORD_009288,3.15,25,1,Clear,Medium,Afternoon,Motorcycle,0.6,29.4
ORD_009289,2.04,15,6,Rainy,Medium,Evening Peak,Electric Bike,3.6,32.2
ORD_009290,5.46,10,1,Windy,Low,Morning,Scooter,3.4,22.8
ORD_009291,6.19,10,2,Clear,Medium,Morning,Motorcycle,0.7,27.3
ORD_009292,6.17,10,3,Clear,High,Late Night,Motorcycle,4.3,31.8
ORD_009293,6.67,10,4,Clear,Medium,Evening Peak,Scooter,3.6,30.4
ORD_009294,7.68,15,1,Clear,High,Afternoon,Scooter,3.9,43.6
ORD_009295,5.32,15,5,Clear,Jam,Morning,Electric Bike,3.4,48.5
ORD_009296,2.97,10,1,Clear,Medium,Late Night,Motorcycle,4.5,15.1
ORD_009297,6.55,20,4,Clear,Jam,Morning,Scooter,3.4,53.4
ORD_009298,7.41,35,4,Windy,Medium,Morning,Motorcycle,5.6,57.8
ORD_009299,4.33,30,3,Clear,Medium,Afternoon,Scooter,5.7,37.5
ORD_009300,7.42,15,4,Foggy,High,Evening Peak,Motorcycle,4.5,43.3
ORD_009301,5.49,25,1,Clear,Jam,Evening Peak,Scooter,5.5,51.2
ORD_009302,2.74,30,5,Windy,Jam,Evening Peak,Scooter,5.6,49.2
ORD_009303,17.08,30,2,Clear,High,Evening Peak,Electric Bike,1.9,95.0
ORD_009304,4.21,25,2,Clear,Medium,Morning,Scooter,6.0,32.7
ORD_009305,2.85,25,1,Clear,Medium,Afternoon,Scooter,2.0,32.5
ORD_009306,3.43,15,3,Clear,Medium,Morning,Electric Bike,0.6,29.7
ORD_009307,1.33,10,1,Clear,High,Afternoon,Motorcycle,5.8,12.0
ORD_009308,4.4,15,1,Clear,Low,Morning,Motorcycle,1.7,22.9
ORD_009309,10.58,10,2,Clear,Medium,Late Night,Motorcycle,3.7,34.0
ORD_009310,5.75,35,1,Foggy,Medium,Evening Peak,Motorcycle,5.8,51.1
ORD_009311,3.25,15,4,Clear,High,Evening Peak,Motorcycle,0.8,29.7
ORD_009312,5.01,30,1,Windy,Medium,Late Night,Motorcycle,2.0,46.2
ORD_009313,1.59,25,3,Clear,Medium,Afternoon,Motorcycle,3.8,25.6
ORD_009314,5.03,15,2,Clear,Jam,Late Night,Motorcycle,4.7,33.0
ORD_009315,4.27,10,3,Clear,Medium,Morning,Motorcycle,4.9,20.3
ORD_009316,8.56,15,1,Clear,High,Evening Peak,Motorcycle,5.4,41.6
ORD_009317,6.23,20,4,Windy,High,Afternoon,Scooter,1.4,49.0
ORD_009318,2.93,25,3,Clear,High,Morning,Electric Bike,2.5,41.0
ORD_009319,8.43,35,3,Clear,High,Evening Peak,Motorcycle,4.4,59.4
ORD_009320,10.02,10,4,Foggy,Jam,Evening Peak,Scooter,4.4,68.2
ORD_009321,6.34,15,4,Rainy,Medium,Late Night,Motorcycle,2.2,40.4
ORD_009322,4.52,10,3,Clear,Low,Afternoon,Scooter,2.2,21.5
ORD_009323,3.78,15,3,Windy,High,Evening Peak,Motorcycle,2.3,34.4
ORD_009324,11.93,25,1,Clear,High,Late Night,Motorcycle,5.4,66.0
ORD_009325,6.07,15,1,Windy,Low,Evening Peak,Scooter,5.5,27.3
ORD_009326,5.42,20,3,Rainy,Medium,Afternoon,Electric Bike,0.6,47.8
ORD_009327,2.58,15,2,Foggy,High,Afternoon,Motorcycle,2.3,33.1
ORD_009328,3.09,15,3,Foggy,High,Late Night,Motorcycle,2.7,30.4
ORD_009329,2.21,20,2,Clear,High,Evening Peak,Scooter,5.9,25.2
ORD_009330,4.48,20,2,Clear,Medium,Late Night,Electric Bike,5.7,33.5
ORD_009331,3.73,15,2,Windy,Medium,Afternoon,Scooter,4.0,29.5
ORD_009332,5.57,20,1,Clear,High,Late Night,Electric Bike,0.8,45.4
ORD_009333,9.31,15,4,Foggy,Medium,Evening Peak,Motorcycle,1.6,41.5
ORD_009334,7.45,20,1,Clear,Medium,Morning,Motorcycle,2.9,41.6
ORD_009335,8.28,30,3,Windy,High,Evening Peak,Scooter,5.8,60.0
ORD_009336,9.18,20,2,Clear,Low,Late Night,Motorcycle,1.0,39.7
ORD_009337,3.23,15,2,Rainy,Medium,Morning,Motorcycle,4.9,26.9
ORD_009338,4.08,20,2,Clear,Medium,Afternoon,Motorcycle,1.6,27.8
ORD_009339,3.77,25,2,Clear,Low,Late Night,Motorcycle,3.3,31.8
ORD_009340,7.66,15,2,Clear,High,Afternoon,Electric Bike,4.7,49.8
ORD_009341,2.54,20,4,Clear,Medium,Afternoon,Scooter,4.3,28.9
ORD_009342,10.86,15,2,Rainy,Jam,Afternoon,Motorcycle,4.8,68.6
ORD_009343,3.99,25,2,Windy,Medium,Afternoon,Scooter,5.0,39.3
ORD_009344,2.63,15,1,Foggy,Low,Afternoon,Scooter,2.2,28.7
ORD_009345,4.09,30,2,Clear,Medium,Late Night,Motorcycle,2.5,40.3
ORD_009346,4.25,20,1,Clear,Low,Afternoon,Electric Bike,5.0,29.0
ORD_009347,4.59,15,5,Rainy,Jam,Evening Peak,Motorcycle,0.7,47.2
ORD_009348,4.71,15,4,Rainy,Medium,Afternoon,Scooter,3.3,35.0
ORD_009349,9.13,15,2,Heavy Storm,Medium,Morning,Motorcycle,5.6,56.5
ORD_009350,6.13,10,2,Clear,Medium,Evening Peak,Motorcycle,5.4,27.2
ORD_009351,2.62,10,2,Clear,Medium,Morning,Scooter,4.9,18.2
ORD_009352,4.2,15,3,Rainy,Low,Evening Peak,Electric Bike,0.6,35.2
ORD_009353,3.7,15,2,Heavy Storm,Medium,Evening Peak,Electric Bike,5.4,40.9
ORD_009354,5.29,15,4,Rainy,High,Evening Peak,Scooter,5.5,39.8
ORD_009355,4.88,10,1,Foggy,Medium,Evening Peak,Scooter,4.2,28.3
ORD_009356,12.76,20,2,Clear,Medium,Evening Peak,Motorcycle,2.1,52.7
ORD_009357,8.26,10,4,Clear,High,Morning,Electric Bike,3.2,53.0
ORD_009358,7.05,15,2,Foggy,Medium,Afternoon,Electric Bike,4.7,42.4
ORD_009359,1.52,10,5,Clear,Medium,Morning,Motorcycle,5.0,12.0
ORD_009360,8.08,20,1,Heavy Storm,Medium,Evening Peak,Scooter,2.4,60.2
ORD_009361,1.79,10,3,Clear,Medium,Evening Peak,Motorcycle,2.3,17.7
ORD_009362,3.9,15,2,Clear,Low,Evening Peak,Scooter,4.5,23.3
ORD_009363,4.19,15,2,Clear,Medium,Evening Peak,Motorcycle,4.3,24.7
ORD_009364,8.94,15,4,Clear,High,Late Night,Scooter,3.3,49.9
ORD_009365,2.87,15,3,Foggy,Low,Evening Peak,Scooter,2.8,27.9
ORD_009366,4.6,15,2,Foggy,High,Afternoon,Motorcycle,4.1,35.5
ORD_009367,2.31,25,5,Clear,Medium,Afternoon,Motorcycle,0.7,33.5
ORD_009368,6.75,25,2,Windy,Low,Afternoon,Motorcycle,0.9,47.3
ORD_009369,3.92,35,4,Clear,Jam,Evening Peak,Scooter,3.7,54.0
ORD_009370,5.61,20,5,Clear,Low,Afternoon,Motorcycle,1.7,32.0
ORD_009371,1.14,20,2,Clear,Medium,Afternoon,Electric Bike,4.8,23.8
ORD_009372,2.69,30,2,Foggy,Medium,Evening Peak,Scooter,4.7,38.7
ORD_009373,5.7,15,3,Rainy,Jam,Afternoon,Motorcycle,4.4,49.1
ORD_009374,7.29,20,3,Clear,Medium,Evening Peak,Motorcycle,5.5,41.6
ORD_009375,10.94,15,1,Clear,Jam,Afternoon,Motorcycle,1.3,66.2
ORD_009376,10.06,20,1,Rainy,Medium,Afternoon,Motorcycle,1.9,54.7
ORD_009377,3.61,10,2,Clear,Low,Afternoon,Motorcycle,1.9,15.1
ORD_009378,5.56,25,2,Clear,Medium,Evening Peak,Scooter,4.8,42.2
ORD_009379,7.74,35,3,Rainy,Low,Afternoon,Motorcycle,3.4,56.2
ORD_009380,6.06,10,1,Windy,Low,Late Night,Motorcycle,1.9,24.0
ORD_009381,4.21,25,2,Clear,Low,Evening Peak,Scooter,1.3,32.3
ORD_009382,5.69,15,2,Clear,Low,Morning,Scooter,5.4,25.1
ORD_009383,10.5,15,2,Windy,Low,Evening Peak,Motorcycle,4.3,39.0
ORD_009384,5.0,20,2,Rainy,Medium,Evening Peak,Motorcycle,3.4,40.0
ORD_009385,6.83,10,1,Clear,Low,Afternoon,Motorcycle,5.8,22.5
ORD_009386,5.9,15,1,Windy,Low,Afternoon,Electric Bike,5.2,28.0
ORD_009387,3.5,10,1,Rainy,Low,Evening Peak,Motorcycle,1.5,25.6
ORD_009388,8.91,20,2,Clear,Jam,Evening Peak,Scooter,3.3,68.4
ORD_009389,5.08,15,3,Clear,Medium,Late Night,Scooter,3.2,28.4
ORD_009390,4.18,30,3,Clear,Medium,Morning,Scooter,5.1,41.0
ORD_009391,5.87,20,3,Windy,Medium,Morning,Motorcycle,1.3,35.9
ORD_009392,9.48,10,6,Rainy,Medium,Evening Peak,Electric Bike,3.0,55.9
ORD_009393,5.66,15,2,Clear,Low,Afternoon,Motorcycle,4.0,30.6
ORD_009394,5.6,30,1,Clear,Medium,Afternoon,Motorcycle,5.7,41.6
ORD_009395,6.71,20,4,Rainy,High,Evening Peak,Scooter,5.4,52.8
ORD_009396,7.6,20,3,Clear,Medium,Morning,Electric Bike,3.4,49.1
ORD_009397,4.44,20,8,Clear,High,Evening Peak,Scooter,3.8,41.0
ORD_009398,4.75,15,2,Foggy,Low,Evening Peak,Motorcycle,5.2,25.4
ORD_009399,4.25,20,4,Clear,High,Afternoon,Electric Bike,4.6,38.9
ORD_009400,6.67,25,4,Rainy,High,Morning,Motorcycle,5.3,51.6
ORD_009401,5.08,10,8,Clear,Medium,Afternoon,Motorcycle,5.4,24.3
ORD_009402,5.23,30,8,Clear,Medium,Afternoon,Motorcycle,5.1,46.6
ORD_009403,5.32,15,8,Clear,Low,Morning,Motorcycle,0.6,33.6
ORD_009404,2.48,15,5,Windy,Medium,Evening Peak,Motorcycle,2.2,24.7
ORD_009405,7.24,10,2,Rainy,Medium,Afternoon,Scooter,2.7,38.9
ORD_009406,4.36,20,2,Windy,Low,Late Night,Motorcycle,4.2,31.7
ORD_009407,5.12,15,6,Clear,Low,Morning,Motorcycle,2.2,28.9
ORD_009408,3.94,15,2,Windy,Medium,Evening Peak,Scooter,2.3,31.4
ORD_009409,2.86,35,5,Clear,Jam,Evening Peak,Scooter,2.7,51.5
ORD_009410,5.63,15,3,Rainy,Medium,Evening Peak,Electric Bike,5.8,38.5
ORD_009411,6.46,15,4,Clear,Low,Evening Peak,Motorcycle,2.9,32.0
ORD_009412,16.92,15,3,Clear,Jam,Morning,Motorcycle,1.3,90.6
ORD_009413,3.76,10,2,Clear,Low,Evening Peak,Motorcycle,0.5,21.5
ORD_009414,7.9,15,2,Clear,Low,Evening Peak,Motorcycle,1.8,34.6
ORD_009415,4.31,15,3,Windy,Medium,Late Night,Motorcycle,5.7,25.6
ORD_009416,8.28,15,1,Clear,Low,Late Night,Scooter,5.8,36.0
ORD_009417,7.02,25,1,Clear,Medium,Morning,Motorcycle,3.4,46.5
ORD_009418,3.79,15,1,Clear,Low,Late Night,Electric Bike,4.1,21.0
ORD_009419,2.73,20,2,Clear,High,Evening Peak,Scooter,4.9,27.6
ORD_009420,2.29,10,2,Clear,Low,Late Night,Motorcycle,0.8,15.5
ORD_009421,8.73,15,4,Clear,High,Morning,Motorcycle,2.6,44.9
ORD_009422,3.13,15,3,Foggy,High,Evening Peak,Motorcycle,4.0,32.1
ORD_009423,2.1,10,3,Heavy Storm,Jam,Evening Peak,Motorcycle,5.4,29.5
ORD_009424,8.63,20,3,Clear,Low,Morning,Scooter,4.5,39.7
ORD_009425,5.26,15,3,Rainy,Medium,Morning,Motorcycle,2.4,40.3
ORD_009426,4.47,35,2,Clear,High,Afternoon,Motorcycle,5.5,47.7
ORD_009427,7.59,20,6,Foggy,Jam,Morning,Scooter,4.2,66.0
ORD_009428,4.32,15,1,Windy,Medium,Evening Peak,Scooter,5.1,24.4
ORD_009429,7.21,10,1,Clear,Jam,Afternoon,Electric Bike,2.6,58.5
ORD_009430,3.79,10,2,Foggy,Low,Late Night,Motorcycle,0.5,26.5
ORD_009431,10.41,10,4,Rainy,Medium,Evening Peak,Motorcycle,1.4,46.9
ORD_009432,3.48,20,2,Rainy,Medium,Evening Peak,Motorcycle,5.6,33.6
ORD_009433,7.26,25,2,Windy,Low,Afternoon,Motorcycle,0.7,44.3
ORD_009434,9.38,15,2,Foggy,Medium,Afternoon,Scooter,3.8,45.6
ORD_009435,1.03,15,6,Clear,High,Evening Peak,Motorcycle,2.8,22.8
ORD_009436,6.88,15,3,Clear,Medium,Evening Peak,Motorcycle,2.9,32.8
ORD_009437,3.51,20,1,Clear,Low,Late Night,Scooter,2.7,24.9
ORD_009438,7.57,15,2,Clear,Low,Evening Peak,Motorcycle,0.9,33.8
ORD_009439,5.91,30,2,Clear,Jam,Evening Peak,Motorcycle,1.2,55.3
ORD_009440,6.75,20,2,Windy,Medium,Afternoon,Motorcycle,0.8,41.2
ORD_009441,5.05,30,1,Clear,Low,Afternoon,Electric Bike,0.8,48.5
ORD_009442,9.72,15,4,Foggy,Low,Afternoon,Electric Bike,1.0,47.7
ORD_009443,2.34,20,2,Foggy,Medium,Evening Peak,Motorcycle,4.3,26.3
ORD_009444,9.15,20,2,Foggy,Low,Evening Peak,Scooter,1.1,46.4
ORD_009445,3.82,20,1,Rainy,Medium,Evening Peak,Electric Bike,1.9,40.9
ORD_009446,1.74,10,2,Rainy,Low,Evening Peak,Motorcycle,4.1,21.1
ORD_009447,5.37,35,3,Foggy,Medium,Afternoon,Scooter,1.1,60.4
ORD_009448,3.59,30,4,Clear,High,Late Night,Motorcycle,5.5,38.3
ORD_009449,6.61,10,4,Windy,Low,Late Night,Scooter,3.1,28.9
ORD_009450,6.97,20,2,Clear,Low,Evening Peak,Motorcycle,5.8,29.3
ORD_009451,4.79,15,3,Foggy,High,Afternoon,Scooter,1.6,39.2
ORD_009452,6.78,25,1,Clear,Low,Evening Peak,Scooter,0.7,40.2
ORD_009453,6.11,20,2,Heavy Storm,High,Late Night,Scooter,3.7,56.9
ORD_009454,5.32,15,2,Windy,Medium,Evening Peak,Electric Bike,2.3,38.1
ORD_009455,4.71,10,3,Clear,High,Evening Peak,Motorcycle,3.6,26.6
ORD_009456,3.96,15,5,Clear,Low,Late Night,Motorcycle,3.1,24.9
ORD_009457,12.82,10,5,Rainy,High,Evening Peak,Motorcycle,3.0,57.2
ORD_009458,5.18,10,1,Clear,Medium,Morning,Motorcycle,5.2,18.7
ORD_009459,6.26,20,2,Clear,Medium,Afternoon,Motorcycle,1.6,38.3
ORD_009460,7.38,20,3,Clear,Low,Evening Peak,Motorcycle,3.2,38.2
ORD_009461,4.49,15,3,Foggy,Low,Evening Peak,Electric Bike,2.8,29.2
ORD_009462,6.51,20,2,Clear,High,Evening Peak,Scooter,4.2,38.6
ORD_009463,12.18,15,1,Clear,Low,Afternoon,Motorcycle,0.8,45.2
ORD_009464,3.47,15,4,Clear,Medium,Morning,Motorcycle,3.4,25.5
ORD_009465,12.18,20,4,Clear,Low,Morning,Electric Bike,3.1,54.1
ORD_009466,7.67,15,4,Rainy,Medium,Morning,Motorcycle,5.9,39.2
ORD_009467,3.8,15,4,Clear,Medium,Afternoon,Motorcycle,4.7,24.0
ORD_009468,3.36,15,3,Clear,Medium,Morning,Scooter,1.4,24.1
ORD_009469,12.14,20,2,Foggy,High,Afternoon,Motorcycle,3.3,62.0
ORD_009470,8.8,25,1,Rainy,Low,Evening Peak,Scooter,4.8,51.8
ORD_009471,4.87,15,1,Rainy,Jam,Evening Peak,Motorcycle,3.4,42.3
ORD_009472,4.05,10,3,Clear,Medium,Evening Peak,Motorcycle,2.5,21.9
ORD_009473,3.81,25,3,Clear,Medium,Evening Peak,Electric Bike,2.6,40.9
ORD_009474,4.75,10,3,Rainy,Low,Afternoon,Scooter,2.5,27.6
ORD_009475,4.99,15,3,Clear,Medium,Morning,Electric Bike,0.6,38.6
ORD_009476,5.75,15,3,Foggy,Medium,Morning,Electric Bike,4.5,41.2
ORD_009477,3.09,30,1,Clear,High,Late Night,Motorcycle,3.9,39.6
ORD_009478,3.72,20,2,Clear,High,Late Night,Electric Bike,2.0,36.3
ORD_009479,4.62,20,1,Heavy Storm,High,Afternoon,Motorcycle,4.0,48.9
ORD_009480,14.7,20,2,Windy,Medium,Afternoon,Motorcycle,2.2,62.5
ORD_009481,6.09,20,1,Clear,Low,Late Night,Electric Bike,1.8,38.9
ORD_009482,2.51,10,2,Clear,Jam,Morning,Scooter,4.6,23.0
ORD_009483,3.17,20,4,Clear,Low,Morning,Scooter,5.0,28.5
ORD_009484,12.06,15,1,Clear,High,Morning,Motorcycle,3.9,54.0
ORD_009485,9.76,20,3,Rainy,Low,Late Night,Scooter,4.8,52.2
ORD_009486,4.29,10,2,Windy,Jam,Morning,Scooter,2.5,31.0
ORD_009487,6.86,10,2,Clear,Low,Morning,Scooter,0.9,30.2
ORD_009488,6.43,20,2,Clear,Low,Evening Peak,Electric Bike,3.8,38.6
ORD_009489,5.27,15,1,Foggy,Medium,Evening Peak,Scooter,1.9,32.2
ORD_009490,3.38,15,1,Clear,High,Evening Peak,Motorcycle,4.8,27.2
ORD_009491,1.99,15,2,Clear,Medium,Late Night,Motorcycle,2.5,20.5
ORD_009492,8.3,20,4,Clear,Medium,Evening Peak,Scooter,4.2,46.1
ORD_009493,6.52,10,5,Clear,High,Evening Peak,Motorcycle,3.5,32.3
ORD_009494,3.41,15,2,Clear,High,Afternoon,Motorcycle,5.0,26.2
ORD_009495,9.53,20,4,Heavy Storm,High,Evening Peak,Motorcycle,5.1,67.3
ORD_009496,11.8,15,1,Clear,Low,Afternoon,Scooter,0.9,42.3
ORD_009497,5.98,25,4,Foggy,Low,Evening Peak,Motorcycle,2.1,41.2
ORD_009498,5.17,10,2,Windy,Medium,Evening Peak,Electric Bike,5.3,30.9
ORD_009499,2.27,25,1,Clear,High,Afternoon,Electric Bike,2.7,32.3
ORD_009500,4.78,20,1,Rainy,Low,Evening Peak,Scooter,3.3,38.6
ORD_009501,2.94,15,1,Clear,Low,Evening Peak,Scooter,1.5,22.1
ORD_009502,4.92,30,1,Rainy,Jam,Late Night,Motorcycle,3.5,57.9
ORD_009503,8.98,20,3,Clear,Low,Late Night,Motorcycle,2.0,37.3
ORD_009504,7.35,30,3,Heavy Storm,Medium,Afternoon,Motorcycle,5.1,62.8
ORD_009505,9.68,15,4,Foggy,Low,Evening Peak,Motorcycle,1.6,40.9
ORD_009506,4.56,15,2,Clear,High,Evening Peak,Electric Bike,2.5,31.9
ORD_009507,2.59,20,3,Clear,High,Afternoon,Motorcycle,1.0,28.5
ORD_009508,4.46,10,1,Clear,Low,Afternoon,Motorcycle,3.7,17.0
ORD_009509,5.99,30,2,Clear,Medium,Late Night,Motorcycle,5.7,43.9
ORD_009510,9.91,20,2,Windy,High,Morning,Motorcycle,1.5,55.0
ORD_009511,8.13,20,2,Clear,Medium,Late Night,Scooter,0.6,43.1
ORD_009512,2.1,30,4,Windy,Medium,Evening Peak,Motorcycle,2.8,34.6
ORD_009513,5.89,35,3,Clear,Medium,Evening Peak,Motorcycle,4.6,48.7
ORD_009514,8.93,15,1,Clear,High,Evening Peak,Scooter,5.9,48.6
ORD_009515,10.29,20,6,Windy,Jam,Evening Peak,Scooter,0.8,80.7
ORD_009516,9.31,20,2,Rainy,Medium,Late Night,Motorcycle,4.8,51.9
ORD_009517,3.61,15,2,Clear,Low,Late Night,Motorcycle,2.5,21.9
ORD_009518,3.71,35,2,Clear,Jam,Afternoon,Electric Bike,1.3,61.3
ORD_009519,12.83,25,3,Clear,Low,Evening Peak,Motorcycle,1.6,50.7
ORD_009520,4.13,20,4,Clear,High,Evening Peak,Scooter,5.6,35.6
ORD_009521,11.71,15,2,Windy,Jam,Afternoon,Scooter,5.0,73.8
ORD_009522,3.19,20,2,Clear,Low,Afternoon,Scooter,2.2,26.9
ORD_009523,4.92,20,2,Rainy,Medium,Morning,Electric Bike,5.7,43.9
ORD_009524,1.69,15,3,Clear,Low,Evening Peak,Motorcycle,1.1,20.2
ORD_009525,4.74,15,3,Clear,Medium,Evening Peak,Motorcycle,2.3,25.5
ORD_009526,3.35,15,2,Clear,Medium,Evening Peak,Motorcycle,4.1,26.2
ORD_009527,7.38,20,2,Clear,Medium,Afternoon,Motorcycle,6.0,37.8
ORD_009528,7.35,20,2,Foggy,Low,Evening Peak,Motorcycle,3.1,43.0
ORD_009529,6.64,10,2,Rainy,Medium,Evening Peak,Scooter,5.0,34.2
ORD_009530,3.43,25,4,Clear,Medium,Afternoon,Scooter,5.5,38.2
ORD_009531,9.7,10,4,Clear,Medium,Evening Peak,Scooter,0.6,42.1
ORD_009532,5.39,20,2,Rainy,High,Evening Peak,Motorcycle,2.1,47.6
ORD_009533,7.71,20,3,Clear,Jam,Late Night,Motorcycle,1.1,54.7
ORD_009534,9.34,25,4,Rainy,High,Afternoon,Motorcycle,4.8,60.8
ORD_009535,5.73,25,1,Windy,Low,Late Night,Motorcycle,3.6,42.1
ORD_009536,2.46,15,2,Clear,Low,Evening Peak,Motorcycle,1.0,14.8
ORD_009537,6.09,10,1,Clear,Low,Evening Peak,Scooter,2.8,21.5
ORD_009538,4.77,20,2,Windy,Medium,Late Night,Scooter,3.3,38.6
ORD_009539,3.26,20,1,Foggy,High,Morning,Motorcycle,4.3,35.1
ORD_009540,11.0,15,2,Clear,Low,Evening Peak,Motorcycle,4.8,39.6
ORD_009541,4.49,15,8,Clear,Medium,Morning,Scooter,1.0,33.4
ORD_009542,7.12,10,4,Foggy,Low,Evening Peak,Motorcycle,3.2,30.5
ORD_009543,8.04,15,2,Clear,Medium,Morning,Motorcycle,1.4,37.9
ORD_009544,6.09,15,3,Foggy,Jam,Late Night,Scooter,4.6,48.0
ORD_009545,4.22,15,3,Clear,Medium,Morning,Motorcycle,4.1,24.9
ORD_009546,2.32,20,2,Rainy,Medium,Late Night,Scooter,4.5,32.7
ORD_009547,6.6,15,2,Clear,Medium,Evening Peak,Motorcycle,0.9,33.6
ORD_009548,4.51,30,2,Clear,High,Evening Peak,Motorcycle,3.3,44.6
ORD_009549,12.64,15,2,Clear,High,Afternoon,Electric Bike,5.1,76.8
ORD_009550,3.66,15,2,Rainy,Low,Afternoon,Scooter,4.4,28.4
ORD_009551,1.71,10,3,Clear,High,Morning,Motorcycle,5.2,19.1
ORD_009552,2.79,20,2,Heavy Storm,Medium,Evening Peak,Electric Bike,1.6,44.1
ORD_009553,9.3,20,5,Windy,High,Afternoon,Motorcycle,2.1,56.5
ORD_009554,8.18,20,4,Windy,Low,Late Night,Motorcycle,2.9,40.4
ORD_009555,10.95,25,6,Foggy,High,Morning,Electric Bike,3.4,80.2
ORD_009556,4.81,25,1,Clear,Medium,Morning,Electric Bike,1.9,44.0
ORD_009557,7.62,25,3,Foggy,Medium,Afternoon,Motorcycle,2.6,49.6
ORD_009558,5.93,10,2,Rainy,Medium,Morning,Scooter,4.3,32.9
ORD_009559,3.81,15,1,Clear,Low,Evening Peak,Motorcycle,4.0,17.4
ORD_009560,5.37,15,2,Rainy,Jam,Morning,Motorcycle,1.1,45.9
ORD_009561,4.34,20,5,Foggy,Low,Evening Peak,Scooter,5.9,35.0
ORD_009562,10.61,15,2,Windy,Jam,Evening Peak,Motorcycle,3.6,65.2
ORD_009563,3.79,25,2,Clear,High,Evening Peak,Scooter,3.2,36.2
ORD_009564,11.46,15,3,Clear,Medium,Afternoon,Motorcycle,5.8,43.7
ORD_009565,3.67,15,4,Clear,Low,Evening Peak,Motorcycle,1.3,23.7
ORD_009566,4.34,15,1,Clear,Medium,Evening Peak,Motorcycle,3.5,22.1
ORD_009567,5.51,15,3,Heavy Storm,Jam,Afternoon,Electric Bike,4.9,61.9
ORD_009568,3.58,15,2,Clear,High,Morning,Scooter,2.7,25.6
ORD_009569,5.49,15,3,Windy,Medium,Afternoon,Electric Bike,4.5,35.3
ORD_009570,5.89,10,2,Clear,Medium,Late Night,Electric Bike,5.4,28.7
ORD_009571,10.31,20,3,Clear,Medium,Evening Peak,Motorcycle,1.9,50.3
ORD_009572,1.7,15,3,Clear,Jam,Afternoon,Motorcycle,1.8,22.2
ORD_009573,3.68,10,6,Foggy,Jam,Late Night,Motorcycle,2.5,35.0
ORD_009574,12.28,15,2,Windy,Medium,Afternoon,Motorcycle,2.8,47.7
ORD_009575,4.29,30,1,Clear,Jam,Morning,Motorcycle,1.1,50.9
ORD_009576,4.29,20,3,Clear,Jam,Late Night,Electric Bike,1.8,45.8
ORD_009577,3.56,35,3,Rainy,Medium,Evening Peak,Electric Bike,5.3,52.6
ORD_009578,7.53,20,4,Clear,Medium,Afternoon,Motorcycle,3.6,40.6
ORD_009579,2.24,30,3,Rainy,High,Afternoon,Motorcycle,2.0,46.2
ORD_009580,6.43,15,3,Clear,Jam,Evening Peak,Electric Bike,5.7,56.2
ORD_009581,13.28,15,6,Rainy,Medium,Evening Peak,Scooter,4.8,61.6
ORD_009582,1.97,20,1,Rainy,Medium,Afternoon,Scooter,2.5,33.7
ORD_009583,7.58,35,3,Clear,Medium,Afternoon,Motorcycle,4.7,50.6
ORD_009584,2.71,25,2,Foggy,Low,Afternoon,Motorcycle,3.8,37.8
ORD_009585,6.64,20,2,Foggy,Jam,Evening Peak,Motorcycle,4.3,49.9
ORD_009586,6.34,10,2,Clear,Low,Evening Peak,Electric Bike,2.3,28.5
ORD_009587,7.86,15,3,Rainy,High,Afternoon,Motorcycle,1.7,47.4
ORD_009588,4.0,10,1,Windy,Medium,Evening Peak,Motorcycle,1.9,23.0
ORD_009589,4.11,15,2,Clear,Low,Late Night,Motorcycle,1.0,22.9
ORD_009590,7.98,15,2,Clear,Medium,Afternoon,Motorcycle,3.1,32.0
ORD_009591,3.98,15,2,Windy,Low,Afternoon,Scooter,2.7,23.9
ORD_009592,8.49,25,1,Clear,Jam,Evening Peak,Scooter,0.5,67.7
ORD_009593,1.5,15,2,Clear,Medium,Evening Peak,Motorcycle,5.2,13.9
ORD_009594,6.13,15,1,Rainy,High,Morning,Motorcycle,4.3,41.8
ORD_009595,8.2,15,2,Foggy,Medium,Afternoon,Motorcycle,3.0,44.8
ORD_009596,4.81,15,5,Windy,High,Morning,Motorcycle,5.8,37.3
ORD_009597,10.54,15,2,Clear,Medium,Evening Peak,Scooter,5.7,42.2
ORD_009598,4.07,15,2,Clear,Low,Late Night,Electric Bike,1.0,23.7
ORD_009599,6.0,30,4,Clear,High,Morning,Scooter,3.9,50.6
ORD_009600,8.96,15,3,Foggy,High,Afternoon,Motorcycle,5.0,48.5
ORD_009601,2.87,10,2,Clear,Low,Evening Peak,Scooter,1.5,15.8
ORD_009602,9.38,15,1,Clear,High,Evening Peak,Motorcycle,1.2,47.7
ORD_009603,6.39,15,3,Rainy,Medium,Evening Peak,Scooter,1.9,39.7
ORD_009604,3.48,15,1,Foggy,Low,Afternoon,Electric Bike,2.0,30.0
ORD_009605,5.24,15,2,Windy,High,Morning,Electric Bike,5.8,38.3
ORD_009606,3.32,10,3,Clear,High,Afternoon,Electric Bike,4.8,20.8
ORD_009607,7.26,20,3,Clear,Medium,Evening Peak,Motorcycle,0.8,41.5
ORD_009608,4.6,25,4,Clear,Low,Afternoon,Scooter,4.8,38.8
ORD_009609,4.3,15,3,Rainy,Medium,Evening Peak,Motorcycle,1.4,32.8
ORD_009610,7.38,20,3,Clear,Low,Evening Peak,Electric Bike,2.5,42.2
ORD_009611,4.76,15,2,Windy,Low,Morning,Motorcycle,2.3,25.1
ORD_009612,5.39,15,2,Clear,Low,Morning,Scooter,2.0,29.8
ORD_009613,5.18,15,2,Foggy,High,Afternoon,Motorcycle,2.2,37.8
ORD_009614,1.67,20,1,Clear,High,Evening Peak,Motorcycle,4.6,22.9
ORD_009615,2.44,10,8,Clear,Low,Late Night,Motorcycle,2.0,18.5
ORD_009616,3.71,20,2,Clear,High,Morning,Motorcycle,4.9,32.2
ORD_009617,3.85,20,4,Clear,Low,Evening Peak,Electric Bike,1.0,33.2
ORD_009618,1.6,25,5,Windy,Jam,Evening Peak,Scooter,3.8,38.3
ORD_009619,5.38,10,1,Clear,High,Afternoon,Motorcycle,5.2,25.3
ORD_009620,4.96,10,3,Clear,High,Evening Peak,Motorcycle,0.9,29.6
ORD_009621,5.72,10,4,Windy,Low,Evening Peak,Motorcycle,4.0,25.5
ORD_009622,4.45,30,2,Clear,Jam,Afternoon,Motorcycle,3.3,48.9
ORD_009623,11.26,25,1,Clear,Jam,Late Night,Scooter,2.3,76.1
ORD_009624,6.91,25,2,Clear,Medium,Evening Peak,Motorcycle,1.1,44.5
ORD_009625,12.06,20,2,Foggy,Low,Morning,Motorcycle,4.2,45.2
ORD_009626,2.86,20,4,Clear,Medium,Evening Peak,Motorcycle,2.2,32.1
ORD_009627,4.39,15,3,Clear,Low,Evening Peak,Electric Bike,2.4,26.9
ORD_009628,3.89,25,2,Rainy,Medium,Evening Peak,Electric Bike,4.4,45.5
ORD_009629,2.16,25,4,Clear,Jam,Evening Peak,Motorcycle,5.7,30.6
ORD_009630,4.82,15,2,Clear,High,Morning,Scooter,2.3,27.7
ORD_009631,1.55,15,4,Foggy,Medium,Evening Peak,Scooter,4.6,22.0
ORD_009632,7.22,20,4,Clear,Medium,Afternoon,Motorcycle,5.8,40.5
ORD_009633,9.82,10,3,Clear,Jam,Morning,Motorcycle,1.0,53.5
ORD_009634,4.67,25,1,Rainy,Low,Evening Peak,Motorcycle,3.4,41.2
ORD_009635,5.69,15,3,Heavy Storm,High,Morning,Motorcycle,0.6,49.3
ORD_009636,9.87,15,3,Clear,Low,Afternoon,Motorcycle,5.0,35.7
ORD_009637,3.15,20,4,Clear,Medium,Evening Peak,Motorcycle,2.1,30.1
ORD_009638,2.15,20,1,Windy,High,Afternoon,Electric Bike,2.3,30.0
ORD_009639,1.54,15,3,Clear,Medium,Evening Peak,Electric Bike,4.3,21.4
ORD_009640,3.34,30,4,Clear,Medium,Evening Peak,Electric Bike,4.8,42.8
ORD_009641,3.64,35,1,Clear,Medium,Morning,Scooter,2.7,45.9
ORD_009642,7.51,20,3,Clear,Medium,Afternoon,Scooter,4.2,41.1
ORD_009643,2.5,20,4,Rainy,Low,Morning,Scooter,5.8,31.4
ORD_009644,2.11,20,2,Clear,Medium,Evening Peak,Electric Bike,5.4,27.5
ORD_009645,8.23,15,1,Clear,Jam,Morning,Motorcycle,4.4,53.2
ORD_009646,3.78,30,3,Foggy,Low,Evening Peak,Scooter,5.7,41.8
ORD_009647,5.71,15,1,Clear,Low,Morning,Electric Bike,5.3,27.2
ORD_009648,7.76,10,2,Foggy,Medium,Late Night,Scooter,4.5,35.3
ORD_009649,18.08,30,1,Clear,Medium,Evening Peak,Scooter,5.5,82.3
ORD_009650,6.46,15,2,Clear,Low,Late Night,Motorcycle,5.0,28.3
ORD_009651,3.56,20,4,Foggy,Medium,Morning,Motorcycle,3.3,31.9
ORD_009652,8.15,15,5,Clear,Medium,Afternoon,Scooter,3.3,39.4
ORD_009653,3.05,30,1,Clear,High,Late Night,Motorcycle,0.5,39.9
ORD_009654,9.81,25,3,Foggy,Medium,Late Night,Motorcycle,0.7,60.2
ORD_009655,3.43,30,1,Clear,Jam,Afternoon,Electric Bike,4.6,45.7
ORD_009656,2.76,30,3,Clear,High,Evening Peak,Scooter,3.6,41.8
ORD_009657,5.34,10,3,Heavy Storm,Medium,Afternoon,Motorcycle,4.7,33.8
ORD_009658,6.36,15,2,Rainy,Medium,Late Night,Motorcycle,5.7,36.6
ORD_009659,2.82,20,2,Clear,High,Morning,Motorcycle,3.0,30.7
ORD_009660,3.72,25,2,Windy,High,Evening Peak,Electric Bike,1.0,42.4
ORD_009661,6.75,15,2,Clear,High,Afternoon,Electric Bike,3.9,43.7
ORD_009662,5.8,30,2,Clear,Medium,Afternoon,Motorcycle,1.0,48.3
ORD_009663,6.55,15,4,Clear,Medium,Evening Peak,Motorcycle,3.9,35.0
ORD_009664,9.91,25,1,Windy,High,Afternoon,Scooter,3.4,62.3
ORD_009665,6.14,20,3,Clear,Medium,Evening Peak,Scooter,4.4,38.0
ORD_009666,11.43,20,2,Foggy,Jam,Evening Peak,Motorcycle,2.4,79.0
ORD_009667,8.41,15,3,Clear,High,Afternoon,Motorcycle,1.3,47.8
ORD_009668,3.77,10,2,Foggy,Medium,Evening Peak,Scooter,1.8,28.6
ORD_009669,10.16,15,3,Foggy,Medium,Afternoon,Motorcycle,4.3,42.7
ORD_009670,6.01,15,2,Windy,Low,Morning,Motorcycle,3.1,31.1
ORD_009671,9.3,15,3,Clear,Medium,Evening Peak,Electric Bike,3.5,49.6
ORD_009672,6.62,20,3,Heavy Storm,Low,Afternoon,Scooter,2.3,51.8
ORD_009673,13.02,15,2,Clear,Low,Late Night,Scooter,5.1,43.0
ORD_009674,2.76,15,2,Clear,Low,Evening Peak,Scooter,6.0,16.3
ORD_009675,4.63,30,4,Clear,Medium,Afternoon,Motorcycle,2.2,42.7
ORD_009676,7.29,25,2,Clear,High,Evening Peak,Electric Bike,4.5,60.5
ORD_009677,5.65,10,2,Clear,Medium,Late Night,Motorcycle,1.4,21.2
ORD_009678,3.07,25,3,Clear,Medium,Afternoon,Motorcycle,4.6,34.4
ORD_009679,12.29,35,3,Clear,Medium,Evening Peak,Scooter,2.9,73.1
ORD_009680,5.0,30,1,Rainy,Medium,Morning,Motorcycle,3.8,47.9
ORD_009681,8.81,25,3,Windy,High,Late Night,Motorcycle,1.8,55.5
ORD_009682,6.98,20,4,Clear,Medium,Evening Peak,Motorcycle,5.2,38.5
ORD_009683,7.98,15,2,Windy,Medium,Morning,Motorcycle,1.5,38.5
ORD_009684,2.66,20,3,Rainy,Jam,Evening Peak,Scooter,5.6,36.4
ORD_009685,5.12,20,2,Rainy,Medium,Evening Peak,Motorcycle,0.8,42.5
ORD_009686,8.09,15,1,Clear,High,Afternoon,Electric Bike,2.1,49.3
ORD_009687,8.77,15,1,Foggy,Medium,Morning,Scooter,3.6,46.9
ORD_009688,8.35,15,3,Heavy Storm,Medium,Afternoon,Scooter,5.2,54.9
ORD_009689,3.45,20,3,Clear,Low,Afternoon,Electric Bike,3.7,28.5
ORD_009690,2.0,15,1,Heavy Storm,High,Evening Peak,Motorcycle,1.7,35.5
ORD_009691,2.48,20,1,Heavy Storm,Medium,Afternoon,Scooter,5.2,39.1
ORD_009692,5.26,25,4,Windy,High,Late Night,Motorcycle,3.8,50.4
ORD_009693,5.56,15,3,Rainy,High,Morning,Scooter,1.8,39.3
ORD_009694,5.25,30,2,Clear,Medium,Late Night,Motorcycle,3.6,45.9
ORD_009695,2.7,15,2,Rainy,Medium,Afternoon,Motorcycle,4.2,26.5
ORD_009696,3.84,10,6,Windy,Medium,Late Night,Motorcycle,4.2,24.8
ORD_009697,12.22,10,2,Clear,High,Evening Peak,Electric Bike,4.5,66.1
ORD_009698,6.4,15,5,Rainy,High,Evening Peak,Scooter,5.4,45.9
ORD_009699,5.06,15,2,Rainy,Medium,Evening Peak,Motorcycle,5.0,34.9
ORD_009700,12.07,25,4,Foggy,Medium,Late Night,Motorcycle,3.8,58.8
ORD_009701,13.63,20,2,Clear,Medium,Late Night,Motorcycle,0.7,53.7
ORD_009702,4.06,25,5,Windy,High,Morning,Scooter,4.6,41.7
ORD_009703,6.42,20,1,Rainy,High,Evening Peak,Motorcycle,5.9,47.2
ORD_009704,2.21,15,8,Clear,Medium,Afternoon,Electric Bike,2.2,27.1
ORD_009705,1.91,15,2,Rainy,Low,Afternoon,Motorcycle,3.8,22.0
ORD_009706,4.61,20,1,Rainy,High,Evening Peak,Motorcycle,4.7,38.8
ORD_009707,2.61,20,3,Clear,High,Evening Peak,Motorcycle,4.0,27.2
ORD_009708,3.84,15,3,Clear,Low,Evening Peak,Electric Bike,5.6,21.4
ORD_009709,6.08,30,2,Clear,Medium,Afternoon,Scooter,3.1,47.3
ORD_009710,10.71,20,3,Windy,Low,Evening Peak,Scooter,3.4,47.0
ORD_009711,6.52,25,5,Clear,Medium,Late Night,Scooter,0.7,46.4
ORD_009712,4.09,20,3,Windy,Medium,Morning,Scooter,5.5,32.0
ORD_009713,14.07,15,4,Foggy,Low,Afternoon,Electric Bike,1.9,63.5
ORD_009714,5.48,20,4,Clear,Medium,Morning,Motorcycle,5.9,33.6
ORD_009715,8.83,15,2,Clear,High,Morning,Motorcycle,1.6,42.9
ORD_009716,9.26,20,3,Rainy,Medium,Morning,Motorcycle,1.9,52.0
ORD_009717,5.04,15,3,Clear,Low,Afternoon,Motorcycle,3.2,23.5
ORD_009718,1.3,10,1,Clear,Medium,Evening Peak,Motorcycle,4.1,12.0
ORD_009719,3.58,15,2,Windy,Medium,Afternoon,Motorcycle,2.9,26.7
ORD_009720,3.68,15,3,Windy,Jam,Afternoon,Scooter,2.4,37.1
ORD_009721,5.14,10,2,Clear,Medium,Late Night,Scooter,3.5,25.3
ORD_009722,4.53,25,3,Windy,High,Morning,Motorcycle,5.8,38.7
ORD_009723,4.67,15,1,Clear,Jam,Afternoon,Scooter,5.8,37.8
ORD_009724,5.32,15,3,Foggy,Medium,Evening Peak,Electric Bike,2.3,40.4
ORD_009725,5.89,20,1,Rainy,Low,Evening Peak,Motorcycle,4.2,37.3
ORD_009726,1.97,25,3,Clear,High,Afternoon,Motorcycle,4.5,31.0
ORD_009727,5.83,10,3,Rainy,High,Morning,Motorcycle,4.1,34.9
ORD_009728,7.61,20,3,Rainy,High,Afternoon,Motorcycle,1.1,55.1
ORD_009729,14.18,15,2,Clear,Jam,Evening Peak,Scooter,3.5,85.2
ORD_009730,5.71,25,3,Clear,Medium,Evening Peak,Electric Bike,4.7,44.8
ORD_009731,8.53,20,2,Windy,Medium,Afternoon,Motorcycle,1.6,42.9
ORD_009732,7.23,10,2,Clear,High,Afternoon,Motorcycle,2.4,31.4
ORD_009733,3.35,15,3,Clear,Medium,Evening Peak,Scooter,1.6,22.9
ORD_009734,5.92,20,2,Clear,High,Late Night,Electric Bike,5.4,46.1
ORD_009735,11.48,10,8,Clear,Medium,Evening Peak,Scooter,5.2,48.2
ORD_009736,11.15,25,1,Clear,High,Afternoon,Scooter,1.4,69.2
ORD_009737,11.14,10,3,Foggy,Jam,Late Night,Scooter,4.7,70.5
ORD_009738,20.43,10,2,Foggy,Low,Evening Peak,Motorcycle,2.5,54.7
ORD_009739,7.55,10,8,Clear,Medium,Morning,Motorcycle,4.3,34.8
ORD_009740,4.14,20,2,Windy,Medium,Afternoon,Motorcycle,3.2,32.2
ORD_009741,7.65,15,3,Rainy,Low,Evening Peak,Motorcycle,3.1,39.3
ORD_009742,3.09,10,2,Rainy,Low,Late Night,Motorcycle,5.3,20.6
ORD_009743,6.94,25,4,Rainy,Medium,Evening Peak,Motorcycle,4.0,52.8
ORD_009744,2.99,15,6,Clear,Low,Morning,Scooter,1.8,26.4
ORD_009745,3.57,15,2,Clear,Medium,Morning,Motorcycle,1.1,21.9
ORD_009746,1.86,15,4,Rainy,Low,Afternoon,Electric Bike,5.6,26.3
ORD_009747,6.66,30,3,Rainy,High,Morning,Scooter,1.3,61.0
ORD_009748,10.81,25,2,Foggy,Medium,Afternoon,Scooter,4.5,62.3
ORD_009749,5.73,20,5,Foggy,High,Evening Peak,Motorcycle,3.2,44.6
ORD_009750,5.32,10,3,Windy,Low,Evening Peak,Scooter,1.3,25.0
ORD_009751,3.72,20,4,Clear,Low,Evening Peak,Motorcycle,4.8,27.6
ORD_009752,9.01,20,2,Clear,Medium,Evening Peak,Motorcycle,5.5,43.2
ORD_009753,9.86,15,2,Clear,Low,Morning,Scooter,1.2,41.9
ORD_009754,2.27,15,2,Foggy,High,Afternoon,Scooter,0.9,27.0
ORD_009755,6.02,25,2,Foggy,Low,Afternoon,Motorcycle,5.2,40.8
ORD_009756,8.82,10,2,Clear,Low,Evening Peak,Motorcycle,3.3,28.7
ORD_009757,4.12,20,3,Clear,High,Evening Peak,Motorcycle,4.2,30.4
ORD_009758,2.08,15,2,Rainy,High,Morning,Scooter,2.9,30.6
ORD_009759,2.9,20,3,Clear,Low,Morning,Motorcycle,2.8,25.5
ORD_009760,11.81,15,3,Heavy Storm,Medium,Morning,Scooter,2.1,70.5
ORD_009761,9.66,15,3,Windy,Medium,Morning,Scooter,3.6,43.8
ORD_009762,10.36,20,3,Clear,Medium,Evening Peak,Electric Bike,1.4,59.1
ORD_009763,2.48,35,3,Clear,Low,Morning,Scooter,4.4,37.7
ORD_009764,8.78,35,3,Windy,High,Evening Peak,Electric Bike,3.5,75.2
ORD_009765,12.25,15,2,Windy,Low,Evening Peak,Motorcycle,5.2,42.1
ORD_009766,3.58,10,3,Clear,Medium,Late Night,Scooter,5.6,23.0
ORD_009767,4.77,20,2,Clear,High,Evening Peak,Motorcycle,5.5,31.8
ORD_009768,6.17,15,6,Clear,Medium,Evening Peak,Motorcycle,3.8,32.9
ORD_009769,6.75,25,2,Foggy,Low,Morning,Motorcycle,2.3,44.4
ORD_009770,4.24,20,1,Clear,High,Late Night,Motorcycle,2.5,32.2
ORD_009771,9.35,20,2,Foggy,Medium,Afternoon,Scooter,4.1,51.8
ORD_009772,7.39,20,6,Rainy,Medium,Afternoon,Scooter,4.4,51.8
ORD_009773,3.19,10,3,Clear,Medium,Evening Peak,Motorcycle,1.4,18.7
ORD_009774,9.0,20,1,Clear,Low,Evening Peak,Electric Bike,6.0,44.5
ORD_009775,4.97,15,1,Clear,High,Afternoon,Motorcycle,1.1,34.0
ORD_009776,7.57,25,2,Clear,Low,Evening Peak,Scooter,3.8,41.4
ORD_009777,3.35,10,2,Clear,Medium,Afternoon,Motorcycle,3.4,17.4
ORD_009778,3.46,15,3,Clear,Medium,Morning,Electric Bike,3.8,28.0
ORD_009779,1.99,30,5,Clear,High,Evening Peak,Motorcycle,3.4,39.5
ORD_009780,10.04,20,6,Clear,High,Late Night,Motorcycle,0.8,58.8
ORD_009781,8.52,30,5,Clear,Low,Late Night,Scooter,6.0,46.7
ORD_009782,6.19,20,2,Rainy,High,Morning,Scooter,5.9,50.0
ORD_009783,2.43,30,6,Clear,High,Afternoon,Motorcycle,3.4,38.3
ORD_009784,11.0,15,2,Rainy,Medium,Afternoon,Electric Bike,1.6,62.5
ORD_009785,7.48,10,3,Clear,Jam,Evening Peak,Motorcycle,1.5,43.1
ORD_009786,4.24,25,4,Clear,Medium,Morning,Motorcycle,0.8,37.6
ORD_009787,6.52,25,3,Foggy,High,Afternoon,Motorcycle,3.9,50.9
ORD_009788,4.9,20,8,Clear,Medium,Late Night,Motorcycle,3.1,39.7
ORD_009789,7.49,20,2,Rainy,Medium,Evening Peak,Electric Bike,2.8,60.1
ORD_009790,3.03,30,1,Foggy,High,Afternoon,Motorcycle,3.4,40.9
ORD_009791,1.58,15,2,Clear,Medium,Evening Peak,Scooter,5.3,15.2
ORD_009792,7.1,20,1,Clear,Medium,Afternoon,Electric Bike,0.9,45.8
ORD_009793,7.74,10,5,Foggy,Medium,Morning,Electric Bike,3.5,45.7
ORD_009794,1.99,10,2,Foggy,Medium,Afternoon,Scooter,4.4,17.6
ORD_009795,1.3,15,2,Clear,Medium,Evening Peak,Motorcycle,5.8,20.5
ORD_009796,6.23,25,1,Windy,Low,Afternoon,Scooter,4.6,34.8
ORD_009797,7.24,20,2,Windy,Low,Afternoon,Motorcycle,3.5,37.2
ORD_009798,4.78,35,3,Rainy,Low,Afternoon,Motorcycle,4.7,50.5
ORD_009799,3.14,10,3,Rainy,High,Late Night,Electric Bike,6.0,27.8
ORD_009800,14.23,15,2,Clear,High,Afternoon,Scooter,5.4,66.6
ORD_009801,6.88,15,3,Rainy,Medium,Afternoon,Electric Bike,1.0,46.2
ORD_009802,9.97,10,1,Rainy,Jam,Late Night,Electric Bike,3.7,80.0
ORD_009803,2.74,15,1,Clear,Medium,Late Night,Motorcycle,4.8,23.9
ORD_009804,10.82,15,1,Windy,High,Evening Peak,Scooter,4.2,59.7
ORD_009805,6.73,15,3,Clear,Low,Late Night,Scooter,2.8,31.4
ORD_009806,13.42,10,3,Clear,Low,Evening Peak,Motorcycle,2.3,40.2
ORD_009807,7.57,15,4,Foggy,Low,Morning,Scooter,3.9,39.2
ORD_009808,5.68,30,6,Clear,Medium,Evening Peak,Motorcycle,2.8,49.0
ORD_009809,5.13,20,2,Foggy,High,Evening Peak,Electric Bike,2.7,48.1
ORD_009810,3.65,25,3,Clear,High,Evening Peak,Electric Bike,5.1,43.9
ORD_009811,5.16,25,4,Windy,Medium,Evening Peak,Motorcycle,2.2,40.4
ORD_009812,7.64,15,2,Clear,Low,Evening Peak,Scooter,4.0,32.5
ORD_009813,8.4,20,1,Windy,Low,Evening Peak,Scooter,5.3,37.4
ORD_009814,3.34,25,8,Clear,Jam,Evening Peak,Motorcycle,3.9,47.1
ORD_009815,2.28,15,4,Heavy Storm,Low,Evening Peak,Motorcycle,3.2,33.8
ORD_009816,6.41,25,3,Rainy,High,Afternoon,Electric Bike,0.7,61.1
ORD_009817,1.93,15,1,Clear,Low,Late Night,Motorcycle,4.2,16.0
ORD_009818,5.22,10,2,Clear,Low,Evening Peak,Scooter,6.0,18.5
ORD_009819,2.45,20,3,Clear,Low,Afternoon,Scooter,4.9,24.2
ORD_009820,8.21,20,2,Foggy,Medium,Evening Peak,Scooter,4.0,47.4
ORD_009821,4.23,20,3,Clear,Medium,Evening Peak,Motorcycle,3.1,26.7
ORD_009822,4.54,15,1,Clear,Low,Evening Peak,Scooter,1.7,25.8
ORD_009823,2.2,15,2,Windy,Jam,Evening Peak,Motorcycle,4.3,24.0
ORD_009824,9.42,15,1,Clear,Low,Evening Peak,Electric Bike,1.5,37.3
ORD_009825,6.03,35,1,Clear,High,Afternoon,Motorcycle,5.4,53.1
ORD_009826,6.15,25,2,Rainy,Medium,Afternoon,Motorcycle,2.4,49.8
ORD_009827,2.51,25,2,Clear,Low,Morning,Motorcycle,2.7,30.5
ORD_009828,1.84,15,5,Clear,Low,Evening Peak,Motorcycle,1.7,19.6
ORD_009829,3.32,15,8,Foggy,Medium,Afternoon,Electric Bike,3.1,34.3
ORD_009830,4.17,15,1,Rainy,Medium,Evening Peak,Motorcycle,4.2,29.4
ORD_009831,3.27,15,2,Windy,Medium,Evening Peak,Electric Bike,2.2,31.2
ORD_009832,13.46,10,3,Clear,Medium,Late Night,Scooter,4.4,47.7
ORD_009833,9.57,20,3,Rainy,Medium,Morning,Scooter,3.9,57.6
ORD_009834,5.3,15,1,Foggy,Medium,Late Night,Scooter,2.5,37.8
ORD_009835,3.47,20,1,Clear,Low,Afternoon,Scooter,2.2,28.2
ORD_009836,2.78,10,2,Clear,High,Evening Peak,Motorcycle,5.2,19.3
ORD_009837,5.16,15,2,Clear,Medium,Evening Peak,Scooter,0.6,31.1
ORD_009838,6.26,25,3,Clear,Low,Evening Peak,Motorcycle,4.4,38.7
ORD_009839,4.05,20,3,Foggy,Low,Evening Peak,Motorcycle,2.8,33.9
ORD_009840,6.78,25,2,Clear,Low,Evening Peak,Scooter,4.4,40.8
ORD_009841,3.87,20,3,Clear,Medium,Evening Peak,Motorcycle,3.3,33.4
ORD_009842,2.76,25,1,Clear,Medium,Morning,Scooter,1.0,38.1
ORD_009843,6.79,10,3,Clear,Low,Afternoon,Scooter,5.9,24.3
ORD_009844,1.8,15,3,Clear,Low,Late Night,Motorcycle,1.0,21.0
ORD_009845,2.27,20,1,Rainy,Low,Evening Peak,Motorcycle,1.4,27.9
ORD_009846,3.03,30,2,Clear,Medium,Evening Peak,Motorcycle,2.8,36.5
ORD_009847,3.7,20,2,Rainy,High,Afternoon,Motorcycle,5.7,37.9
ORD_009848,7.65,15,2,Heavy Storm,Medium,Afternoon,Motorcycle,2.1,49.3
ORD_009849,2.2,10,1,Foggy,High,Morning,Motorcycle,3.6,23.4
ORD_009850,4.55,15,6,Clear,Medium,Late Night,Motorcycle,3.4,28.8
ORD_009851,6.31,15,2,Clear,Low,Evening Peak,Scooter,2.3,32.7
ORD_009852,6.01,25,2,Clear,High,Afternoon,Motorcycle,4.3,41.8
ORD_009853,7.66,15,1,Clear,High,Evening Peak,Motorcycle,3.3,40.8
ORD_009854,4.63,15,3,Clear,Medium,Evening Peak,Electric Bike,3.7,33.6
ORD_009855,3.63,10,1,Clear,High,Afternoon,Motorcycle,1.7,18.0
ORD_009856,10.39,10,3,Clear,Medium,Evening Peak,Motorcycle,5.6,35.6
ORD_009857,3.55,15,2,Clear,Medium,Evening Peak,Scooter,1.1,30.0
ORD_009858,3.28,15,2,Clear,Medium,Evening Peak,Motorcycle,4.3,23.9
ORD_009859,3.15,20,2,Clear,Medium,Morning,Motorcycle,5.4,29.3
ORD_009860,3.08,20,2,Clear,Medium,Morning,Motorcycle,1.0,26.5
ORD_009861,11.76,10,2,Foggy,Medium,Afternoon,Motorcycle,0.7,44.4
ORD_009862,12.87,15,3,Clear,Jam,Morning,Scooter,2.3,79.1
ORD_009863,8.18,25,2,Foggy,Jam,Evening Peak,Motorcycle,4.8,66.5
ORD_009864,6.94,15,2,Clear,Low,Evening Peak,Scooter,4.4,31.9
ORD_009865,3.28,20,1,Foggy,Medium,Afternoon,Motorcycle,5.0,28.6
ORD_009866,4.01,15,1,Clear,High,Evening Peak,Electric Bike,2.7,33.0
ORD_009867,2.04,15,1,Rainy,Low,Evening Peak,Electric Bike,6.0,27.9
ORD_009868,4.57,10,2,Clear,Low,Late Night,Motorcycle,2.5,22.2
ORD_009869,2.4,10,1,Foggy,Medium,Late Night,Scooter,4.9,19.3
ORD_009870,5.77,15,4,Clear,Low,Evening Peak,Scooter,2.4,31.4
ORD_009871,3.43,25,2,Rainy,High,Morning,Motorcycle,1.7,45.1
ORD_009872,6.05,15,3,Clear,High,Morning,Scooter,2.4,35.7
ORD_009873,3.11,30,2,Clear,High,Afternoon,Electric Bike,1.6,43.7
ORD_009874,1.86,25,2,Clear,High,Evening Peak,Motorcycle,1.2,36.6
ORD_009875,2.84,20,4,Windy,High,Evening Peak,Scooter,2.5,37.8
ORD_009876,6.34,20,2,Clear,Low,Morning,Scooter,1.3,35.6
ORD_009877,6.58,10,1,Windy,Low,Afternoon,Scooter,3.3,25.3
ORD_009878,6.21,20,2,Rainy,High,Evening Peak,Electric Bike,0.7,54.5
ORD_009879,5.73,30,1,Clear,High,Evening Peak,Scooter,2.9,56.9
ORD_009880,5.3,10,2,Clear,Medium,Afternoon,Electric Bike,5.8,27.8
ORD_009881,7.4,15,2,Foggy,High,Evening Peak,Motorcycle,2.5,45.6
ORD_009882,1.32,10,4,Clear,Low,Evening Peak,Scooter,1.3,15.2
ORD_009883,11.46,20,1,Rainy,Medium,Late Night,Motorcycle,2.2,59.3
ORD_009884,4.5,10,8,Clear,Medium,Evening Peak,Scooter,4.9,23.6
ORD_009885,7.43,15,3,Clear,Low,Late Night,Motorcycle,2.2,30.8
ORD_009886,5.05,20,3,Clear,High,Morning,Motorcycle,2.6,38.4
ORD_009887,3.39,15,1,Foggy,High,Late Night,Motorcycle,4.8,31.3
ORD_009888,4.31,25,6,Rainy,Medium,Afternoon,Motorcycle,1.9,46.0
ORD_009889,2.75,10,3,Clear,Medium,Evening Peak,Motorcycle,3.1,17.4
ORD_009890,3.01,10,2,Clear,Medium,Evening Peak,Scooter,0.8,22.6
ORD_009891,6.75,15,4,Heavy Storm,High,Afternoon,Scooter,1.5,58.3
ORD_009892,5.79,25,2,Windy,Medium,Afternoon,Motorcycle,1.7,43.2
ORD_009893,1.76,25,2,Clear,Medium,Afternoon,Motorcycle,3.0,27.6
ORD_009894,3.07,15,3,Clear,Medium,Evening Peak,Scooter,5.0,26.7
ORD_009895,4.49,10,5,Rainy,High,Evening Peak,Electric Bike,2.4,37.4
ORD_009896,5.07,25,5,Windy,Medium,Evening Peak,Electric Bike,2.6,50.8
ORD_009897,13.97,20,2,Clear,High,Evening Peak,Electric Bike,2.2,83.2
ORD_009898,5.7,15,3,Clear,Medium,Afternoon,Scooter,2.3,32.0
ORD_009899,1.63,20,4,Foggy,Medium,Morning,Scooter,2.7,28.7
ORD_009900,5.22,25,1,Clear,High,Afternoon,Motorcycle,5.4,42.1
ORD_009901,2.43,10,1,Windy,Medium,Morning,Motorcycle,0.6,20.0
ORD_009902,4.61,10,3,Windy,Low,Evening Peak,Motorcycle,3.9,21.0
ORD_009903,14.7,15,3,Windy,High,Late Night,Scooter,5.4,73.9
ORD_009904,3.87,20,1,Clear,Medium,Afternoon,Motorcycle,2.8,27.8
ORD_009905,8.39,15,2,Foggy,Low,Evening Peak,Electric Bike,4.1,39.4
ORD_009906,5.18,25,5,Windy,Jam,Afternoon,Motorcycle,3.7,49.4
ORD_009907,11.15,25,1,Clear,Medium,Late Night,Motorcycle,2.4,53.8
ORD_009908,7.01,20,1,Clear,Medium,Morning,Motorcycle,1.3,37.3
ORD_009909,9.01,10,5,Clear,Medium,Afternoon,Motorcycle,1.7,35.2
ORD_009910,6.3,35,2,Clear,Medium,Morning,Motorcycle,0.8,52.8
ORD_009911,3.84,15,3,Foggy,Low,Afternoon,Scooter,4.7,23.6
ORD_009912,10.43,15,3,Clear,High,Morning,Scooter,3.4,54.9
ORD_009913,5.91,35,1,Rainy,Low,Morning,Motorcycle,4.8,51.8
ORD_009914,3.98,25,2,Foggy,High,Evening Peak,Electric Bike,2.1,48.8
ORD_009915,3.39,15,3,Clear,High,Evening Peak,Motorcycle,4.9,23.7
ORD_009916,6.03,15,3,Clear,Low,Morning,Scooter,2.2,31.0
ORD_009917,9.43,10,1,Clear,High,Afternoon,Scooter,1.2,47.8
ORD_009918,6.6,30,2,Clear,Medium,Afternoon,Electric Bike,3.4,55.7
ORD_009919,4.16,25,5,Clear,Low,Late Night,Scooter,5.7,31.4
ORD_009920,6.46,15,2,Foggy,Medium,Evening Peak,Motorcycle,2.8,39.5
ORD_009921,7.93,25,1,Foggy,Medium,Morning,Scooter,3.3,52.0
ORD_009922,2.0,25,2,Clear,Low,Afternoon,Electric Bike,3.0,29.3
ORD_009923,2.45,15,1,Clear,Medium,Evening Peak,Scooter,3.0,19.9
ORD_009924,7.52,20,2,Clear,Jam,Late Night,Motorcycle,1.7,54.6
ORD_009925,2.39,15,3,Clear,Medium,Evening Peak,Motorcycle,2.8,20.1
ORD_009926,4.6,25,1,Clear,Medium,Morning,Scooter,3.2,37.5
ORD_009927,5.48,15,2,Clear,Medium,Evening Peak,Electric Bike,4.6,38.1
ORD_009928,2.87,20,1,Clear,High,Morning,Scooter,1.3,26.6
ORD_009929,4.71,15,2,Windy,Low,Evening Peak,Motorcycle,3.6,27.3
ORD_009930,5.53,10,1,Clear,Medium,Afternoon,Scooter,4.1,27.2
ORD_009931,9.67,10,2,Rainy,Medium,Late Night,Motorcycle,2.6,42.4
ORD_009932,9.11,20,1,Clear,Medium,Morning,Motorcycle,3.5,43.5
ORD_009933,6.01,15,2,Rainy,High,Afternoon,Motorcycle,4.4,41.3
ORD_009934,3.63,20,2,Foggy,Medium,Afternoon,Motorcycle,3.1,34.7
ORD_009935,9.22,15,3,Clear,High,Afternoon,Scooter,2.3,50.7
ORD_009936,9.4,20,3,Clear,Medium,Late Night,Scooter,5.0,49.3
ORD_009937,3.35,15,1,Rainy,High,Evening Peak,Motorcycle,5.9,31.9
ORD_009938,5.72,15,4,Clear,Medium,Morning,Scooter,1.7,35.8
ORD_009939,3.99,10,3,Windy,High,Evening Peak,Scooter,5.4,26.1
ORD_009940,6.13,15,1,Foggy,Low,Evening Peak,Electric Bike,3.5,33.8
ORD_009941,3.21,20,2,Rainy,High,Morning,Scooter,3.0,35.3
ORD_009942,7.88,20,2,Clear,Low,Late Night,Motorcycle,5.4,36.1
ORD_009943,6.15,15,3,Heavy Storm,Medium,Morning,Scooter,5.5,45.6
ORD_009944,3.22,20,1,Heavy Storm,High,Evening Peak,Scooter,2.0,44.6
ORD_009945,7.5,15,1,Clear,Low,Evening Peak,Scooter,2.5,32.5
ORD_009946,3.62,15,1,Windy,High,Evening Peak,Electric Bike,5.2,29.9
ORD_009947,1.78,20,4,Clear,Medium,Evening Peak,Scooter,3.2,25.5
ORD_009948,2.84,15,3,Clear,Low,Morning,Motorcycle,2.1,24.2
ORD_009949,8.36,20,1,Windy,High,Evening Peak,Scooter,5.8,49.7
ORD_009950,11.89,30,5,Windy,Medium,Evening Peak,Motorcycle,1.7,65.1
ORD_009951,12.05,10,1,Clear,High,Afternoon,Motorcycle,3.9,48.2
ORD_009952,3.74,20,3,Foggy,High,Evening Peak,Scooter,2.9,40.9
ORD_009953,4.6,30,4,Foggy,Medium,Evening Peak,Motorcycle,3.0,45.2
ORD_009954,4.03,15,3,Clear,High,Evening Peak,Scooter,1.1,35.2
ORD_009955,5.09,15,1,Windy,Jam,Morning,Scooter,1.9,41.9
ORD_009956,2.34,10,3,Windy,Medium,Morning,Motorcycle,1.4,21.2
ORD_009957,3.8,20,2,Clear,Low,Late Night,Motorcycle,4.6,28.1
ORD_009958,5.73,20,3,Clear,High,Afternoon,Motorcycle,4.3,39.9
ORD_009959,8.39,20,2,Clear,Medium,Evening Peak,Electric Bike,4.9,52.2
ORD_009960,6.01,20,3,Rainy,Medium,Afternoon,Motorcycle,4.3,40.9
ORD_009961,4.49,20,2,Clear,Medium,Morning,Electric Bike,1.2,37.9
ORD_009962,2.88,10,3,Clear,High,Afternoon,Electric Bike,5.9,22.8
ORD_009963,8.67,30,2,Foggy,Medium,Morning,Motorcycle,1.5,57.0
ORD_009964,2.18,15,8,Heavy Storm,Low,Evening Peak,Scooter,2.4,38.7
ORD_009965,2.42,10,5,Clear,High,Morning,Scooter,4.4,22.6
ORD_009966,7.07,30,2,Clear,High,Late Night,Motorcycle,1.3,52.7
ORD_009967,7.62,25,3,Clear,Low,Evening Peak,Scooter,1.4,46.5
ORD_009968,1.29,25,4,Clear,Medium,Afternoon,Motorcycle,5.3,27.9
ORD_009969,4.51,10,3,Clear,Jam,Evening Peak,Scooter,2.3,32.9
ORD_009970,1.64,25,4,Clear,Low,Late Night,Scooter,4.2,28.6
ORD_009971,4.66,20,2,Clear,Low,Evening Peak,Scooter,5.2,27.7
ORD_009972,4.13,20,1,Heavy Storm,Medium,Evening Peak,Motorcycle,5.9,43.1
ORD_009973,10.5,35,1,Foggy,Medium,Evening Peak,Electric Bike,1.7,73.3
ORD_009974,6.51,15,3,Windy,High,Evening Peak,Motorcycle,1.2,38.8
ORD_009975,6.63,20,2,Clear,Medium,Late Night,Electric Bike,4.6,43.5
ORD_009976,9.55,25,4,Windy,Medium,Evening Peak,Scooter,1.5,55.3
ORD_009977,9.75,15,1,Clear,Jam,Evening Peak,Scooter,3.7,62.9
ORD_009978,5.55,10,2,Clear,Medium,Late Night,Electric Bike,3.4,30.8
ORD_009979,3.56,10,1,Windy,Low,Afternoon,Electric Bike,3.6,21.5
ORD_009980,8.13,20,3,Clear,High,Evening Peak,Motorcycle,4.1,46.6
ORD_009981,7.91,15,2,Rainy,Medium,Evening Peak,Scooter,5.2,44.1
ORD_009982,7.03,10,2,Windy,Medium,Morning,Scooter,2.0,34.4
ORD_009983,5.53,15,1,Foggy,Jam,Morning,Motorcycle,3.6,47.1
ORD_009984,4.64,15,2,Clear,Low,Evening Peak,Motorcycle,2.4,24.7
ORD_009985,9.76,10,3,Foggy,Medium,Morning,Scooter,2.3,41.1
ORD_009986,4.12,15,3,Heavy Storm,Low,Afternoon,Motorcycle,0.6,39.6
ORD_009987,3.47,25,8,Windy,Low,Evening Peak,Motorcycle,3.8,39.3
ORD_009988,4.47,10,3,Foggy,Medium,Afternoon,Motorcycle,5.8,25.4
ORD_009989,3.17,25,3,Heavy Storm,Jam,Evening Peak,Motorcycle,4.7,55.4
ORD_009990,7.93,25,3,Clear,High,Afternoon,Electric Bike,1.8,61.2
ORD_009991,5.54,20,3,Rainy,Low,Morning,Scooter,4.4,39.7
ORD_009992,1.69,15,5,Clear,Medium,Morning,Motorcycle,2.1,19.7
ORD_009993,6.52,25,6,Clear,High,Afternoon,Scooter,4.6,53.0
ORD_009994,4.56,15,3,Windy,Low,Afternoon,Scooter,5.2,27.3
ORD_009995,5.17,15,3,Clear,Low,Evening Peak,Scooter,2.3,23.8
ORD_009996,5.92,15,4,Heavy Storm,Low,Evening Peak,Scooter,0.5,43.8
ORD_009997,3.85,15,1,Clear,Medium,Late Night,Motorcycle,2.2,24.5
ORD_009998,3.45,15,1,Clear,Low,Evening Peak,Scooter,1.6,18.8
ORD_009999,7.05,15,1,Clear,Medium,Late Night,Motorcycle,3.9,29.6
ORD_010000,2.58,15,1,Rainy,High,Late Night,Scooter,2.1,27.6
ORD_010001,2.97,20,2,Clear,High,Late Night,Scooter,0.7,32.2
ORD_010002,3.33,30,3,Windy,High,Evening Peak,Motorcycle,3.4,43.9
ORD_010003,8.6,15,3,Rainy,Low,Afternoon,Motorcycle,5.3,37.3
ORD_010004,9.98,15,2,Clear,High,Evening Peak,Motorcycle,3.0,47.0
ORD_010005,3.31,20,4,Clear,Jam,Afternoon,Scooter,2.6,40.3
ORD_010006,3.01,20,2,Clear,Low,Late Night,Electric Bike,1.5,27.9
ORD_010007,5.5,15,2,Clear,Jam,Morning,Scooter,2.6,39.3
ORD_010008,4.56,25,1,Clear,High,Evening Peak,Scooter,2.3,39.5
ORD_010009,8.01,25,4,Clear,Jam,Evening Peak,Motorcycle,6.0,61.2
ORD_010010,6.74,20,6,Rainy,Medium,Evening Peak,Motorcycle,0.7,50.2
ORD_010011,12.44,15,4,Foggy,Jam,Morning,Motorcycle,1.8,79.2
ORD_010012,3.08,15,2,Windy,Low,Late Night,Scooter,0.9,21.0
ORD_010013,7.95,20,1,Rainy,Low,Evening Peak,Electric Bike,5.2,49.9
ORD_010014,4.13,15,2,Clear,Low,Afternoon,Scooter,2.8,22.3
ORD_010015,2.91,15,5,Windy,Medium,Late Night,Motorcycle,4.9,27.6
ORD_010016,4.09,15,6,Clear,Low,Evening Peak,Scooter,4.3,27.0
ORD_010017,4.33,15,1,Clear,Medium,Morning,Electric Bike,5.6,27.9
ORD_010018,9.48,15,1,Clear,Medium,Afternoon,Motorcycle,0.6,39.1
ORD_010019,2.1,30,4,Clear,Low,Afternoon,Motorcycle,1.6,31.6
ORD_010020,3.37,25,1,Rainy,High,Evening Peak,Motorcycle,4.4,39.9
ORD_010021,5.36,25,2,Clear,Medium,Morning,Scooter,3.7,39.4
ORD_010022,2.8,15,1,Windy,Low,Late Night,Scooter,4.3,23.8
ORD_010023,11.76,15,2,Clear,Medium,Afternoon,Motorcycle,3.7,46.1
ORD_010024,12.79,20,1,Clear,Low,Morning,Motorcycle,3.7,45.5
ORD_010025,5.12,20,4,Clear,High,Evening Peak,Motorcycle,5.6,43.8
ORD_010026,7.06,20,1,Windy,Medium,Late Night,Scooter,5.6,38.7
ORD_010027,10.7,10,3,Clear,Low,Late Night,Motorcycle,0.7,36.0
ORD_010028,4.73,20,3,Rainy,Medium,Morning,Motorcycle,2.8,44.9
ORD_010029,6.83,30,5,Clear,Medium,Afternoon,Motorcycle,3.3,50.5
ORD_010030,2.62,10,1,Clear,Medium,Late Night,Motorcycle,2.5,16.1
ORD_010031,1.72,15,3,Clear,Medium,Afternoon,Scooter,0.8,22.2
ORD_010032,8.47,20,3,Windy,High,Afternoon,Motorcycle,3.1,50.7
ORD_010033,4.9,20,1,Clear,Medium,Evening Peak,Motorcycle,5.9,28.6
ORD_010034,12.58,10,3,Clear,Low,Afternoon,Scooter,0.9,45.0
ORD_010035,3.66,25,1,Clear,Jam,Afternoon,Motorcycle,5.0,41.2
ORD_010036,2.5,10,3,Foggy,Medium,Evening Peak,Motorcycle,1.6,21.3
ORD_010037,8.01,25,2,Rainy,Medium,Evening Peak,Motorcycle,3.7,52.0
ORD_010038,12.01,10,1,Clear,Medium,Evening Peak,Electric Bike,2.6,54.5
ORD_010039,2.63,15,2,Clear,Low,Evening Peak,Motorcycle,2.4,21.8
ORD_010040,3.06,25,3,Clear,Medium,Evening Peak,Scooter,5.3,35.2
ORD_010041,10.47,25,2,Rainy,Medium,Morning,Electric Bike,5.9,68.3
ORD_010042,14.8,35,2,Clear,Medium,Afternoon,Scooter,2.6,77.1
ORD_010043,6.86,10,2,Rainy,Medium,Morning,Motorcycle,4.0,34.5
ORD_010044,3.49,20,5,Clear,Medium,Morning,Scooter,3.6,33.2
ORD_010045,9.95,10,3,Rainy,High,Late Night,Motorcycle,0.9,52.6
ORD_010046,4.38,15,2,Heavy Storm,High,Morning,Motorcycle,0.7,43.4
ORD_010047,3.55,15,2,Clear,Low,Evening Peak,Motorcycle,4.8,20.2
ORD_010048,3.84,10,3,Windy,High,Late Night,Motorcycle,2.7,24.1
ORD_010049,7.44,25,8,Windy,Jam,Morning,Motorcycle,2.2,65.3
ORD_010050,5.28,10,2,Clear,Medium,Late Night,Scooter,5.9,18.9
ORD_010051,6.65,20,5,Clear,Medium,Late Night,Motorcycle,1.0,42.6
ORD_010052,8.14,20,2,Rainy,Jam,Evening Peak,Electric Bike,2.0,77.3
ORD_010053,4.51,15,4,Rainy,High,Evening Peak,Motorcycle,5.2,32.2
ORD_010054,8.72,35,3,Rainy,Medium,Morning,Scooter,2.8,69.1
ORD_010055,5.17,15,3,Heavy Storm,High,Late Night,Scooter,3.7,47.8
ORD_010056,3.87,30,2,Windy,Low,Evening Peak,Scooter,0.8,38.4
ORD_010057,2.22,30,3,Clear,Medium,Evening Peak,Scooter,5.6,34.5
ORD_010058,4.4,30,2,Windy,High,Evening Peak,Motorcycle,1.3,50.0
ORD_010059,11.08,25,4,Clear,Medium,Evening Peak,Motorcycle,1.7,54.9
ORD_010060,7.9,15,5,Clear,Medium,Morning,Electric Bike,1.4,47.6
ORD_010061,6.62,10,2,Foggy,Low,Evening Peak,Scooter,3.2,33.5
ORD_010062,2.76,20,2,Windy,High,Morning,Motorcycle,5.0,31.2
ORD_010063,3.8,15,2,Foggy,High,Evening Peak,Motorcycle,2.0,34.8
ORD_010064,7.3,25,3,Clear,Medium,Evening Peak,Scooter,1.3,49.2
ORD_010065,8.33,20,2,Rainy,Low,Afternoon,Electric Bike,2.8,49.5
ORD_010066,8.01,15,2,Clear,High,Morning,Motorcycle,5.9,39.7
ORD_010067,5.92,10,1,Windy,Low,Evening Peak,Electric Bike,0.6,30.9
ORD_010068,3.28,15,1,Clear,Low,Afternoon,Motorcycle,3.3,19.5
ORD_010069,8.34,20,4,Clear,Jam,Afternoon,Scooter,4.2,61.2
ORD_010070,3.79,10,3,Clear,Low,Afternoon,Motorcycle,4.9,18.6
ORD_010071,8.4,20,1,Clear,Medium,Morning,Scooter,4.6,41.1
ORD_010072,4.41,20,1,Rainy,Medium,Morning,Motorcycle,0.9,38.1
ORD_010073,12.22,15,5,Rainy,Low,Morning,Motorcycle,3.0,50.7
ORD_010074,4.15,20,3,Foggy,Low,Evening Peak,Electric Bike,0.9,34.8
ORD_010075,4.11,20,2,Clear,Medium,Afternoon,Scooter,3.9,29.4
ORD_010076,4.92,15,6,Windy,Low,Afternoon,Motorcycle,0.9,31.5
ORD_010077,3.3,30,6,Clear,Medium,Evening Peak,Motorcycle,0.8,46.2
ORD_010078,2.98,10,8,Windy,Medium,Evening Peak,Scooter,2.2,23.4
ORD_010079,3.24,15,2,Clear,Medium,Afternoon,Motorcycle,5.7,20.9
ORD_010080,10.25,25,2,Clear,High,Late Night,Scooter,4.4,61.3
ORD_010081,3.09,15,3,Windy,Jam,Afternoon,Motorcycle,0.5,38.1
ORD_010082,4.13,15,4,Clear,High,Morning,Motorcycle,2.1,31.3
ORD_010083,15.56,20,1,Windy,Jam,Late Night,Motorcycle,0.6,92.3
ORD_010084,8.55,20,2,Clear,Medium,Evening Peak,Scooter,2.1,46.0
ORD_010085,8.46,10,2,Windy,Medium,Evening Peak,Electric Bike,4.3,41.4
ORD_010086,14.24,15,4,Clear,Low,Evening Peak,Motorcycle,4.7,44.4
ORD_010087,4.85,15,2,Windy,High,Evening Peak,Electric Bike,4.9,39.2
ORD_010088,1.78,20,3,Clear,Medium,Evening Peak,Scooter,5.5,27.1
ORD_010089,8.03,20,3,Clear,High,Afternoon,Scooter,2.5,50.6
ORD_010090,4.56,20,3,Clear,High,Evening Peak,Scooter,5.2,41.8
ORD_010091,15.64,20,5,Foggy,Low,Evening Peak,Scooter,4.5,62.0
ORD_010092,1.67,15,1,Clear,High,Afternoon,Motorcycle,3.5,19.2
ORD_010093,2.99,15,2,Clear,Medium,Late Night,Motorcycle,5.8,20.4
ORD_010094,3.71,15,2,Clear,Low,Evening Peak,Motorcycle,5.7,19.0
ORD_010095,4.9,15,4,Clear,Jam,Late Night,Scooter,5.4,39.1
ORD_010096,2.38,20,2,Clear,High,Morning,Scooter,1.6,31.0
ORD_010097,6.27,20,5,Clear,Medium,Morning,Motorcycle,1.6,37.3
ORD_010098,3.6,15,2,Clear,Jam,Morning,Motorcycle,5.5,32.7
ORD_010099,8.87,25,2,Windy,High,Late Night,Motorcycle,2.7,58.9
ORD_010100,10.65,15,3,Clear,Low,Evening Peak,Motorcycle,4.9,39.5
ORD_010101,4.27,10,1,Clear,Jam,Afternoon,Electric Bike,4.3,36.7
ORD_010102,6.85,15,3,Windy,Medium,Evening Peak,Electric Bike,4.7,41.0
ORD_010103,5.15,20,3,Windy,Medium,Evening Peak,Motorcycle,0.6,37.7
ORD_010104,4.93,15,2,Clear,High,Evening Peak,Scooter,2.9,35.8
ORD_010105,2.28,25,2,Windy,Low,Evening Peak,Motorcycle,5.2,30.4
ORD_010106,4.78,15,3,Clear,High,Evening Peak,Scooter,3.2,30.4
ORD_010107,8.37,30,3,Clear,Low,Morning,Scooter,4.3,50.2
ORD_010108,6.36,10,3,Clear,Low,Late Night,Scooter,4.7,24.5
ORD_010109,3.03,20,3,Heavy Storm,Medium,Late Night,Scooter,1.2,41.3
ORD_010110,2.29,25,2,Foggy,Medium,Afternoon,Motorcycle,1.4,37.0
ORD_010111,4.69,15,1,Clear,Medium,Afternoon,Motorcycle,4.5,25.8
ORD_010112,3.34,10,2,Clear,Medium,Evening Peak,Motorcycle,0.8,19.4
ORD_010113,3.56,15,3,Foggy,High,Late Night,Electric Bike,2.4,32.7
ORD_010114,3.38,30,3,Clear,Low,Evening Peak,Motorcycle,5.5,38.6
ORD_010115,5.19,20,4,Clear,High,Morning,Scooter,3.7,38.0
ORD_010116,7.12,20,2,Clear,High,Afternoon,Motorcycle,5.5,46.9
ORD_010117,3.27,20,3,Clear,Low,Evening Peak,Scooter,2.2,30.5
ORD_010118,3.2,10,1,Clear,Medium,Evening Peak,Motorcycle,4.0,19.9
ORD_010119,2.5,15,2,Foggy,Medium,Evening Peak,Motorcycle,2.1,26.1
ORD_010120,5.67,10,1,Windy,Jam,Morning,Scooter,1.1,41.4
ORD_010121,8.26,15,2,Foggy,Jam,Afternoon,Motorcycle,5.9,53.4
ORD_010122,4.82,25,3,Clear,Low,Evening Peak,Scooter,1.5,38.3
ORD_010123,7.14,20,5,Windy,Jam,Morning,Scooter,1.5,58.5
ORD_010124,9.55,35,4,Rainy,Low,Late Night,Scooter,5.1,59.3
ORD_010125,5.88,15,1,Clear,Medium,Afternoon,Motorcycle,4.9,28.3
ORD_010126,3.07,15,3,Foggy,Medium,Morning,Scooter,5.9,23.1
ORD_010127,2.89,25,3,Foggy,Medium,Morning,Electric Bike,0.9,41.8
ORD_010128,3.17,15,4,Foggy,Medium,Morning,Motorcycle,1.0,28.7
ORD_010129,13.06,15,2,Clear,Medium,Afternoon,Scooter,3.0,53.6
ORD_010130,15.19,15,2,Clear,Low,Evening Peak,Scooter,3.8,49.6
ORD_010131,4.17,15,1,Clear,Jam,Late Night,Motorcycle,0.7,36.4
ORD_010132,9.28,35,2,Clear,Low,Late Night,Scooter,1.4,56.0
ORD_010133,10.23,15,1,Heavy Storm,Medium,Evening Peak,Motorcycle,4.4,57.2
ORD_010134,2.31,25,3,Clear,High,Evening Peak,Electric Bike,4.2,35.7
ORD_010135,12.64,25,3,Rainy,High,Evening Peak,Motorcycle,1.0,72.7
ORD_010136,4.46,15,2,Foggy,High,Afternoon,Scooter,5.6,32.4
ORD_010137,4.34,20,2,Clear,Medium,Evening Peak,Scooter,1.9,29.9
ORD_010138,2.56,15,4,Heavy Storm,High,Morning,Motorcycle,5.4,34.0
ORD_010139,13.11,10,1,Rainy,High,Afternoon,Scooter,5.6,61.9
ORD_010140,5.35,25,1,Clear,Medium,Morning,Motorcycle,3.2,39.1
ORD_010141,12.37,15,1,Clear,High,Evening Peak,Electric Bike,2.8,75.6
ORD_010142,9.87,15,2,Clear,Medium,Morning,Scooter,2.0,45.5
ORD_010143,4.22,15,3,Clear,Low,Evening Peak,Motorcycle,4.9,22.7
ORD_010144,5.45,15,3,Clear,Medium,Morning,Motorcycle,1.6,29.2
ORD_010145,3.52,15,1,Foggy,High,Evening Peak,Scooter,3.9,24.9
ORD_010146,3.77,15,2,Clear,Low,Evening Peak,Motorcycle,3.6,20.7
ORD_010147,6.57,15,1,Rainy,Medium,Morning,Scooter,1.9,41.1
ORD_010148,7.77,30,1,Clear,Medium,Evening Peak,Motorcycle,5.9,49.4
ORD_010149,1.75,15,2,Clear,High,Evening Peak,Motorcycle,5.2,20.8
ORD_010150,1.77,10,2,Clear,Medium,Evening Peak,Electric Bike,0.6,16.3
ORD_010151,3.82,15,2,Rainy,Medium,Evening Peak,Motorcycle,2.8,33.7
ORD_010152,6.03,20,3,Clear,Medium,Morning,Scooter,2.5,43.4
ORD_010153,10.32,20,3,Rainy,High,Evening Peak,Motorcycle,5.4,63.9
ORD_010154,5.31,30,5,Clear,Medium,Evening Peak,Motorcycle,2.0,50.4
ORD_010155,4.45,20,3,Clear,Medium,Evening Peak,Electric Bike,6.0,34.3
ORD_010156,7.07,15,2,Windy,Medium,Evening Peak,Motorcycle,1.6,33.8
ORD_010157,3.04,10,2,Heavy Storm,Low,Evening Peak,Scooter,1.8,28.9
ORD_010158,5.38,20,3,Windy,Medium,Late Night,Motorcycle,4.2,37.1
ORD_010159,4.76,20,1,Windy,Jam,Afternoon,Motorcycle,1.4,48.0
ORD_010160,5.62,15,2,Clear,Medium,Evening Peak,Motorcycle,5.4,27.7
ORD_010161,9.6,20,2,Clear,Medium,Afternoon,Scooter,1.1,48.6
ORD_010162,1.92,25,3,Clear,Medium,Afternoon,Motorcycle,5.9,32.4
ORD_010163,4.91,20,1,Clear,Jam,Evening Peak,Scooter,5.3,43.3
ORD_010164,7.75,20,4,Clear,High,Evening Peak,Motorcycle,5.1,46.6
ORD_010165,6.81,25,1,Clear,High,Evening Peak,Electric Bike,2.7,55.9
ORD_010166,2.01,10,4,Clear,Medium,Evening Peak,Scooter,3.3,18.4
ORD_010167,1.77,15,1,Foggy,Medium,Late Night,Scooter,3.0,22.1
ORD_010168,7.44,10,3,Clear,Low,Afternoon,Electric Bike,5.9,30.3
ORD_010169,1.96,10,4,Clear,Jam,Morning,Scooter,0.7,22.6
ORD_010170,5.44,30,3,Clear,Low,Late Night,Scooter,2.6,46.8
ORD_010171,9.24,15,5,Rainy,Medium,Late Night,Electric Bike,5.8,57.7
ORD_010172,2.23,20,2,Windy,High,Afternoon,Scooter,2.5,34.5
ORD_010173,12.41,20,2,Clear,Medium,Evening Peak,Motorcycle,2.7,52.1
ORD_010174,7.3,20,2,Clear,Medium,Morning,Scooter,4.0,41.6
ORD_010175,20.08,20,6,Clear,High,Morning,Scooter,5.5,91.2
ORD_010176,3.9,15,1,Clear,Medium,Morning,Motorcycle,2.1,26.2
ORD_010177,10.59,15,1,Clear,Medium,Evening Peak,Motorcycle,5.7,35.1
ORD_010178,4.14,30,1,Clear,Low,Evening Peak,Scooter,2.1,42.0
ORD_010179,5.25,10,2,Clear,Medium,Evening Peak,Motorcycle,5.0,24.8
ORD_010180,3.48,10,2,Clear,Medium,Evening Peak,Motorcycle,2.0,18.4
ORD_010181,5.11,15,2,Clear,High,Morning,Scooter,0.9,32.2
ORD_010182,8.55,15,2,Clear,Medium,Evening Peak,Motorcycle,5.0,34.4
ORD_010183,12.66,15,2,Clear,Medium,Afternoon,Motorcycle,3.0,45.6
ORD_010184,3.1,35,2,Clear,High,Morning,Scooter,2.6,45.6
ORD_010185,5.71,25,2,Windy,Medium,Evening Peak,Scooter,2.9,43.5
ORD_010186,3.73,25,2,Windy,Medium,Late Night,Electric Bike,3.9,39.4
ORD_010187,5.88,15,2,Clear,High,Late Night,Scooter,1.9,39.8
ORD_010188,9.26,15,2,Clear,High,Afternoon,Motorcycle,1.8,46.7
ORD_010189,3.91,25,2,Foggy,High,Evening Peak,Motorcycle,3.2,43.1
ORD_010190,6.64,25,2,Windy,Medium,Evening Peak,Scooter,0.7,47.8
ORD_010191,2.99,20,5,Clear,Medium,Afternoon,Motorcycle,4.0,28.0
ORD_010192,9.7,25,3,Clear,Jam,Afternoon,Electric Bike,5.0,83.6
ORD_010193,7.91,30,5,Foggy,Low,Evening Peak,Motorcycle,4.5,49.2
ORD_010194,3.29,15,2,Clear,High,Evening Peak,Scooter,3.1,29.7
ORD_010195,3.24,15,2,Clear,Medium,Afternoon,Scooter,3.6,22.5
ORD_010196,10.93,20,2,Windy,High,Evening Peak,Electric Bike,0.6,74.0
ORD_010197,14.72,35,6,Clear,High,Morning,Electric Bike,5.5,95.0
ORD_010198,3.37,15,2,Clear,Medium,Late Night,Electric Bike,3.6,26.5
ORD_010199,8.58,20,4,Clear,Low,Late Night,Electric Bike,2.2,45.1
ORD_010200,4.24,20,4,Foggy,High,Late Night,Motorcycle,2.1,38.7
ORD_010201,10.95,15,4,Clear,Low,Late Night,Motorcycle,4.1,42.8
ORD_010202,4.36,20,2,Rainy,Low,Evening Peak,Motorcycle,3.7,37.1
ORD_010203,7.56,15,2,Clear,High,Afternoon,Scooter,1.5,41.8
ORD_010204,5.61,25,3,Foggy,High,Evening Peak,Scooter,2.8,51.7
ORD_010205,1.51,20,2,Clear,Medium,Morning,Scooter,4.2,25.1
ORD_010206,3.12,25,4,Foggy,High,Morning,Motorcycle,2.1,45.4
ORD_010207,7.48,15,5,Clear,Jam,Morning,Motorcycle,3.3,52.2
ORD_010208,6.98,10,2,Clear,Low,Evening Peak,Motorcycle,1.9,26.5
ORD_010209,6.03,25,1,Rainy,Low,Evening Peak,Scooter,0.9,47.1
ORD_010210,12.91,15,3,Rainy,High,Evening Peak,Motorcycle,2.6,65.9
ORD_010211,8.25,15,2,Clear,Medium,Afternoon,Scooter,4.5,35.9
ORD_010212,7.68,10,5,Rainy,Low,Morning,Scooter,1.7,34.5
ORD_010213,1.5,20,3,Windy,Medium,Afternoon,Motorcycle,4.6,25.3
ORD_010214,8.48,15,2,Clear,High,Evening Peak,Motorcycle,4.2,44.0
ORD_010215,2.07,20,2,Heavy Storm,Low,Afternoon,Electric Bike,3.3,38.2
ORD_010216,5.12,20,4,Clear,Medium,Evening Peak,Scooter,5.8,32.8
ORD_010217,2.08,20,4,Clear,Medium,Evening Peak,Scooter,5.4,23.7
ORD_010218,6.73,30,2,Clear,Low,Morning,Scooter,3.6,45.6
ORD_010219,9.48,15,2,Rainy,Medium,Late Night,Motorcycle,3.6,44.5
ORD_010220,4.88,15,1,Clear,High,Evening Peak,Motorcycle,2.0,35.8
ORD_010221,4.98,15,1,Windy,High,Late Night,Electric Bike,5.6,35.7
ORD_010222,2.96,25,2,Foggy,Medium,Evening Peak,Electric Bike,5.4,41.7
ORD_010223,9.39,30,3,Clear,Low,Evening Peak,Motorcycle,4.6,52.4
ORD_010224,2.19,15,1,Clear,Low,Late Night,Motorcycle,1.2,19.0
ORD_010225,5.61,15,3,Clear,Low,Evening Peak,Motorcycle,4.4,26.2
ORD_010226,4.85,15,2,Clear,High,Afternoon,Motorcycle,1.9,34.2
ORD_010227,6.36,25,3,Foggy,High,Evening Peak,Scooter,1.5,51.8
ORD_010228,8.02,20,2,Rainy,High,Morning,Scooter,4.7,56.5
ORD_010229,4.69,25,4,Rainy,Medium,Evening Peak,Electric Bike,5.8,43.8
ORD_010230,8.52,10,5,Clear,Low,Morning,Motorcycle,1.1,30.7
ORD_010231,5.03,15,2,Foggy,High,Evening Peak,Motorcycle,1.4,37.8
ORD_010232,6.23,20,2,Rainy,Jam,Evening Peak,Electric Bike,1.7,63.4
ORD_010233,2.68,25,3,Foggy,Medium,Afternoon,Scooter,5.8,36.3
ORD_010234,4.03,15,2,Clear,High,Evening Peak,Motorcycle,4.3,24.0
ORD_010235,1.96,15,3,Clear,High,Morning,Motorcycle,4.2,20.1
ORD_010236,5.32,30,2,Rainy,High,Morning,Motorcycle,3.3,59.2
ORD_010237,7.76,10,2,Foggy,Low,Afternoon,Electric Bike,3.5,39.1
ORD_010238,4.56,15,3,Rainy,Jam,Late Night,Motorcycle,2.1,43.9
ORD_010239,4.86,15,1,Clear,High,Morning,Electric Bike,1.4,37.0
ORD_010240,6.42,10,1,Clear,High,Afternoon,Motorcycle,4.8,28.5
ORD_010241,6.82,15,1,Windy,Jam,Late Night,Electric Bike,3.1,55.8
ORD_010242,1.91,20,3,Clear,Medium,Afternoon,Scooter,1.9,25.8
ORD_010243,3.62,15,4,Clear,Low,Afternoon,Motorcycle,4.0,22.2
ORD_010244,2.07,15,5,Clear,High,Morning,Motorcycle,1.7,29.8
ORD_010245,4.09,25,2,Clear,Low,Morning,Electric Bike,3.2,36.2
ORD_010246,11.59,35,3,Clear,High,Evening Peak,Scooter,1.5,78.0
ORD_010247,7.82,25,3,Clear,Medium,Morning,Scooter,4.7,47.2
ORD_010248,5.11,25,2,Windy,Low,Evening Peak,Scooter,2.3,40.6
ORD_010249,13.43,30,3,Clear,Medium,Afternoon,Motorcycle,2.9,67.0
ORD_010250,6.08,25,2,Rainy,High,Morning,Electric Bike,4.7,60.4
ORD_010251,17.59,35,3,Foggy,Low,Afternoon,Scooter,4.1,84.4
ORD_010252,5.54,20,2,Clear,Low,Afternoon,Scooter,2.7,32.8
ORD_010253,3.61,20,1,Clear,Medium,Late Night,Scooter,0.9,32.2
ORD_010254,2.56,20,4,Windy,Low,Afternoon,Motorcycle,5.6,26.0
ORD_010255,7.36,30,2,Clear,Jam,Evening Peak,Electric Bike,0.5,75.1
ORD_010256,4.07,20,1,Clear,High,Evening Peak,Motorcycle,4.5,30.2
ORD_010257,5.54,25,4,Rainy,Medium,Morning,Scooter,5.7,51.2
ORD_010258,6.71,15,4,Clear,Low,Evening Peak,Motorcycle,2.2,32.4
ORD_010259,3.11,30,1,Windy,Medium,Evening Peak,Scooter,0.9,43.9
ORD_010260,6.02,15,5,Clear,High,Morning,Motorcycle,1.9,37.1
ORD_010261,4.6,15,1,Clear,Medium,Evening Peak,Motorcycle,2.2,28.3
ORD_010262,2.14,25,2,Clear,Jam,Morning,Motorcycle,3.0,37.7
ORD_010263,6.92,15,1,Rainy,High,Afternoon,Motorcycle,3.4,43.8
ORD_010264,7.43,15,1,Clear,Medium,Evening Peak,Motorcycle,4.5,32.7
ORD_010265,10.37,15,1,Foggy,High,Evening Peak,Motorcycle,5.5,51.4
ORD_010266,2.61,10,4,Rainy,Medium,Evening Peak,Scooter,3.1,26.2
ORD_010267,14.9,10,1,Clear,Jam,Evening Peak,Motorcycle,4.6,75.9
ORD_010268,3.29,20,3,Windy,Medium,Evening Peak,Motorcycle,1.2,31.6
ORD_010269,1.59,25,3,Foggy,Medium,Evening Peak,Scooter,2.3,35.5
ORD_010270,5.23,15,3,Clear,Medium,Afternoon,Motorcycle,1.1,29.2
ORD_010271,6.36,20,4,Windy,Medium,Morning,Motorcycle,4.3,42.9
ORD_010272,4.71,25,2,Clear,Low,Morning,Motorcycle,5.5,30.6
ORD_010273,2.59,15,1,Clear,Medium,Morning,Motorcycle,5.4,18.8
ORD_010274,3.89,20,1,Foggy,Medium,Morning,Electric Bike,2.3,39.9
ORD_010275,6.15,15,4,Windy,Low,Afternoon,Motorcycle,1.8,30.5
ORD_010276,16.16,20,2,Clear,High,Morning,Scooter,2.0,77.3
ORD_010277,2.66,15,2,Heavy Storm,Low,Afternoon,Motorcycle,2.1,36.3
ORD_010278,3.59,35,3,Rainy,Jam,Evening Peak,Motorcycle,1.0,60.8
ORD_010279,2.29,10,2,Clear,Low,Morning,Scooter,1.2,16.0
ORD_010280,4.09,20,8,Rainy,Low,Evening Peak,Scooter,1.7,41.7
ORD_010281,4.9,15,3,Clear,Jam,Morning,Scooter,0.5,40.7
ORD_010282,8.84,20,1,Windy,Jam,Afternoon,Motorcycle,0.8,64.2
ORD_010283,6.22,15,1,Foggy,Low,Afternoon,Electric Bike,4.3,39.0
ORD_010284,11.28,15,2,Clear,Low,Afternoon,Motorcycle,3.9,39.3
ORD_010285,5.03,15,1,Windy,Low,Evening Peak,Scooter,5.7,28.4
ORD_010286,1.04,15,5,Clear,Medium,Evening Peak,Scooter,2.7,20.7
ORD_010287,6.38,25,2,Foggy,Medium,Evening Peak,Motorcycle,2.9,49.2
ORD_010288,1.83,15,2,Clear,Medium,Morning,Motorcycle,0.9,19.6
ORD_010289,8.68,25,3,Windy,High,Morning,Motorcycle,1.3,56.3
ORD_010290,5.03,15,4,Rainy,High,Evening Peak,Electric Bike,4.3,46.4
ORD_010291,3.5,10,2,Windy,Jam,Evening Peak,Electric Bike,1.8,33.9
ORD_010292,2.47,15,1,Clear,Medium,Late Night,Motorcycle,4.8,19.3
ORD_010293,3.8,25,1,Clear,Low,Afternoon,Motorcycle,4.4,33.2
ORD_010294,4.9,20,4,Clear,Medium,Afternoon,Motorcycle,4.6,30.6
ORD_010295,13.71,15,2,Clear,High,Evening Peak,Electric Bike,4.3,77.1
ORD_010296,4.66,20,2,Heavy Storm,Low,Morning,Motorcycle,4.4,43.1
ORD_010297,5.81,25,8,Clear,Jam,Evening Peak,Motorcycle,3.5,54.6
ORD_010298,4.82,15,2,Clear,Low,Evening Peak,Scooter,4.2,24.0
ORD_010299,5.82,20,4,Windy,Medium,Evening Peak,Scooter,3.4,35.8
ORD_010300,5.62,15,8,Rainy,Medium,Morning,Scooter,1.6,44.8
ORD_010301,5.08,10,1,Rainy,Jam,Evening Peak,Motorcycle,1.7,43.6
ORD_010302,3.43,15,3,Rainy,Low,Afternoon,Scooter,2.7,30.7
ORD_010303,7.51,25,4,Heavy Storm,Low,Evening Peak,Motorcycle,0.6,60.2
ORD_010304,2.66,15,5,Clear,High,Evening Peak,Scooter,5.4,19.7
ORD_010305,6.75,15,2,Clear,Jam,Evening Peak,Motorcycle,2.0,46.9
ORD_010306,7.6,15,1,Rainy,Low,Late Night,Scooter,0.8,42.7
ORD_010307,1.64,15,1,Clear,Medium,Afternoon,Motorcycle,2.8,21.3
ORD_010308,2.52,15,2,Rainy,Jam,Afternoon,Motorcycle,5.0,31.3
ORD_010309,1.75,20,1,Clear,High,Morning,Scooter,2.7,28.4
ORD_010310,10.11,10,2,Clear,Jam,Afternoon,Electric Bike,1.9,73.0
ORD_010311,3.71,25,4,Rainy,Jam,Afternoon,Electric Bike,3.5,53.0
ORD_010312,9.8,15,2,Clear,Medium,Afternoon,Motorcycle,3.7,41.2
ORD_010313,4.18,20,3,Rainy,Low,Late Night,Electric Bike,4.7,40.4
ORD_010314,2.78,15,6,Clear,Jam,Late Night,Scooter,4.9,31.4
ORD_010315,3.33,25,2,Clear,High,Morning,Motorcycle,4.4,37.2
ORD_010316,5.56,25,2,Clear,Medium,Afternoon,Scooter,0.5,43.1
ORD_010317,7.55,15,5,Clear,High,Afternoon,Motorcycle,0.5,46.3
ORD_010318,5.18,20,3,Clear,Medium,Afternoon,Motorcycle,5.9,32.6
ORD_010319,8.51,15,1,Clear,Medium,Evening Peak,Scooter,2.0,38.0
ORD_010320,4.6,10,1,Clear,Low,Morning,Motorcycle,2.1,18.7
ORD_010321,4.91,30,3,Clear,Medium,Evening Peak,Motorcycle,4.5,44.2
ORD_010322,3.21,15,2,Rainy,Jam,Late Night,Electric Bike,3.7,41.6
ORD_010323,3.02,15,2,Rainy,High,Evening Peak,Motorcycle,3.0,29.7
ORD_010324,7.84,10,2,Foggy,High,Afternoon,Motorcycle,1.1,40.9
ORD_010325,2.66,15,2,Windy,Low,Morning,Scooter,0.9,25.5
ORD_010326,4.18,30,4,Clear,Low,Morning,Scooter,4.4,39.5
ORD_010327,8.06,15,5,Windy,High,Evening Peak,Scooter,1.2,49.7
ORD_010328,1.93,20,2,Clear,Medium,Morning,Scooter,2.9,24.2
ORD_010329,10.26,15,3,Clear,Low,Afternoon,Scooter,4.5,38.8
ORD_010330,2.81,15,2,Clear,Jam,Late Night,Scooter,5.6,26.1
ORD_010331,10.28,20,1,Windy,Medium,Evening Peak,Electric Bike,5.3,58.1
ORD_010332,2.66,20,2,Rainy,Medium,Afternoon,Motorcycle,5.3,33.4
ORD_010333,7.83,15,2,Clear,Medium,Afternoon,Motorcycle,2.5,39.3
ORD_010334,3.65,25,2,Clear,High,Evening Peak,Motorcycle,5.6,35.6
ORD_010335,14.01,10,2,Clear,High,Afternoon,Motorcycle,4.3,53.4
ORD_010336,4.43,10,2,Rainy,High,Late Night,Scooter,5.4,31.0
ORD_010337,2.47,35,1,Clear,Low,Morning,Motorcycle,1.0,43.6
ORD_010338,6.75,20,2,Clear,Low,Late Night,Scooter,0.7,38.1
ORD_010339,3.89,25,2,Clear,Medium,Afternoon,Motorcycle,2.9,34.2
ORD_010340,7.14,20,3,Clear,Low,Evening Peak,Motorcycle,5.1,35.0
ORD_010341,10.19,15,1,Clear,Medium,Afternoon,Motorcycle,2.7,38.1
ORD_010342,7.95,20,5,Clear,Low,Evening Peak,Electric Bike,5.4,41.5
ORD_010343,1.87,10,2,Clear,Medium,Evening Peak,Motorcycle,1.8,13.0
ORD_010344,2.63,25,2,Clear,Jam,Afternoon,Scooter,0.7,40.3
ORD_010345,5.91,20,3,Clear,High,Evening Peak,Scooter,4.7,38.8
ORD_010346,6.26,30,2,Clear,Low,Late Night,Motorcycle,3.9,44.6
ORD_010347,1.19,20,3,Windy,High,Afternoon,Motorcycle,2.9,25.1
ORD_010348,2.33,15,2,Clear,Low,Evening Peak,Motorcycle,5.1,16.6
ORD_010349,2.78,15,2,Rainy,Jam,Evening Peak,Motorcycle,5.0,33.8
ORD_010350,10.63,10,1,Windy,Medium,Afternoon,Motorcycle,2.3,41.7
ORD_010351,3.42,20,2,Windy,Medium,Morning,Scooter,5.1,30.1
ORD_010352,7.52,20,2,Clear,Low,Morning,Motorcycle,2.4,38.6
ORD_010353,9.37,15,3,Clear,Medium,Evening Peak,Motorcycle,3.9,40.8
ORD_010354,3.35,30,1,Heavy Storm,Medium,Evening Peak,Motorcycle,1.6,49.2
ORD_010355,4.81,30,1,Heavy Storm,High,Morning,Motorcycle,2.0,59.7
ORD_010356,7.53,30,2,Clear,Low,Afternoon,Motorcycle,3.0,46.3
ORD_010357,1.86,15,1,Foggy,Medium,Afternoon,Scooter,2.2,22.9
ORD_010358,4.29,20,2,Clear,Medium,Evening Peak,Motorcycle,1.2,31.9
ORD_010359,9.92,30,3,Foggy,Low,Late Night,Motorcycle,3.2,54.8
ORD_010360,6.17,20,3,Clear,Low,Evening Peak,Motorcycle,3.3,31.6
ORD_010361,6.21,15,2,Clear,Low,Afternoon,Scooter,1.4,29.2
ORD_010362,8.54,25,3,Clear,High,Evening Peak,Motorcycle,1.5,55.0
ORD_010363,3.62,25,3,Clear,High,Late Night,Motorcycle,0.7,38.8
ORD_010364,2.72,20,2,Clear,Jam,Morning,Electric Bike,0.7,37.5
ORD_010365,5.98,15,2,Windy,Medium,Afternoon,Scooter,2.5,35.7
ORD_010366,3.78,15,3,Clear,High,Evening Peak,Scooter,1.3,32.7
ORD_010367,3.64,20,2,Clear,High,Afternoon,Electric Bike,5.6,38.0
ORD_010368,2.67,15,5,Clear,Medium,Late Night,Motorcycle,1.6,28.5
ORD_010369,6.72,20,4,Rainy,Medium,Afternoon,Scooter,0.9,49.9
ORD_010370,4.51,10,3,Clear,Medium,Late Night,Scooter,2.7,29.6
ORD_010371,2.7,10,3,Rainy,Medium,Evening Peak,Motorcycle,1.6,30.7
ORD_010372,8.83,15,3,Clear,Medium,Morning,Motorcycle,0.8,42.9
ORD_010373,4.14,15,4,Clear,Low,Morning,Scooter,4.6,24.0
ORD_010374,6.81,20,1,Windy,High,Evening Peak,Motorcycle,3.6,45.7
ORD_010375,12.1,15,1,Windy,Medium,Afternoon,Motorcycle,0.8,53.3
ORD_010376,8.75,20,2,Windy,Medium,Afternoon,Electric Bike,3.1,54.8
ORD_010377,11.35,25,5,Clear,Medium,Late Night,Motorcycle,0.7,59.9
ORD_010378,8.65,15,1,Clear,Low,Morning,Motorcycle,2.4,34.1
ORD_010379,4.3,30,2,Clear,Low,Evening Peak,Scooter,2.5,39.0
ORD_010380,3.11,25,2,Rainy,High,Evening Peak,Scooter,5.0,41.6
ORD_010381,4.18,20,1,Windy,Jam,Morning,Electric Bike,4.5,47.3
ORD_010382,4.35,30,4,Foggy,Medium,Afternoon,Scooter,5.4,48.5
ORD_010383,10.15,15,3,Clear,Medium,Evening Peak,Scooter,1.3,44.1
ORD_010384,3.83,15,3,Windy,Medium,Morning,Scooter,3.4,28.2
ORD_010385,2.35,10,3,Foggy,Medium,Morning,Electric Bike,0.6,25.3
ORD_010386,5.79,15,3,Clear,Medium,Afternoon,Motorcycle,5.0,28.4
ORD_010387,5.23,20,3,Clear,Medium,Evening Peak,Scooter,2.5,35.8
ORD_010388,3.19,20,2,Windy,High,Evening Peak,Motorcycle,0.9,35.1
ORD_010389,4.03,10,2,Windy,Medium,Late Night,Scooter,2.3,25.4
ORD_010390,11.55,10,1,Windy,Jam,Morning,Scooter,2.1,70.6
ORD_010391,6.7,15,4,Clear,Medium,Morning,Scooter,4.7,34.4
ORD_010392,4.21,15,1,Clear,Low,Late Night,Motorcycle,1.2,20.2
ORD_010393,3.18,25,2,Windy,Jam,Morning,Scooter,3.6,42.1
ORD_010394,15.05,20,1,Windy,Low,Evening Peak,Scooter,4.9,59.3
ORD_010395,12.92,15,2,Windy,Medium,Evening Peak,Electric Bike,4.6,68.1
ORD_010396,8.33,10,4,Foggy,Medium,Morning,Electric Bike,5.6,47.3
ORD_010397,4.47,15,5,Foggy,Low,Evening Peak,Motorcycle,0.5,28.9
ORD_010398,3.1,20,4,Clear,Jam,Afternoon,Scooter,2.4,38.4
ORD_010399,3.16,35,3,Clear,Medium,Evening Peak,Scooter,2.5,47.1
ORD_010400,4.44,15,1,Clear,Medium,Afternoon,Motorcycle,0.7,29.7
ORD_010401,3.83,25,3,Clear,High,Evening Peak,Motorcycle,5.0,35.8
ORD_010402,5.03,25,1,Rainy,Medium,Evening Peak,Motorcycle,4.3,40.9
ORD_010403,4.9,10,1,Clear,High,Morning,Motorcycle,3.4,27.0
ORD_010404,2.84,30,1,Rainy,High,Evening Peak,Motorcycle,2.7,46.6
ORD_010405,2.89,15,2,Clear,Medium,Afternoon,Motorcycle,5.4,25.6
ORD_010406,4.24,30,3,Clear,Medium,Evening Peak,Motorcycle,2.0,42.9
ORD_010407,4.82,20,2,Clear,Low,Evening Peak,Electric Bike,2.3,38.9
ORD_010408,11.0,15,1,Clear,Low,Afternoon,Motorcycle,5.7,35.6
ORD_010409,5.98,35,2,Clear,Jam,Morning,Motorcycle,0.9,63.4
ORD_010410,5.85,15,2,Clear,Low,Afternoon,Scooter,4.8,25.4
ORD_010411,6.11,25,4,Clear,Medium,Late Night,Motorcycle,4.4,39.4
ORD_010412,9.53,15,2,Clear,Low,Late Night,Motorcycle,5.5,38.2
ORD_010413,22.0,20,2,Rainy,Jam,Afternoon,Electric Bike,1.0,95.0
ORD_010414,3.66,15,2,Windy,Low,Evening Peak,Motorcycle,5.8,22.7
ORD_010415,14.39,35,4,Rainy,High,Late Night,Motorcycle,0.7,92.3
ORD_010416,2.17,15,3,Clear,High,Evening Peak,Scooter,2.4,23.2
ORD_010417,4.26,15,3,Clear,Low,Afternoon,Motorcycle,1.0,25.8
ORD_010418,2.67,20,5,Rainy,High,Morning,Scooter,0.8,36.8
ORD_010419,7.39,35,3,Windy,Jam,Evening Peak,Motorcycle,5.8,70.5
ORD_010420,8.61,15,2,Rainy,Medium,Afternoon,Motorcycle,4.5,42.6
ORD_010421,2.35,15,1,Clear,Medium,Morning,Scooter,3.3,22.7
ORD_010422,9.23,15,1,Clear,Medium,Morning,Electric Bike,1.1,45.8
ORD_010423,6.19,15,2,Rainy,Low,Morning,Scooter,3.4,38.2
ORD_010424,8.04,25,2,Windy,Jam,Morning,Motorcycle,2.3,62.6
ORD_010425,10.01,10,4,Foggy,Medium,Evening Peak,Motorcycle,2.0,41.6
ORD_010426,7.52,20,8,Clear,Medium,Evening Peak,Motorcycle,3.9,42.1
ORD_010427,2.11,20,6,Clear,Medium,Late Night,Scooter,4.9,29.8
ORD_010428,4.02,15,3,Clear,Low,Evening Peak,Motorcycle,2.9,24.6
ORD_010429,2.27,15,2,Heavy Storm,Low,Morning,Scooter,3.2,31.7
ORD_010430,1.56,25,2,Rainy,Medium,Late Night,Electric Bike,4.1,32.5
ORD_010431,2.58,15,1,Clear,Medium,Morning,Scooter,1.2,25.8
ORD_010432,4.21,10,4,Clear,Jam,Evening Peak,Scooter,5.1,27.2
ORD_010433,13.76,10,5,Clear,Medium,Late Night,Motorcycle,5.1,47.4
ORD_010434,4.99,25,2,Rainy,Medium,Late Night,Scooter,3.5,44.0
ORD_010435,6.22,15,2,Rainy,Jam,Evening Peak,Scooter,1.5,55.4
ORD_010436,3.73,30,3,Clear,Low,Evening Peak,Motorcycle,3.3,36.7
ORD_010437,4.5,20,2,Clear,Medium,Late Night,Scooter,1.1,39.9
ORD_010438,5.28,15,2,Clear,Low,Evening Peak,Motorcycle,4.7,24.3
ORD_010439,4.36,20,2,Clear,Jam,Evening Peak,Scooter,2.2,39.8
ORD_010440,6.97,15,2,Clear,Medium,Morning,Scooter,2.2,34.9
ORD_010441,3.5,30,1,Clear,High,Evening Peak,Motorcycle,5.7,38.9
ORD_010442,2.18,15,3,Clear,Jam,Morning,Motorcycle,2.8,26.6
ORD_010443,1.94,10,1,Windy,High,Evening Peak,Scooter,4.8,18.9
ORD_010444,8.24,20,4,Clear,Medium,Afternoon,Motorcycle,4.0,40.6
ORD_010445,1.22,20,2,Heavy Storm,Jam,Afternoon,Scooter,2.2,38.4
ORD_010446,4.45,25,2,Clear,High,Afternoon,Scooter,1.2,44.4
ORD_010447,2.63,30,3,Clear,High,Late Night,Electric Bike,4.9,40.0
ORD_010448,7.12,15,3,Clear,Low,Late Night,Motorcycle,4.7,33.8
ORD_010449,5.08,15,2,Clear,Medium,Evening Peak,Scooter,1.4,29.1
ORD_010450,5.15,15,5,Clear,Medium,Evening Peak,Scooter,1.9,29.6
ORD_010451,5.4,30,3,Rainy,Low,Afternoon,Scooter,4.7,48.0
ORD_010452,5.3,35,1,Rainy,Jam,Evening Peak,Scooter,5.9,64.8
ORD_010453,2.18,35,1,Clear,Low,Evening Peak,Motorcycle,5.1,40.0
ORD_010454,3.85,15,2,Windy,High,Late Night,Motorcycle,4.3,29.2
ORD_010455,3.03,15,3,Foggy,Low,Late Night,Scooter,5.5,24.0
ORD_010456,3.34,15,5,Clear,Low,Late Night,Motorcycle,2.1,22.6
ORD_010457,5.34,15,3,Clear,Medium,Evening Peak,Motorcycle,0.6,32.5
ORD_010458,8.27,10,1,Clear,Medium,Afternoon,Motorcycle,2.3,29.2
ORD_010459,8.1,15,1,Clear,Low,Evening Peak,Electric Bike,5.8,33.4
ORD_010460,5.87,15,2,Clear,Medium,Evening Peak,Motorcycle,5.4,29.0
ORD_010461,3.98,15,3,Clear,Medium,Morning,Scooter,0.8,30.8
ORD_010462,5.15,15,4,Clear,High,Evening Peak,Motorcycle,3.3,32.6
ORD_010463,7.53,15,2,Clear,High,Late Night,Scooter,0.9,44.3
ORD_010464,3.33,20,4,Clear,High,Evening Peak,Motorcycle,4.8,30.6
ORD_010465,5.02,15,1,Clear,Jam,Evening Peak,Motorcycle,2.5,37.1
ORD_010466,3.71,20,1,Rainy,High,Afternoon,Motorcycle,5.5,35.7
ORD_010467,3.3,15,2,Windy,Low,Evening Peak,Scooter,0.8,28.3
ORD_010468,4.85,25,2,Heavy Storm,Jam,Evening Peak,Scooter,4.5,63.1
ORD_010469,3.99,15,3,Windy,Low,Afternoon,Electric Bike,2.7,29.8
ORD_010470,5.95,15,2,Foggy,Low,Morning,Scooter,2.0,32.2
ORD_010471,4.02,20,1,Rainy,Medium,Afternoon,Scooter,3.3,39.1
ORD_010472,4.61,30,2,Foggy,Low,Late Night,Scooter,3.2,42.5
ORD_010473,2.17,10,1,Windy,Low,Evening Peak,Motorcycle,2.4,18.9
ORD_010474,7.72,10,4,Clear,Medium,Afternoon,Motorcycle,4.1,29.6
ORD_010475,7.8,30,2,Windy,High,Morning,Motorcycle,4.1,57.4
ORD_010476,3.02,10,2,Clear,Medium,Evening Peak,Motorcycle,0.9,19.2
ORD_010477,3.18,15,4,Windy,Low,Evening Peak,Motorcycle,3.8,25.8
ORD_010478,5.5,30,2,Clear,High,Evening Peak,Scooter,4.4,52.8
ORD_010479,3.79,25,1,Foggy,Medium,Late Night,Electric Bike,0.9,44.4
ORD_010480,5.84,15,4,Rainy,High,Afternoon,Scooter,4.1,42.4
ORD_010481,10.46,30,1,Clear,Low,Evening Peak,Scooter,4.9,54.6
ORD_010482,3.11,20,3,Windy,Medium,Afternoon,Motorcycle,5.1,30.5
ORD_010483,8.06,10,2,Heavy Storm,High,Evening Peak,Motorcycle,0.7,52.8
ORD_010484,2.82,20,3,Rainy,Low,Afternoon,Scooter,4.3,34.3
ORD_010485,3.33,20,1,Rainy,Jam,Afternoon,Motorcycle,4.9,37.2
ORD_010486,5.53,20,3,Clear,Medium,Evening Peak,Scooter,2.7,38.3
ORD_010487,6.93,35,3,Clear,Jam,Evening Peak,Electric Bike,3.5,82.0
ORD_010488,10.28,15,2,Clear,High,Evening Peak,Motorcycle,2.0,46.9
ORD_010489,12.29,20,2,Rainy,Jam,Afternoon,Scooter,2.2,86.9
ORD_010490,4.24,15,4,Foggy,Low,Evening Peak,Scooter,3.3,31.7
ORD_010491,4.99,15,2,Clear,High,Late Night,Motorcycle,1.3,30.9
ORD_010492,6.01,20,1,Heavy Storm,High,Afternoon,Motorcycle,2.5,53.8
ORD_010493,4.87,20,3,Clear,Jam,Morning,Scooter,2.2,45.1
ORD_010494,4.21,25,1,Windy,Low,Late Night,Electric Bike,1.8,40.4
ORD_010495,3.65,25,2,Windy,Low,Morning,Motorcycle,3.2,35.4
ORD_010496,6.98,20,1,Clear,High,Late Night,Motorcycle,5.1,40.4
ORD_010497,10.32,15,2,Clear,Low,Evening Peak,Scooter,1.8,43.0
ORD_010498,2.04,20,4,Clear,Low,Evening Peak,Motorcycle,4.1,25.1
ORD_010499,4.41,15,3,Windy,Medium,Evening Peak,Motorcycle,1.9,30.7
ORD_010500,2.07,15,5,Clear,Medium,Afternoon,Electric Bike,1.3,22.8
ORD_010501,6.75,20,2,Clear,Medium,Late Night,Scooter,5.7,36.4
ORD_010502,3.29,20,3,Heavy Storm,Low,Evening Peak,Scooter,4.0,37.3
ORD_010503,9.53,20,3,Clear,Medium,Morning,Scooter,1.1,51.4
ORD_010504,4.6,30,1,Foggy,Medium,Afternoon,Scooter,4.0,44.6
ORD_010505,6.8,15,3,Clear,High,Evening Peak,Electric Bike,1.5,48.0
ORD_010506,3.07,15,2,Clear,Medium,Evening Peak,Scooter,5.4,22.2
ORD_010507,5.4,20,2,Rainy,Medium,Late Night,Motorcycle,1.9,42.7
ORD_010508,5.37,20,1,Windy,High,Morning,Motorcycle,4.9,33.0
ORD_010509,6.23,10,1,Clear,High,Late Night,Motorcycle,1.6,27.5
ORD_010510,3.51,15,2,Clear,Low,Evening Peak,Motorcycle,3.6,20.4
ORD_010511,9.07,15,1,Clear,Medium,Late Night,Electric Bike,5.5,45.8
ORD_010512,6.03,25,3,Rainy,High,Evening Peak,Scooter,2.1,54.1
ORD_010513,10.04,25,3,Clear,Medium,Afternoon,Motorcycle,0.9,55.0
ORD_010514,2.2,15,2,Clear,High,Morning,Electric Bike,3.5,21.2
ORD_010515,5.43,10,3,Rainy,Low,Evening Peak,Motorcycle,1.4,29.5
ORD_010516,4.5,15,1,Clear,Jam,Morning,Motorcycle,4.5,33.3
ORD_010517,12.44,15,5,Rainy,Medium,Evening Peak,Motorcycle,3.7,55.8
ORD_010518,7.07,15,3,Foggy,Medium,Afternoon,Motorcycle,2.4,37.4
ORD_010519,4.92,15,2,Clear,Low,Evening Peak,Motorcycle,4.4,22.0
ORD_010520,6.83,15,3,Clear,High,Evening Peak,Motorcycle,1.8,39.8
ORD_010521,3.91,15,2,Foggy,Medium,Evening Peak,Motorcycle,5.5,24.5
ORD_010522,6.37,20,1,Windy,Jam,Morning,Motorcycle,2.4,50.0
ORD_010523,16.42,15,2,Clear,Medium,Morning,Electric Bike,4.7,72.8
ORD_010524,3.63,25,1,Rainy,High,Late Night,Motorcycle,1.9,44.9
ORD_010525,5.38,30,3,Foggy,Low,Afternoon,Motorcycle,4.4,44.0
ORD_010526,3.22,15,6,Rainy,Low,Evening Peak,Scooter,0.7,36.1
ORD_010527,2.92,10,2,Clear,Jam,Evening Peak,Scooter,2.1,26.4
ORD_010528,8.11,15,3,Clear,Medium,Late Night,Electric Bike,1.0,42.4
ORD_010529,2.56,10,2,Rainy,Jam,Morning,Scooter,3.0,33.4
ORD_010530,6.31,15,1,Windy,Low,Evening Peak,Motorcycle,2.9,30.1
ORD_010531,7.83,20,6,Windy,Medium,Morning,Scooter,2.5,49.2
ORD_010532,4.0,20,6,Windy,Medium,Late Night,Scooter,5.9,34.2
ORD_010533,9.85,15,4,Clear,Jam,Late Night,Scooter,1.8,68.7
ORD_010534,9.36,25,2,Clear,Medium,Evening Peak,Motorcycle,4.9,48.1
ORD_010535,3.99,10,1,Windy,Low,Afternoon,Electric Bike,3.0,21.5
ORD_010536,2.35,15,2,Foggy,Medium,Morning,Scooter,2.3,26.3
ORD_010537,6.58,20,3,Rainy,High,Evening Peak,Scooter,1.6,51.4
ORD_010538,4.83,15,2,Clear,Low,Evening Peak,Motorcycle,4.0,26.6
ORD_010539,5.56,20,5,Clear,Low,Evening Peak,Motorcycle,2.3,33.2
ORD_010540,6.55,35,1,Foggy,High,Evening Peak,Motorcycle,5.0,62.6
ORD_010541,2.13,25,6,Foggy,High,Evening Peak,Scooter,5.8,39.4
ORD_010542,3.87,15,6,Clear,Low,Late Night,Motorcycle,1.7,27.4
ORD_010543,11.72,20,3,Clear,High,Morning,Electric Bike,1.2,74.9
ORD_010544,5.66,15,2,Clear,Low,Afternoon,Motorcycle,2.2,27.6
ORD_010545,6.79,35,2,Clear,High,Afternoon,Electric Bike,3.1,66.7
ORD_010546,5.39,30,6,Foggy,Medium,Evening Peak,Motorcycle,2.2,49.5
ORD_010547,6.68,10,3,Windy,Low,Morning,Motorcycle,5.8,26.3
ORD_010548,9.26,30,3,Rainy,High,Late Night,Motorcycle,4.8,67.5
ORD_010549,1.61,15,4,Clear,Jam,Afternoon,Motorcycle,5.8,21.2
ORD_010550,7.55,15,4,Windy,Low,Morning,Motorcycle,2.6,33.8
ORD_010551,4.87,15,2,Heavy Storm,Low,Evening Peak,Motorcycle,2.2,35.8
ORD_010552,8.28,15,6,Heavy Storm,Medium,Morning,Motorcycle,2.7,58.5
ORD_010553,4.08,25,2,Clear,Jam,Afternoon,Motorcycle,3.4,42.9
ORD_010554,3.99,15,3,Clear,High,Late Night,Motorcycle,4.6,27.5
ORD_010555,2.5,25,1,Heavy Storm,Jam,Evening Peak,Scooter,5.3,48.1
ORD_010556,4.94,35,2,Clear,Medium,Afternoon,Scooter,3.0,51.1
ORD_010557,2.42,25,2,Foggy,Low,Afternoon,Scooter,2.1,33.7
ORD_010558,4.7,15,3,Rainy,Low,Evening Peak,Scooter,2.3,33.8
ORD_010559,5.56,20,1,Clear,High,Evening Peak,Motorcycle,4.3,38.9
ORD_010560,3.36,20,2,Clear,Low,Afternoon,Scooter,3.6,24.6
ORD_010561,2.01,25,2,Clear,Medium,Evening Peak,Electric Bike,3.2,33.5
ORD_010562,1.76,15,2,Rainy,Medium,Evening Peak,Electric Bike,1.6,32.9
ORD_010563,2.85,20,3,Windy,Medium,Evening Peak,Motorcycle,5.3,30.2
ORD_010564,1.7,25,1,Clear,Medium,Late Night,Scooter,4.8,30.9
ORD_010565,5.47,25,3,Windy,Medium,Afternoon,Motorcycle,1.3,39.7
ORD_010566,16.68,30,2,Clear,Medium,Evening Peak,Motorcycle,2.5,73.2
ORD_010567,2.48,10,2,Clear,Medium,Late Night,Scooter,3.5,16.9
ORD_010568,18.98,15,2,Clear,High,Morning,Motorcycle,3.0,82.6
ORD_010569,5.36,15,4,Windy,Medium,Evening Peak,Scooter,2.7,32.1
ORD_010570,5.99,15,1,Windy,Low,Late Night,Motorcycle,4.5,25.9
ORD_010571,2.07,15,3,Foggy,Low,Morning,Motorcycle,0.8,27.0
ORD_010572,5.61,15,3,Clear,Low,Afternoon,Electric Bike,3.1,33.5
ORD_010573,3.73,25,3,Rainy,Medium,Morning,Motorcycle,1.9,44.5
ORD_010574,11.3,30,2,Clear,High,Evening Peak,Motorcycle,1.0,69.9
ORD_010575,1.76,10,3,Clear,Low,Late Night,Scooter,3.1,13.0
ORD_010576,3.77,15,2,Clear,Low,Afternoon,Electric Bike,1.4,27.4
ORD_010577,3.12,15,2,Rainy,Medium,Afternoon,Motorcycle,1.9,29.4
ORD_010578,6.13,20,2,Clear,Medium,Evening Peak,Motorcycle,3.3,36.9
ORD_010579,1.33,25,3,Rainy,Medium,Afternoon,Motorcycle,5.9,34.4
ORD_010580,11.1,10,4,Clear,Medium,Evening Peak,Motorcycle,4.3,36.9
ORD_010581,5.99,20,2,Rainy,High,Morning,Scooter,2.0,52.3
ORD_010582,5.76,10,2,Clear,Medium,Late Night,Motorcycle,2.6,26.1
ORD_010583,2.54,35,3,Rainy,Medium,Evening Peak,Scooter,2.7,50.1
ORD_010584,7.78,25,1,Rainy,Low,Morning,Scooter,1.3,51.5
ORD_010585,7.34,30,4,Windy,Medium,Afternoon,Scooter,1.4,54.1
ORD_010586,9.73,10,3,Windy,Medium,Late Night,Scooter,1.3,44.3
ORD_010587,4.25,15,2,Clear,Low,Late Night,Electric Bike,3.4,28.5
ORD_010588,2.0,15,2,Windy,Low,Evening Peak,Scooter,4.2,21.5
ORD_010589,3.44,20,3,Clear,Low,Evening Peak,Motorcycle,3.7,29.1
ORD_010590,8.45,15,6,Clear,Low,Morning,Electric Bike,5.9,34.6
ORD_010591,3.79,25,4,Clear,Medium,Evening Peak,Motorcycle,1.2,38.5
ORD_010592,13.96,20,1,Rainy,Medium,Morning,Motorcycle,5.9,62.7
ORD_010593,7.88,20,2,Clear,Medium,Evening Peak,Scooter,3.1,42.7
ORD_010594,12.87,25,3,Clear,Medium,Morning,Scooter,1.7,65.8
ORD_010595,3.91,20,2,Clear,Medium,Afternoon,Motorcycle,5.7,27.5
ORD_010596,6.44,15,1,Heavy Storm,Medium,Afternoon,Motorcycle,3.1,42.8
ORD_010597,2.86,20,4,Heavy Storm,Medium,Afternoon,Motorcycle,2.4,43.1
ORD_010598,8.12,30,6,Windy,Low,Evening Peak,Electric Bike,1.7,61.1
ORD_010599,6.71,20,2,Windy,High,Morning,Scooter,2.0,50.8
ORD_010600,7.63,20,3,Rainy,Low,Afternoon,Scooter,5.9,44.7
ORD_010601,4.11,30,2,Clear,High,Morning,Motorcycle,2.2,41.9
ORD_010602,5.48,20,2,Windy,Medium,Evening Peak,Motorcycle,5.9,32.7
ORD_010603,5.32,35,4,Clear,Medium,Morning,Scooter,2.3,52.3
ORD_010604,4.12,15,2,Heavy Storm,Medium,Evening Peak,Scooter,1.8,39.4
ORD_010605,5.67,20,1,Clear,Medium,Late Night,Motorcycle,1.5,39.1
ORD_010606,6.24,15,2,Clear,Medium,Late Night,Motorcycle,2.8,34.1
ORD_010607,6.89,15,2,Clear,Jam,Afternoon,Scooter,1.8,51.4
ORD_010608,4.06,15,1,Rainy,High,Afternoon,Scooter,4.3,38.2
ORD_010609,7.88,15,3,Heavy Storm,Low,Late Night,Motorcycle,1.8,47.5
ORD_010610,7.59,15,1,Clear,Medium,Afternoon,Electric Bike,5.1,41.5
ORD_010611,6.97,15,4,Foggy,High,Afternoon,Scooter,5.1,43.8
ORD_010612,8.22,10,3,Clear,Low,Morning,Motorcycle,2.1,29.2
ORD_010613,4.62,25,3,Clear,Low,Morning,Motorcycle,4.6,32.8
ORD_010614,2.65,15,3,Clear,Jam,Evening Peak,Scooter,5.2,26.8
ORD_010615,7.61,15,3,Heavy Storm,Jam,Afternoon,Motorcycle,3.7,63.5
ORD_010616,3.68,10,2,Clear,Medium,Morning,Motorcycle,2.5,20.5
ORD_010617,2.05,10,3,Clear,Low,Afternoon,Scooter,2.9,16.5
ORD_010618,3.73,25,2,Rainy,Low,Late Night,Scooter,4.8,39.3
ORD_010619,5.6,25,3,Rainy,High,Evening Peak,Scooter,2.1,53.6
ORD_010620,10.61,25,2,Clear,High,Evening Peak,Motorcycle,2.3,59.6
ORD_010621,6.27,15,2,Clear,Medium,Evening Peak,Motorcycle,1.4,30.1
ORD_010622,8.2,10,4,Windy,Low,Late Night,Motorcycle,2.7,34.3
ORD_010623,7.51,10,1,Clear,Medium,Evening Peak,Motorcycle,1.0,30.5
ORD_010624,6.1,20,2,Clear,Medium,Morning,Electric Bike,2.3,43.8
ORD_010625,4.41,25,3,Clear,Medium,Afternoon,Electric Bike,2.6,42.4
ORD_010626,2.85,30,1,Clear,Medium,Evening Peak,Motorcycle,1.9,35.7
ORD_010627,14.94,15,3,Clear,Low,Afternoon,Motorcycle,1.1,53.6
ORD_010628,3.79,15,2,Windy,Medium,Evening Peak,Motorcycle,3.4,23.5
ORD_010629,4.37,10,2,Clear,Medium,Late Night,Motorcycle,5.3,20.2
ORD_010630,4.8,25,1,Rainy,Medium,Afternoon,Scooter,2.3,44.1
ORD_010631,3.74,15,3,Heavy Storm,Low,Afternoon,Motorcycle,1.8,41.7
ORD_010632,6.78,15,6,Clear,High,Morning,Motorcycle,2.1,39.4
ORD_010633,3.77,30,3,Clear,High,Late Night,Electric Bike,5.2,48.0
ORD_010634,4.31,25,2,Clear,Medium,Evening Peak,Scooter,3.4,33.7
ORD_010635,3.61,10,1,Clear,High,Evening Peak,Motorcycle,1.2,22.8
ORD_010636,4.26,10,3,Clear,Medium,Morning,Motorcycle,4.4,23.1
ORD_010637,2.58,25,4,Clear,Medium,Evening Peak,Scooter,1.3,35.9
ORD_010638,2.27,20,2,Clear,Medium,Evening Peak,Motorcycle,0.8,23.1
ORD_010639,11.9,20,1,Clear,Medium,Evening Peak,Motorcycle,1.9,49.4
ORD_010640,8.22,15,3,Foggy,Jam,Afternoon,Scooter,1.4,61.5
ORD_010641,10.85,25,1,Clear,Medium,Evening Peak,Electric Bike,3.8,66.1
ORD_010642,11.41,25,1,Clear,Jam,Late Night,Scooter,3.2,80.0
ORD_010643,3.06,25,1,Clear,Medium,Evening Peak,Motorcycle,4.5,30.0
ORD_010644,10.59,15,2,Clear,Low,Evening Peak,Electric Bike,3.3,44.8
ORD_010645,9.03,15,3,Windy,Medium,Late Night,Motorcycle,2.8,39.5
ORD_010646,4.24,15,4,Clear,High,Evening Peak,Motorcycle,3.4,30.7
ORD_010647,6.23,30,5,Clear,Jam,Evening Peak,Scooter,2.9,61.5
ORD_010648,8.07,15,4,Heavy Storm,Medium,Evening Peak,Motorcycle,0.7,57.3
ORD_010649,7.12,10,2,Windy,Medium,Afternoon,Motorcycle,4.2,29.4
ORD_010650,4.82,15,2,Clear,Low,Morning,Motorcycle,5.8,21.5
ORD_010651,5.65,25,3,Clear,Low,Afternoon,Motorcycle,2.8,33.7
ORD_010652,6.64,25,1,Windy,Low,Evening Peak,Scooter,2.8,37.2
ORD_010653,4.17,25,2,Heavy Storm,High,Evening Peak,Scooter,0.8,59.3
ORD_010654,7.05,20,2,Clear,High,Late Night,Motorcycle,5.4,43.4
ORD_010655,3.44,35,3,Rainy,Low,Morning,Motorcycle,5.6,48.2
ORD_010656,10.78,10,1,Clear,Medium,Afternoon,Motorcycle,5.0,36.4
ORD_010657,8.8,25,2,Clear,Medium,Evening Peak,Motorcycle,1.1,45.2
ORD_010658,8.16,15,1,Windy,Low,Evening Peak,Scooter,5.5,33.0
ORD_010659,6.39,15,2,Clear,Medium,Evening Peak,Scooter,0.6,32.2
ORD_010660,5.87,10,1,Clear,Jam,Afternoon,Scooter,2.9,37.8
ORD_010661,8.99,10,1,Foggy,High,Late Night,Motorcycle,3.3,41.0
ORD_010662,2.72,15,3,Clear,Low,Evening Peak,Scooter,5.1,21.2
ORD_010663,3.22,15,4,Clear,Low,Evening Peak,Scooter,4.6,21.7
ORD_010664,7.15,15,2,Clear,Medium,Late Night,Motorcycle,4.9,30.0
ORD_010665,5.07,10,1,Clear,Jam,Evening Peak,Motorcycle,5.3,29.9
ORD_010666,3.74,10,3,Rainy,High,Evening Peak,Scooter,3.1,31.3
ORD_010667,9.37,25,1,Foggy,Medium,Evening Peak,Motorcycle,4.8,53.4
ORD_010668,5.56,30,2,Heavy Storm,Low,Late Night,Scooter,0.9,62.3
ORD_010669,6.22,30,2,Rainy,Medium,Evening Peak,Motorcycle,2.9,58.6
ORD_010670,9.5,20,5,Clear,Low,Morning,Scooter,0.7,43.6
ORD_010671,4.78,25,2,Rainy,Low,Afternoon,Scooter,5.5,40.9
ORD_010672,14.08,25,2,Windy,Low,Late Night,Motorcycle,5.8,53.5
ORD_010673,2.85,20,3,Clear,High,Morning,Scooter,1.0,26.7
ORD_010674,9.34,15,4,Clear,Low,Evening Peak,Motorcycle,3.4,37.3
ORD_010675,3.87,15,1,Windy,Medium,Late Night,Motorcycle,2.3,28.6
ORD_010676,8.52,15,3,Windy,High,Afternoon,Electric Bike,2.4,55.0
ORD_010677,3.48,25,3,Windy,Low,Evening Peak,Motorcycle,3.0,37.2
ORD_010678,2.26,20,4,Clear,High,Afternoon,Motorcycle,1.2,30.2
ORD_010679,8.58,15,3,Foggy,Low,Evening Peak,Scooter,1.5,42.6
ORD_010680,4.25,10,1,Clear,High,Late Night,Scooter,3.7,24.5
ORD_010681,2.3,15,2,Foggy,Low,Afternoon,Motorcycle,0.6,24.2
ORD_010682,8.81,20,2,Foggy,High,Late Night,Scooter,3.8,57.7
ORD_010683,5.85,20,1,Clear,Medium,Afternoon,Electric Bike,2.3,42.2
ORD_010684,4.24,15,1,Clear,Medium,Afternoon,Scooter,5.1,24.5
ORD_010685,6.41,15,3,Clear,Medium,Evening Peak,Motorcycle,3.8,33.9
ORD_010686,4.76,20,1,Clear,Medium,Afternoon,Motorcycle,4.4,30.6
ORD_010687,4.45,30,5,Clear,Medium,Afternoon,Motorcycle,1.1,43.7
ORD_010688,8.01,30,2,Clear,High,Morning,Motorcycle,2.0,54.4
ORD_010689,5.89,10,2,Windy,Low,Morning,Motorcycle,6.0,26.8
ORD_010690,3.36,15,2,Clear,High,Evening Peak,Motorcycle,2.9,24.3
ORD_010691,5.15,15,5,Clear,Medium,Evening Peak,Electric Bike,2.5,32.0
ORD_010692,7.95,20,2,Windy,Medium,Evening Peak,Motorcycle,5.3,44.6
ORD_010693,2.79,20,3,Windy,Low,Evening Peak,Motorcycle,0.7,30.8
ORD_010694,9.84,15,4,Clear,Low,Afternoon,Motorcycle,3.4,32.2
ORD_010695,5.77,25,1,Clear,Medium,Afternoon,Scooter,1.7,44.5
ORD_010696,5.53,15,1,Clear,Jam,Morning,Motorcycle,2.5,40.5
ORD_010697,5.68,35,6,Rainy,Medium,Evening Peak,Motorcycle,1.6,62.3
ORD_010698,12.22,10,5,Windy,Low,Evening Peak,Motorcycle,0.7,41.8
ORD_010699,5.17,15,2,Rainy,Medium,Morning,Motorcycle,2.8,36.5
ORD_010700,4.28,20,3,Windy,Low,Evening Peak,Scooter,4.8,31.8
ORD_010701,4.81,20,3,Heavy Storm,Medium,Afternoon,Scooter,5.7,46.8
ORD_010702,8.58,20,5,Clear,Medium,Morning,Motorcycle,3.9,45.5
ORD_010703,7.32,35,2,Windy,Low,Late Night,Motorcycle,2.6,53.1
ORD_010704,5.22,15,3,Windy,High,Morning,Motorcycle,4.7,30.5
ORD_010705,15.68,15,1,Clear,Jam,Evening Peak,Motorcycle,3.3,82.1
ORD_010706,6.99,30,3,Clear,Jam,Evening Peak,Electric Bike,2.5,74.1
ORD_010707,3.12,20,2,Clear,Medium,Evening Peak,Motorcycle,1.5,25.3
ORD_010708,1.64,15,2,Clear,Medium,Morning,Motorcycle,4.9,17.2
ORD_010709,7.37,20,2,Clear,High,Afternoon,Electric Bike,3.3,53.9
ORD_010710,4.44,20,2,Clear,High,Morning,Motorcycle,5.8,30.3
ORD_010711,2.22,15,8,Foggy,Medium,Late Night,Scooter,4.9,31.0
ORD_010712,4.91,15,3,Rainy,Medium,Morning,Electric Bike,2.8,38.2
ORD_010713,7.65,15,4,Heavy Storm,High,Morning,Electric Bike,4.6,63.2
ORD_010714,4.71,10,1,Windy,Low,Afternoon,Electric Bike,3.0,25.9
ORD_010715,5.08,30,1,Clear,Low,Evening Peak,Scooter,0.9,40.6
ORD_010716,1.57,15,2,Clear,Medium,Evening Peak,Scooter,3.3,19.9
ORD_010717,7.38,15,4,Clear,High,Evening Peak,Motorcycle,5.3,36.9
ORD_010718,1.97,20,1,Clear,Medium,Afternoon,Motorcycle,5.2,25.8
ORD_010719,3.72,20,2,Clear,Medium,Evening Peak,Motorcycle,3.7,27.4
ORD_010720,6.06,20,3,Clear,Medium,Evening Peak,Electric Bike,2.6,40.4
ORD_010721,3.32,15,4,Windy,High,Late Night,Motorcycle,0.6,31.3
ORD_010722,3.69,25,2,Windy,Low,Afternoon,Motorcycle,2.2,34.8
ORD_010723,5.91,20,1,Clear,Low,Morning,Scooter,5.9,27.6
ORD_010724,6.17,15,4,Clear,Medium,Morning,Motorcycle,4.5,32.1
ORD_010725,5.3,25,3,Clear,Jam,Evening Peak,Scooter,4.4,52.6
ORD_010726,1.5,15,5,Clear,Medium,Late Night,Scooter,4.7,25.0
ORD_010727,1.76,25,2,Clear,Medium,Evening Peak,Motorcycle,3.9,29.2
ORD_010728,8.58,20,1,Foggy,Medium,Evening Peak,Motorcycle,3.7,41.9
ORD_010729,4.19,30,2,Heavy Storm,High,Evening Peak,Motorcycle,3.0,62.8
ORD_010730,17.2,15,1,Windy,Medium,Morning,Motorcycle,2.9,63.0
ORD_010731,5.92,30,4,Foggy,Low,Afternoon,Motorcycle,5.3,41.7
ORD_010732,13.93,20,1,Clear,Medium,Afternoon,Motorcycle,2.7,57.7
ORD_010733,4.67,20,4,Windy,Medium,Evening Peak,Scooter,5.1,36.0
ORD_010734,3.91,15,3,Windy,High,Late Night,Scooter,5.1,32.1
ORD_010735,7.43,30,5,Rainy,Medium,Morning,Motorcycle,4.7,59.1
ORD_010736,9.54,15,2,Foggy,Low,Morning,Motorcycle,0.7,41.7
ORD_010737,4.68,15,2,Foggy,Medium,Evening Peak,Motorcycle,1.3,32.6
ORD_010738,7.3,25,5,Windy,Low,Late Night,Electric Bike,2.2,51.1
ORD_010739,1.98,15,1,Clear,High,Late Night,Motorcycle,5.2,20.8
ORD_010740,3.12,15,5,Clear,Medium,Evening Peak,Motorcycle,5.3,19.1
ORD_010741,6.52,25,3,Clear,Medium,Afternoon,Motorcycle,0.7,42.5
ORD_010742,4.21,10,1,Clear,Medium,Evening Peak,Scooter,2.3,22.7
ORD_010743,6.05,25,2,Clear,Medium,Morning,Scooter,5.2,39.8
ORD_010744,6.58,20,3,Windy,High,Evening Peak,Electric Bike,1.9,53.9
ORD_010745,7.23,20,1,Rainy,Low,Late Night,Scooter,5.9,39.1
ORD_010746,8.47,15,1,Rainy,Low,Afternoon,Motorcycle,3.2,38.0
ORD_010747,8.59,25,2,Windy,Medium,Morning,Scooter,5.7,51.1
ORD_010748,2.76,25,1,Clear,High,Morning,Electric Bike,2.9,38.5
ORD_010749,4.74,15,3,Rainy,Medium,Evening Peak,Scooter,2.3,40.3
ORD_010750,4.65,15,3,Foggy,High,Late Night,Motorcycle,2.5,37.1
ORD_010751,5.02,15,5,Clear,High,Afternoon,Motorcycle,5.4,33.2
ORD_010752,4.43,25,4,Foggy,Low,Afternoon,Scooter,2.3,39.2
ORD_010753,5.2,20,1,Clear,Medium,Evening Peak,Electric Bike,4.2,38.8
ORD_010754,3.63,15,2,Rainy,High,Evening Peak,Electric Bike,3.1,36.7
ORD_010755,8.17,25,2,Clear,Medium,Morning,Motorcycle,5.7,43.6
ORD_010756,6.59,25,2,Foggy,Medium,Afternoon,Scooter,1.4,47.7
ORD_010757,3.61,10,2,Foggy,High,Afternoon,Scooter,2.9,30.6
ORD_010758,5.25,25,2,Clear,High,Afternoon,Motorcycle,1.2,43.1
ORD_010759,13.16,25,2,Windy,Medium,Late Night,Electric Bike,3.7,73.9
ORD_010760,2.84,35,5,Foggy,Low,Morning,Scooter,2.7,52.3
ORD_010761,3.18,15,1,Clear,Medium,Evening Peak,Motorcycle,0.8,20.0
ORD_010762,8.38,15,1,Clear,Low,Evening Peak,Motorcycle,5.2,28.9
ORD_010763,11.59,30,3,Clear,Medium,Morning,Scooter,2.6,66.7
ORD_010764,6.19,10,2,Windy,High,Afternoon,Scooter,3.2,34.0
ORD_010765,5.44,20,3,Clear,Medium,Evening Peak,Motorcycle,2.7,36.7
ORD_010766,2.56,20,2,Windy,High,Afternoon,Motorcycle,3.2,28.9
ORD_010767,4.02,20,3,Clear,Medium,Evening Peak,Electric Bike,0.6,36.7
ORD_010768,3.9,15,4,Clear,High,Morning,Motorcycle,5.0,28.8
ORD_010769,4.04,30,1,Windy,Medium,Morning,Scooter,2.3,43.8
ORD_010770,3.38,15,3,Clear,Medium,Evening Peak,Scooter,4.5,22.7
ORD_010771,2.48,20,4,Clear,Low,Morning,Motorcycle,0.9,26.0
ORD_010772,7.47,15,6,Windy,Medium,Late Night,Motorcycle,3.4,37.8
ORD_010773,6.4,15,1,Foggy,Low,Evening Peak,Electric Bike,5.5,33.5
ORD_010774,2.48,15,2,Clear,High,Evening Peak,Scooter,2.7,25.5
ORD_010775,5.29,30,2,Foggy,High,Afternoon,Electric Bike,1.6,60.1
ORD_010776,4.34,20,2,Clear,Low,Late Night,Electric Bike,1.0,31.8
ORD_010777,12.37,20,1,Windy,Medium,Afternoon,Motorcycle,5.2,55.1
ORD_010778,10.05,25,4,Clear,Low,Morning,Motorcycle,1.8,50.7
ORD_010779,12.33,10,2,Clear,Medium,Evening Peak,Motorcycle,5.9,44.6
ORD_010780,3.98,20,8,Rainy,Jam,Morning,Scooter,1.9,58.4
ORD_010781,1.85,15,2,Clear,High,Late Night,Electric Bike,3.1,19.5
ORD_010782,2.71,20,2,Rainy,Low,Evening Peak,Scooter,3.0,30.2
ORD_010783,4.02,10,2,Clear,Low,Evening Peak,Scooter,0.8,20.8
ORD_010784,4.51,25,1,Rainy,High,Evening Peak,Scooter,3.4,47.9
ORD_010785,12.49,20,4,Heavy Storm,Medium,Afternoon,Motorcycle,4.2,68.9
ORD_010786,8.14,15,4,Clear,Medium,Morning,Motorcycle,4.6,36.2
ORD_010787,6.41,15,4,Windy,High,Late Night,Motorcycle,3.4,40.4
ORD_010788,10.13,10,2,Clear,Medium,Afternoon,Electric Bike,5.0,42.5
ORD_010789,7.03,30,2,Clear,Low,Morning,Scooter,4.6,43.4
ORD_010790,7.88,10,6,Windy,Medium,Evening Peak,Motorcycle,1.6,37.0
ORD_010791,4.34,15,3,Clear,Medium,Afternoon,Scooter,2.7,30.9
ORD_010792,2.21,15,4,Clear,Medium,Evening Peak,Scooter,1.3,23.8
ORD_010793,1.98,35,2,Windy,Medium,Afternoon,Motorcycle,1.2,39.5
ORD_010794,2.0,20,2,Clear,Low,Late Night,Motorcycle,4.4,25.5
ORD_010795,7.42,10,3,Windy,Low,Afternoon,Motorcycle,3.4,28.3
ORD_010796,3.25,20,1,Foggy,High,Evening Peak,Motorcycle,3.8,31.2
ORD_010797,4.35,35,4,Rainy,High,Evening Peak,Motorcycle,4.5,54.5
ORD_010798,2.36,20,2,Windy,Medium,Late Night,Motorcycle,2.0,26.9
ORD_010799,9.4,15,3,Clear,Low,Evening Peak,Scooter,2.7,36.2
ORD_010800,5.14,15,3,Clear,Medium,Evening Peak,Scooter,3.8,26.7
ORD_010801,5.89,10,3,Clear,Low,Afternoon,Motorcycle,1.0,25.2
ORD_010802,6.22,15,2,Clear,High,Evening Peak,Scooter,5.1,33.8
ORD_010803,6.66,20,3,Clear,High,Morning,Motorcycle,2.4,42.2
ORD_010804,9.67,25,4,Clear,Low,Afternoon,Scooter,4.1,48.3
ORD_010805,7.56,25,1,Windy,Low,Afternoon,Scooter,6.0,41.3
ORD_010806,2.92,25,4,Rainy,Jam,Late Night,Motorcycle,3.1,47.5
ORD_010807,3.16,10,2,Heavy Storm,Low,Evening Peak,Scooter,1.7,32.6
ORD_010808,19.6,25,2,Rainy,High,Evening Peak,Scooter,1.7,95.0
ORD_010809,8.71,20,2,Clear,Jam,Evening Peak,Scooter,0.8,62.5
ORD_010810,15.9,15,8,Clear,Medium,Afternoon,Scooter,4.7,62.6
ORD_010811,4.53,20,3,Clear,Medium,Late Night,Motorcycle,2.1,34.9
ORD_010812,11.57,10,8,Windy,Medium,Evening Peak,Motorcycle,1.4,47.9
ORD_010813,6.78,10,1,Clear,Medium,Evening Peak,Motorcycle,4.4,28.2
ORD_010814,6.1,20,6,Rainy,Low,Evening Peak,Motorcycle,2.2,40.4
ORD_010815,5.26,15,2,Clear,Medium,Morning,Motorcycle,3.8,29.2
ORD_010816,8.07,20,1,Clear,Medium,Evening Peak,Motorcycle,2.8,33.7
ORD_010817,6.95,15,2,Rainy,Low,Evening Peak,Scooter,2.3,44.8
ORD_010818,4.68,30,1,Rainy,Medium,Afternoon,Electric Bike,3.2,56.5
ORD_010819,3.71,30,3,Clear,Medium,Late Night,Motorcycle,2.2,37.0
ORD_010820,4.76,35,3,Clear,Low,Afternoon,Motorcycle,5.3,42.5
ORD_010821,5.18,25,2,Windy,Jam,Morning,Motorcycle,0.9,50.1
ORD_010822,4.13,35,1,Clear,Low,Afternoon,Scooter,0.7,43.6
ORD_010823,3.1,20,2,Clear,Jam,Afternoon,Motorcycle,2.7,32.6
ORD_010824,5.38,30,6,Foggy,Low,Evening Peak,Motorcycle,1.5,49.4
ORD_010825,6.5,20,2,Windy,Low,Evening Peak,Motorcycle,4.6,32.4
ORD_010826,6.03,25,3,Clear,Low,Afternoon,Scooter,2.4,37.0
ORD_010827,2.69,10,2,Clear,Medium,Evening Peak,Motorcycle,1.9,21.1
ORD_010828,12.29,20,4,Clear,Medium,Afternoon,Scooter,2.5,60.3
ORD_010829,14.01,30,3,Clear,Jam,Late Night,Motorcycle,1.7,93.5
ORD_010830,7.34,20,3,Windy,High,Morning,Electric Bike,2.1,56.2
ORD_010831,8.18,15,1,Windy,Low,Afternoon,Motorcycle,3.6,32.2
ORD_010832,5.91,20,3,Rainy,Low,Evening Peak,Motorcycle,5.3,38.2
ORD_010833,6.3,20,2,Foggy,Low,Evening Peak,Scooter,2.5,38.4
ORD_010834,1.93,25,3,Clear,High,Evening Peak,Motorcycle,2.3,30.4
ORD_010835,4.92,20,2,Foggy,Low,Morning,Motorcycle,4.8,31.2
ORD_010836,4.96,15,2,Windy,Low,Afternoon,Scooter,0.6,28.4
ORD_010837,13.76,30,2,Rainy,Medium,Afternoon,Motorcycle,2.2,72.4
ORD_010838,4.39,25,1,Rainy,Low,Late Night,Motorcycle,3.0,41.6
ORD_010839,12.18,15,1,Clear,Low,Late Night,Motorcycle,3.8,41.3
ORD_010840,5.26,25,1,Clear,Low,Morning,Scooter,1.4,35.1
ORD_010841,4.05,15,3,Windy,Medium,Late Night,Motorcycle,2.9,29.9
ORD_010842,1.99,15,2,Clear,Low,Evening Peak,Scooter,3.6,22.2
ORD_010843,6.25,25,6,Clear,High,Evening Peak,Motorcycle,3.3,49.3
ORD_010844,3.34,25,4,Clear,High,Afternoon,Motorcycle,3.7,35.8
ORD_010845,2.12,15,2,Heavy Storm,Medium,Afternoon,Motorcycle,4.1,30.6
ORD_010846,7.32,10,2,Clear,High,Evening Peak,Motorcycle,2.6,30.7
ORD_010847,6.39,15,3,Foggy,Medium,Afternoon,Electric Bike,0.8,45.6
ORD_010848,6.7,30,1,Heavy Storm,Jam,Morning,Scooter,0.8,79.2
ORD_010849,5.23,25,1,Heavy Storm,Medium,Late Night,Scooter,5.2,55.8
ORD_010850,3.52,15,2,Windy,High,Evening Peak,Motorcycle,4.2,25.4
ORD_010851,2.87,15,2,Clear,Medium,Evening Peak,Scooter,4.7,19.1
ORD_010852,11.32,15,1,Clear,Medium,Evening Peak,Scooter,5.6,45.2
ORD_010853,7.66,25,2,Rainy,Medium,Evening Peak,Motorcycle,4.6,46.3
ORD_010854,8.78,15,1,Clear,Medium,Morning,Scooter,4.3,36.5
ORD_010855,4.79,20,4,Clear,High,Afternoon,Motorcycle,4.1,42.3
ORD_010856,3.28,20,5,Clear,Low,Late Night,Scooter,1.9,31.2
ORD_010857,3.09,15,3,Clear,Medium,Late Night,Motorcycle,5.8,19.9
ORD_010858,5.44,15,1,Foggy,Medium,Late Night,Motorcycle,3.5,30.7
ORD_010859,3.36,15,3,Clear,Jam,Late Night,Electric Bike,1.7,41.7
ORD_010860,1.83,20,2,Clear,High,Morning,Electric Bike,1.7,25.2
ORD_010861,7.11,25,4,Clear,Medium,Morning,Scooter,5.0,47.3
ORD_010862,8.78,20,2,Rainy,Medium,Late Night,Motorcycle,1.9,44.6
ORD_010863,3.81,10,8,Foggy,High,Morning,Scooter,0.7,36.3
ORD_010864,2.08,15,4,Clear,High,Late Night,Motorcycle,2.9,22.6
ORD_010865,5.72,10,2,Clear,High,Late Night,Motorcycle,5.0,26.6
ORD_010866,4.76,10,3,Clear,Medium,Evening Peak,Motorcycle,2.8,24.9
ORD_010867,4.2,20,2,Clear,High,Late Night,Scooter,4.9,34.7
ORD_010868,6.62,30,3,Rainy,Low,Evening Peak,Motorcycle,5.0,50.9
ORD_010869,5.56,25,2,Clear,High,Morning,Scooter,5.2,44.1
ORD_010870,6.48,25,1,Foggy,Medium,Evening Peak,Scooter,3.7,48.3
ORD_010871,5.41,20,2,Clear,Medium,Afternoon,Scooter,4.3,35.0
ORD_010872,3.35,25,3,Clear,Jam,Afternoon,Electric Bike,1.9,48.0
ORD_010873,3.22,25,1,Rainy,Medium,Late Night,Scooter,1.0,41.3
ORD_010874,5.24,20,5,Clear,High,Evening Peak,Electric Bike,3.4,42.3
ORD_010875,8.43,15,2,Foggy,Medium,Morning,Motorcycle,0.6,45.5
ORD_010876,5.49,10,3,Clear,Jam,Late Night,Electric Bike,3.1,46.1
ORD_010877,3.58,15,1,Windy,Medium,Evening Peak,Electric Bike,1.1,33.8
ORD_010878,5.71,30,1,Foggy,Medium,Morning,Motorcycle,1.1,50.8
ORD_010879,5.84,20,2,Foggy,Medium,Morning,Motorcycle,5.3,32.9
ORD_010880,3.37,15,2,Clear,Jam,Afternoon,Motorcycle,4.0,28.2
ORD_010881,13.9,20,8,Rainy,Medium,Late Night,Motorcycle,4.0,68.1
ORD_010882,8.19,15,4,Windy,Low,Evening Peak,Scooter,2.7,36.2
ORD_010883,4.8,30,3,Foggy,Medium,Late Night,Scooter,2.8,45.7
ORD_010884,13.31,15,3,Clear,Medium,Evening Peak,Scooter,2.2,56.7
ORD_010885,6.26,20,5,Clear,Medium,Evening Peak,Motorcycle,2.9,39.1
ORD_010886,5.98,20,4,Foggy,Low,Morning,Electric Bike,3.7,42.1
ORD_010887,10.69,35,1,Windy,Medium,Evening Peak,Motorcycle,1.5,66.8
ORD_010888,8.22,20,2,Windy,Medium,Evening Peak,Scooter,1.9,48.9
ORD_010889,6.77,25,2,Clear,Low,Afternoon,Motorcycle,3.2,38.8
ORD_010890,4.13,10,3,Clear,Low,Late Night,Motorcycle,2.6,16.7
ORD_010891,5.19,10,4,Clear,High,Evening Peak,Motorcycle,5.0,27.9
ORD_010892,4.76,15,5,Clear,Jam,Evening Peak,Scooter,5.0,39.8
ORD_010893,3.61,20,8,Clear,Jam,Evening Peak,Electric Bike,2.3,44.6
ORD_010894,16.46,15,4,Heavy Storm,Jam,Morning,Motorcycle,3.0,95.0
ORD_010895,8.26,15,2,Clear,Jam,Afternoon,Motorcycle,5.9,49.4
ORD_010896,4.66,20,2,Clear,High,Evening Peak,Motorcycle,5.1,32.0
ORD_010897,6.39,20,2,Windy,High,Evening Peak,Motorcycle,1.7,44.7
ORD_010898,4.79,20,3,Windy,Low,Morning,Scooter,2.0,37.7
ORD_010899,3.3,10,3,Foggy,Medium,Afternoon,Motorcycle,1.0,23.1
ORD_010900,1.81,30,4,Windy,Medium,Afternoon,Motorcycle,4.2,37.7
ORD_010901,6.7,20,2,Clear,High,Evening Peak,Motorcycle,2.2,45.3
ORD_010902,5.29,15,3,Clear,Medium,Morning,Motorcycle,3.5,30.4
ORD_010903,9.54,20,5,Clear,Medium,Evening Peak,Motorcycle,4.7,47.5
ORD_010904,3.83,15,1,Clear,High,Morning,Electric Bike,5.1,31.2
ORD_010905,9.55,20,2,Heavy Storm,High,Evening Peak,Motorcycle,2.3,67.5
ORD_010906,10.16,15,1,Foggy,Medium,Morning,Motorcycle,1.8,45.1
ORD_010907,2.19,25,3,Foggy,Medium,Morning,Motorcycle,5.2,33.1
ORD_010908,8.82,35,1,Clear,High,Evening Peak,Motorcycle,2.6,62.5
ORD_010909,8.02,15,5,Clear,High,Morning,Scooter,5.0,48.3
ORD_010910,5.0,10,4,Windy,High,Late Night,Motorcycle,1.3,30.7
ORD_010911,9.45,15,1,Clear,High,Afternoon,Scooter,5.5,49.9
ORD_010912,8.61,20,4,Rainy,Low,Morning,Motorcycle,3.2,48.1
ORD_010913,5.6,15,1,Clear,Medium,Late Night,Motorcycle,1.4,28.9
ORD_010914,2.13,25,3,Windy,Medium,Morning,Scooter,3.4,33.3
ORD_010915,4.53,15,3,Windy,Low,Late Night,Motorcycle,5.3,27.5
ORD_010916,8.89,20,6,Rainy,High,Evening Peak,Electric Bike,2.6,72.9
ORD_010917,6.21,15,2,Clear,Medium,Morning,Motorcycle,1.5,32.1
ORD_010918,4.05,30,3,Clear,Medium,Morning,Motorcycle,3.7,43.4
ORD_010919,5.4,10,3,Rainy,Medium,Evening Peak,Motorcycle,5.1,27.4
ORD_010920,5.59,20,8,Clear,High,Evening Peak,Electric Bike,1.2,50.4
ORD_010921,3.24,20,2,Foggy,Medium,Afternoon,Scooter,0.7,34.2
ORD_010922,3.98,20,5,Clear,Medium,Late Night,Motorcycle,0.8,33.1
ORD_010923,15.76,15,2,Rainy,High,Morning,Electric Bike,1.8,95.0
ORD_010924,1.23,10,1,Rainy,Low,Evening Peak,Electric Bike,0.5,22.1
ORD_010925,5.36,20,2,Foggy,Low,Afternoon,Scooter,2.9,36.4
ORD_010926,8.89,25,2,Clear,High,Afternoon,Motorcycle,4.3,50.8
ORD_010927,5.31,10,3,Clear,Medium,Evening Peak,Motorcycle,4.4,28.2
ORD_010928,3.75,15,3,Clear,Low,Afternoon,Motorcycle,4.0,22.5
ORD_010929,4.34,15,1,Clear,Medium,Afternoon,Electric Bike,2.1,27.6
ORD_010930,13.53,20,1,Clear,High,Evening Peak,Motorcycle,4.5,63.1
ORD_010931,7.51,25,2,Clear,High,Evening Peak,Motorcycle,3.7,51.3
ORD_010932,7.26,20,1,Clear,Medium,Evening Peak,Motorcycle,5.2,33.2
ORD_010933,4.99,15,3,Clear,Low,Evening Peak,Motorcycle,3.1,25.0
ORD_010934,6.02,10,3,Foggy,Medium,Afternoon,Scooter,1.5,31.8
ORD_010935,2.96,25,1,Clear,Medium,Evening Peak,Motorcycle,4.0,32.2
ORD_010936,13.98,15,5,Heavy Storm,High,Morning,Motorcycle,1.3,77.5
ORD_010937,7.79,10,3,Clear,Medium,Morning,Motorcycle,5.8,33.2
ORD_010938,5.34,20,8,Clear,High,Evening Peak,Motorcycle,4.4,44.7
ORD_010939,5.78,15,1,Clear,Jam,Evening Peak,Electric Bike,4.7,50.7
ORD_010940,6.92,25,3,Windy,Medium,Evening Peak,Motorcycle,4.2,47.1
ORD_010941,2.94,10,2,Clear,Low,Evening Peak,Motorcycle,1.0,19.6
ORD_010942,4.47,15,2,Clear,Low,Morning,Motorcycle,3.1,22.3
ORD_010943,3.0,15,1,Clear,Low,Evening Peak,Motorcycle,4.1,18.7
ORD_010944,7.76,20,1,Windy,Low,Late Night,Scooter,1.8,38.3
ORD_010945,2.47,20,2,Clear,Medium,Evening Peak,Electric Bike,4.2,26.9
ORD_010946,3.11,25,3,Clear,Medium,Evening Peak,Electric Bike,5.0,37.5
ORD_010947,8.32,15,4,Rainy,High,Evening Peak,Motorcycle,2.0,51.5
ORD_010948,6.03,10,1,Clear,Low,Evening Peak,Electric Bike,1.6,33.2
ORD_010949,12.69,15,1,Clear,Medium,Afternoon,Motorcycle,5.4,46.5
ORD_010950,4.45,35,5,Clear,Low,Evening Peak,Scooter,0.5,48.0
ORD_010951,4.87,15,3,Clear,Medium,Late Night,Motorcycle,1.9,28.0
ORD_010952,11.19,20,1,Clear,Low,Afternoon,Motorcycle,2.7,43.5
ORD_010953,9.61,30,1,Clear,High,Evening Peak,Motorcycle,4.2,56.8
ORD_010954,8.41,10,2,Windy,Medium,Late Night,Motorcycle,6.0,29.2
ORD_010955,3.46,20,1,Clear,Medium,Evening Peak,Scooter,2.5,30.2
ORD_010956,3.62,15,3,Rainy,High,Afternoon,Electric Bike,5.7,38.8
ORD_010957,5.1,15,1,Clear,High,Morning,Motorcycle,2.5,29.5
ORD_010958,5.03,15,2,Rainy,Medium,Evening Peak,Scooter,4.3,37.0
ORD_010959,3.5,25,2,Clear,Medium,Morning,Scooter,1.4,32.8
ORD_010960,4.34,15,3,Foggy,High,Evening Peak,Motorcycle,3.0,33.8
ORD_010961,5.18,10,5,Rainy,Medium,Afternoon,Motorcycle,5.3,28.0
ORD_010962,9.31,10,2,Clear,High,Evening Peak,Motorcycle,2.3,41.5
ORD_010963,10.75,10,2,Rainy,High,Afternoon,Scooter,1.1,57.9
ORD_010964,7.61,25,4,Clear,Medium,Evening Peak,Motorcycle,3.4,46.9
ORD_010965,2.27,15,3,Clear,Medium,Afternoon,Scooter,2.9,20.7
ORD_010966,10.0,30,1,Foggy,Jam,Morning,Motorcycle,1.8,76.7
ORD_010967,7.63,25,1,Clear,Jam,Evening Peak,Scooter,5.5,62.5
ORD_010968,8.59,25,5,Foggy,High,Evening Peak,Motorcycle,3.8,62.3
ORD_010969,3.61,15,2,Clear,Medium,Afternoon,Scooter,2.4,24.2
ORD_010970,11.42,15,5,Windy,High,Evening Peak,Motorcycle,6.0,54.9
ORD_010971,4.77,20,2,Rainy,High,Afternoon,Scooter,1.3,49.4
ORD_010972,3.47,15,2,Clear,Medium,Afternoon,Scooter,5.2,24.6
ORD_010973,8.0,20,8,Clear,Low,Evening Peak,Motorcycle,1.8,45.8
ORD_010974,5.14,10,2,Clear,Jam,Evening Peak,Motorcycle,1.8,34.1
ORD_010975,7.51,35,6,Foggy,Low,Afternoon,Electric Bike,3.2,63.0
ORD_010976,4.32,10,3,Clear,Medium,Evening Peak,Motorcycle,4.1,22.6
ORD_010977,2.83,15,3,Clear,Medium,Late Night,Electric Bike,4.3,26.7
ORD_010978,4.26,20,1,Clear,Low,Late Night,Scooter,0.6,29.5
ORD_010979,2.5,15,1,Clear,Low,Morning,Motorcycle,2.1,22.6
ORD_010980,7.65,10,3,Clear,Jam,Morning,Motorcycle,4.1,43.7
ORD_010981,1.34,15,2,Foggy,High,Late Night,Scooter,5.4,20.6
ORD_010982,9.65,10,3,Clear,Low,Evening Peak,Motorcycle,4.2,27.9
ORD_010983,2.61,15,1,Clear,High,Morning,Scooter,2.0,22.7
ORD_010984,8.99,15,4,Clear,Low,Evening Peak,Motorcycle,3.3,37.8
ORD_010985,7.13,15,3,Clear,High,Evening Peak,Motorcycle,4.1,35.6
ORD_010986,1.65,15,2,Clear,Medium,Morning,Scooter,1.2,20.2
ORD_010987,5.9,15,5,Clear,Jam,Late Night,Scooter,3.5,45.2
ORD_010988,2.42,20,6,Windy,Medium,Late Night,Scooter,3.1,29.5
ORD_010989,5.92,15,2,Windy,High,Evening Peak,Motorcycle,2.4,35.1
ORD_010990,3.65,10,2,Clear,Low,Evening Peak,Motorcycle,3.9,19.3
ORD_010991,1.66,25,3,Rainy,Jam,Morning,Scooter,4.0,41.3
ORD_010992,6.93,20,3,Clear,Medium,Afternoon,Motorcycle,5.8,36.4
ORD_010993,5.03,10,3,Windy,Medium,Evening Peak,Scooter,2.9,27.8
ORD_010994,5.32,30,2,Clear,Low,Afternoon,Motorcycle,3.4,40.4
ORD_010995,1.81,20,5,Windy,Medium,Morning,Electric Bike,1.4,34.4
ORD_010996,1.72,15,1,Windy,High,Afternoon,Motorcycle,3.5,22.2
ORD_010997,4.5,30,1,Clear,Low,Evening Peak,Scooter,0.7,41.1
ORD_010998,8.84,15,3,Rainy,Low,Morning,Motorcycle,1.3,42.2
ORD_010999,7.72,35,3,Foggy,Medium,Morning,Scooter,1.4,63.5
ORD_011000,6.81,10,2,Clear,High,Afternoon,Motorcycle,4.0,31.1
ORD_011001,10.41,15,2,Clear,Jam,Late Night,Motorcycle,3.6,60.9
ORD_011002,3.76,20,1,Rainy,High,Late Night,Motorcycle,4.9,33.5
ORD_011003,7.04,10,2,Clear,Low,Afternoon,Scooter,3.1,25.1
ORD_011004,2.05,10,2,Clear,Jam,Evening Peak,Motorcycle,3.1,18.5
ORD_011005,16.32,25,4,Windy,Low,Afternoon,Motorcycle,1.4,63.3
ORD_011006,3.4,15,2,Clear,High,Morning,Motorcycle,4.6,21.1
ORD_011007,6.74,30,3,Clear,Medium,Morning,Scooter,0.5,55.2
ORD_011008,12.54,15,3,Clear,High,Morning,Scooter,2.8,60.8
ORD_011009,4.24,25,2,Clear,Low,Late Night,Motorcycle,1.5,36.0
ORD_011010,6.65,15,4,Clear,Low,Evening Peak,Scooter,4.7,30.1
ORD_011011,5.84,20,2,Foggy,Medium,Morning,Electric Bike,4.2,47.0
ORD_011012,4.12,15,1,Clear,Low,Evening Peak,Motorcycle,4.4,25.0
ORD_011013,3.64,20,4,Foggy,Medium,Evening Peak,Scooter,1.3,42.4
ORD_011014,2.58,15,5,Rainy,High,Afternoon,Scooter,4.2,34.3
ORD_011015,4.8,15,2,Clear,High,Evening Peak,Motorcycle,4.3,29.2
ORD_011016,3.45,10,3,Foggy,Medium,Evening Peak,Motorcycle,0.5,26.6
ORD_011017,3.32,10,3,Clear,Low,Afternoon,Motorcycle,2.2,14.3
ORD_011018,7.31,15,2,Clear,Medium,Late Night,Scooter,1.0,38.9
ORD_011019,5.62,20,2,Clear,High,Morning,Scooter,4.2,40.1
ORD_011020,9.18,15,2,Clear,Medium,Morning,Motorcycle,1.7,36.4
ORD_011021,4.1,15,3,Clear,Medium,Late Night,Motorcycle,2.0,25.8
ORD_011022,2.69,30,2,Windy,Low,Afternoon,Motorcycle,0.9,41.8
ORD_011023,7.38,20,3,Clear,Medium,Morning,Motorcycle,3.2,37.9
ORD_011024,7.59,30,1,Rainy,Medium,Afternoon,Electric Bike,0.7,65.7
ORD_011025,6.17,30,2,Windy,Medium,Morning,Motorcycle,5.2,43.3
ORD_011026,3.27,10,1,Clear,High,Evening Peak,Motorcycle,0.6,21.5
ORD_011027,5.36,30,3,Rainy,High,Evening Peak,Electric Bike,0.8,62.4
ORD_011028,2.63,10,2,Rainy,High,Evening Peak,Motorcycle,4.0,17.6
ORD_011029,3.42,30,6,Rainy,Medium,Afternoon,Scooter,5.5,47.5
ORD_011030,9.87,20,2,Foggy,Jam,Evening Peak,Scooter,5.4,73.5
ORD_011031,3.89,20,2,Windy,Medium,Late Night,Motorcycle,1.0,31.1
ORD_011032,8.59,20,2,Clear,High,Morning,Motorcycle,2.1,48.0
ORD_011033,6.38,25,2,Clear,Medium,Evening Peak,Electric Bike,3.4,49.6
ORD_011034,12.39,20,3,Windy,High,Evening Peak,Scooter,0.6,67.7
ORD_011035,6.24,15,2,Clear,Medium,Afternoon,Scooter,3.4,30.9
ORD_011036,6.02,10,3,Rainy,Medium,Afternoon,Scooter,3.0,34.0
ORD_011037,2.06,25,3,Rainy,Medium,Morning,Scooter,3.7,38.6
ORD_011038,3.48,10,3,Clear,Low,Late Night,Motorcycle,5.6,17.7
ORD_011039,4.49,20,4,Clear,High,Morning,Scooter,2.0,38.6
ORD_011040,15.15,20,1,Clear,High,Evening Peak,Motorcycle,4.0,67.5
ORD_011041,3.63,15,3,Foggy,High,Afternoon,Motorcycle,2.9,33.0
ORD_011042,2.73,20,2,Clear,Medium,Morning,Motorcycle,2.9,27.9
ORD_011043,2.27,25,3,Clear,Medium,Afternoon,Motorcycle,4.1,30.4
ORD_011044,2.03,30,1,Clear,Low,Afternoon,Motorcycle,5.7,27.4
ORD_011045,15.46,15,2,Clear,Low,Evening Peak,Motorcycle,5.2,48.1
ORD_011046,5.77,30,2,Windy,Medium,Evening Peak,Motorcycle,4.0,46.5
ORD_011047,2.92,30,3,Windy,Low,Evening Peak,Motorcycle,3.0,38.5
ORD_011048,10.57,25,5,Clear,Low,Morning,Motorcycle,2.8,52.3
ORD_011049,13.32,25,2,Rainy,Medium,Morning,Motorcycle,4.8,66.6
ORD_011050,3.0,20,2,Clear,Medium,Afternoon,Electric Bike,1.7,26.6
ORD_011051,4.01,10,2,Rainy,Medium,Morning,Motorcycle,3.7,28.6
ORD_011052,9.65,20,3,Heavy Storm,Medium,Evening Peak,Scooter,3.3,65.6
ORD_011053,7.65,20,2,Clear,Jam,Morning,Motorcycle,4.1,52.3
ORD_011054,4.73,30,5,Clear,Jam,Afternoon,Scooter,1.5,58.5
ORD_011055,9.79,20,8,Clear,Low,Evening Peak,Scooter,4.3,51.6
ORD_011056,2.02,25,4,Clear,Jam,Late Night,Scooter,3.9,38.0
ORD_011057,2.66,20,3,Windy,Low,Morning,Motorcycle,1.5,26.5
ORD_011058,3.37,15,3,Windy,Medium,Afternoon,Motorcycle,3.0,26.9
ORD_011059,3.14,15,3,Clear,High,Afternoon,Motorcycle,4.2,27.0
ORD_011060,1.45,25,3,Windy,High,Evening Peak,Scooter,5.5,33.7
ORD_011061,4.15,15,2,Clear,Low,Afternoon,Scooter,1.2,25.2
ORD_011062,7.05,15,4,Clear,High,Evening Peak,Electric Bike,0.5,52.1
ORD_011063,8.26,20,3,Foggy,High,Morning,Electric Bike,1.4,64.2
ORD_011064,7.9,25,1,Clear,Jam,Evening Peak,Electric Bike,5.9,74.1
ORD_011065,9.29,20,2,Clear,Jam,Morning,Scooter,4.7,64.6
ORD_011066,6.6,25,2,Windy,Jam,Evening Peak,Motorcycle,3.9,57.2
ORD_011067,3.75,15,1,Clear,Medium,Evening Peak,Electric Bike,1.2,30.6
ORD_011068,1.77,15,2,Clear,High,Morning,Electric Bike,2.8,20.1
ORD_011069,1.75,20,2,Windy,Jam,Evening Peak,Motorcycle,4.4,28.2
ORD_011070,5.55,25,1,Clear,Low,Afternoon,Scooter,5.4,35.5
ORD_011071,3.02,20,1,Windy,High,Morning,Motorcycle,2.6,30.3
ORD_011072,5.39,10,2,Rainy,Low,Morning,Motorcycle,6.0,23.7
ORD_011073,2.51,20,1,Clear,Jam,Afternoon,Scooter,1.3,36.1
ORD_011074,10.33,25,4,Clear,Low,Late Night,Electric Bike,2.6,58.8
ORD_011075,4.24,15,6,Windy,Medium,Evening Peak,Motorcycle,5.3,27.5
ORD_011076,4.44,10,2,Foggy,Medium,Evening Peak,Motorcycle,4.1,23.6
ORD_011077,4.67,20,3,Clear,Medium,Evening Peak,Scooter,5.0,37.5
ORD_011078,0.98,10,5,Clear,High,Evening Peak,Electric Bike,5.5,12.8
ORD_011079,9.68,15,3,Windy,Medium,Evening Peak,Scooter,3.3,46.7
ORD_011080,2.69,10,2,Windy,Medium,Afternoon,Motorcycle,1.8,19.9
ORD_011081,4.74,15,2,Clear,Low,Late Night,Electric Bike,4.3,30.6
ORD_011082,5.3,15,3,Foggy,High,Afternoon,Scooter,3.6,39.8
ORD_011083,3.19,10,2,Clear,Low,Morning,Motorcycle,4.7,13.2
ORD_011084,7.15,10,3,Windy,High,Evening Peak,Electric Bike,3.3,46.1
ORD_011085,9.07,25,1,Foggy,Medium,Morning,Scooter,5.0,54.2
ORD_011086,1.76,10,2,Rainy,Medium,Afternoon,Motorcycle,5.5,18.8
ORD_011087,7.58,20,1,Rainy,Medium,Evening Peak,Motorcycle,4.6,43.7
ORD_011088,1.59,25,3,Clear,High,Afternoon,Motorcycle,4.6,30.1
ORD_011089,3.2,10,6,Clear,Low,Evening Peak,Electric Bike,3.7,20.7
ORD_011090,3.72,15,3,Clear,High,Evening Peak,Scooter,3.1,29.5
ORD_011091,3.78,20,3,Foggy,High,Evening Peak,Motorcycle,5.8,35.7
ORD_011092,9.96,15,1,Clear,Medium,Afternoon,Scooter,4.0,44.1
ORD_011093,3.92,15,2,Clear,Low,Late Night,Motorcycle,5.1,19.7
ORD_011094,3.92,25,3,Rainy,Medium,Evening Peak,Motorcycle,3.3,42.0
ORD_011095,2.32,10,4,Clear,Jam,Evening Peak,Scooter,3.6,20.3
ORD_011096,6.07,20,6,Clear,Low,Evening Peak,Electric Bike,4.1,37.9
ORD_011097,4.54,30,3,Rainy,High,Evening Peak,Motorcycle,4.5,53.1
ORD_011098,6.73,10,3,Clear,High,Morning,Motorcycle,3.0,33.5
ORD_011099,2.3,10,4,Clear,Low,Afternoon,Scooter,2.5,19.9
ORD_011100,12.55,20,2,Rainy,Medium,Afternoon,Electric Bike,1.8,71.2
ORD_011101,7.88,30,4,Clear,Medium,Evening Peak,Scooter,2.8,54.1
ORD_011102,22.0,15,3,Clear,High,Evening Peak,Scooter,1.7,95.0
ORD_011103,5.26,15,1,Windy,Jam,Evening Peak,Scooter,2.8,46.1
ORD_011104,8.78,10,4,Rainy,High,Afternoon,Motorcycle,5.3,44.2
ORD_011105,12.74,15,4,Clear,Medium,Late Night,Motorcycle,5.9,47.4
ORD_011106,6.14,10,5,Clear,Low,Evening Peak,Motorcycle,3.7,27.3
ORD_011107,4.62,15,5,Windy,Low,Evening Peak,Motorcycle,1.3,33.3
ORD_011108,3.87,20,2,Clear,Jam,Late Night,Electric Bike,2.9,39.3
ORD_011109,4.3,35,2,Clear,Jam,Afternoon,Scooter,3.8,56.6
ORD_011110,5.67,25,4,Clear,High,Afternoon,Electric Bike,2.5,50.5
ORD_011111,4.5,25,3,Heavy Storm,Jam,Afternoon,Motorcycle,1.6,62.9
ORD_011112,7.49,15,4,Clear,Medium,Morning,Motorcycle,1.7,38.7
ORD_011113,10.89,10,2,Clear,High,Afternoon,Scooter,3.1,48.7
ORD_011114,2.55,20,3,Clear,Medium,Evening Peak,Motorcycle,1.7,26.3
ORD_011115,2.54,20,1,Windy,High,Afternoon,Motorcycle,1.9,29.0
ORD_011116,3.95,20,2,Clear,Medium,Morning,Scooter,5.3,30.5
ORD_011117,1.77,10,1,Clear,High,Afternoon,Scooter,4.8,12.0
ORD_011118,12.05,15,2,Rainy,Medium,Morning,Motorcycle,0.8,53.8
ORD_011119,9.31,15,2,Clear,Jam,Evening Peak,Electric Bike,2.3,75.2
ORD_011120,4.59,15,2,Clear,Low,Evening Peak,Scooter,3.4,24.5
ORD_011121,4.83,10,3,Clear,High,Evening Peak,Scooter,0.8,29.8
ORD_011122,6.23,25,1,Clear,High,Afternoon,Motorcycle,4.3,41.6
ORD_011123,3.23,10,2,Foggy,Medium,Late Night,Motorcycle,2.6,22.2
ORD_011124,4.21,30,1,Clear,Medium,Morning,Motorcycle,2.7,40.2
ORD_011125,3.36,25,1,Foggy,Medium,Morning,Motorcycle,2.0,38.2
ORD_011126,5.31,25,3,Rainy,Medium,Morning,Electric Bike,2.3,53.9
ORD_011127,5.39,35,1,Clear,Low,Evening Peak,Scooter,5.2,44.0
ORD_011128,4.76,10,3,Rainy,High,Evening Peak,Motorcycle,4.8,35.3
ORD_011129,8.81,20,2,Clear,Medium,Evening Peak,Motorcycle,5.6,38.3
ORD_011130,4.79,25,6,Windy,High,Afternoon,Scooter,4.3,45.1
ORD_011131,4.96,10,5,Clear,Low,Late Night,Electric Bike,3.7,22.4
ORD_011132,2.09,20,3,Clear,Medium,Late Night,Motorcycle,1.9,28.0
ORD_011133,7.36,15,3,Clear,High,Evening Peak,Motorcycle,4.2,38.3
ORD_011134,5.61,15,3,Clear,Jam,Evening Peak,Motorcycle,5.5,37.9
ORD_011135,7.81,30,3,Heavy Storm,Medium,Evening Peak,Motorcycle,0.9,65.7
ORD_011136,3.06,20,1,Clear,Medium,Evening Peak,Scooter,2.9,24.9
ORD_011137,2.64,10,5,Rainy,Low,Late Night,Scooter,1.3,23.7
ORD_011138,4.46,30,4,Rainy,High,Evening Peak,Motorcycle,5.0,55.0
ORD_011139,1.62,15,3,Clear,High,Morning,Motorcycle,3.9,21.4
ORD_011140,12.43,25,1,Clear,High,Morning,Electric Bike,5.3,81.3
ORD_011141,4.38,35,3,Clear,Jam,Afternoon,Motorcycle,0.8,58.5
ORD_011142,1.25,25,5,Foggy,Medium,Evening Peak,Scooter,5.5,33.0
ORD_011143,3.79,20,2,Clear,High,Morning,Scooter,0.9,35.0
ORD_011144,4.64,20,1,Clear,Medium,Morning,Scooter,2.1,30.4
ORD_011145,10.94,20,6,Clear,High,Morning,Scooter,1.4,61.5
ORD_011146,5.27,15,1,Rainy,Medium,Morning,Motorcycle,1.3,38.3
ORD_011147,2.18,15,3,Clear,Medium,Afternoon,Motorcycle,1.4,19.3
ORD_011148,6.28,15,8,Foggy,Low,Evening Peak,Scooter,3.1,35.7
ORD_011149,5.23,20,2,Clear,High,Afternoon,Scooter,4.8,35.2
ORD_011150,4.54,20,1,Foggy,Medium,Morning,Scooter,5.4,35.1
ORD_011151,4.14,20,4,Rainy,Medium,Morning,Electric Bike,3.6,42.9
ORD_011152,8.48,20,1,Clear,High,Evening Peak,Motorcycle,1.4,47.6
ORD_011153,5.14,25,2,Clear,Medium,Morning,Electric Bike,0.9,39.7
ORD_011154,4.96,20,3,Windy,High,Evening Peak,Motorcycle,3.2,38.4
ORD_011155,9.6,10,3,Heavy Storm,High,Morning,Motorcycle,4.7,56.0
ORD_011156,7.94,15,3,Foggy,Medium,Morning,Motorcycle,3.9,41.0
ORD_011157,6.3,15,2,Foggy,Jam,Late Night,Motorcycle,3.7,44.5
ORD_011158,3.41,20,2,Windy,Low,Evening Peak,Motorcycle,0.8,32.7
ORD_011159,4.29,10,2,Clear,Medium,Late Night,Scooter,2.8,23.0
ORD_011160,4.86,25,3,Windy,Low,Morning,Motorcycle,3.5,36.8
ORD_011161,2.33,10,3,Clear,Medium,Morning,Scooter,3.8,19.0
ORD_011162,3.83,15,1,Clear,Jam,Morning,Motorcycle,0.5,31.6
ORD_011163,5.25,25,1,Windy,Medium,Late Night,Motorcycle,1.6,42.7
ORD_011164,7.06,10,1,Rainy,Medium,Evening Peak,Motorcycle,5.7,32.8
ORD_011165,6.89,20,3,Rainy,High,Afternoon,Motorcycle,3.3,46.9
ORD_011166,1.87,30,1,Clear,Low,Afternoon,Scooter,4.4,32.3
ORD_011167,4.15,20,2,Windy,Medium,Evening Peak,Electric Bike,2.2,40.4
ORD_011168,3.18,20,3,Foggy,Medium,Evening Peak,Motorcycle,3.7,30.9
ORD_011169,1.69,25,3,Clear,Medium,Afternoon,Motorcycle,2.5,30.0
ORD_011170,4.73,15,2,Clear,Medium,Evening Peak,Scooter,2.1,29.1
ORD_011171,3.81,20,5,Clear,Low,Afternoon,Electric Bike,2.8,31.1
ORD_011172,5.15,15,2,Clear,Medium,Evening Peak,Motorcycle,3.0,26.4
ORD_011173,6.93,15,1,Windy,Medium,Late Night,Motorcycle,2.3,34.8
ORD_011174,6.26,15,1,Clear,Medium,Morning,Motorcycle,1.9,31.8
ORD_011175,13.43,20,2,Clear,Medium,Afternoon,Motorcycle,3.9,53.3
ORD_011176,5.59,25,3,Clear,Jam,Morning,Motorcycle,2.6,54.5
ORD_011177,10.71,25,3,Clear,Jam,Morning,Scooter,1.6,80.8
ORD_011178,2.71,15,1,Clear,High,Late Night,Motorcycle,4.7,19.6
ORD_011179,6.21,15,1,Clear,Low,Evening Peak,Motorcycle,4.5,28.5
ORD_011180,3.38,20,4,Foggy,High,Late Night,Motorcycle,5.4,36.6
ORD_011181,4.42,25,2,Clear,Medium,Late Night,Scooter,3.6,41.6
ORD_011182,8.05,15,1,Clear,Jam,Late Night,Scooter,2.0,55.0
ORD_011183,4.4,15,3,Windy,Medium,Late Night,Motorcycle,5.3,27.4
ORD_011184,8.9,20,3,Rainy,Low,Late Night,Scooter,2.0,50.5
ORD_011185,3.44,15,3,Windy,Medium,Evening Peak,Electric Bike,4.1,30.1
ORD_011186,2.66,20,2,Rainy,Medium,Evening Peak,Scooter,1.5,34.8
ORD_011187,5.79,20,4,Heavy Storm,Medium,Late Night,Electric Bike,4.0,55.2
ORD_011188,5.94,10,1,Rainy,High,Late Night,Scooter,5.1,36.1
ORD_011189,4.24,15,1,Heavy Storm,Medium,Late Night,Motorcycle,3.5,39.4
ORD_011190,7.22,30,2,Foggy,Low,Evening Peak,Motorcycle,3.1,48.6
ORD_011191,1.56,15,4,Rainy,Medium,Late Night,Scooter,6.0,21.6
ORD_011192,2.89,10,4,Clear,Medium,Evening Peak,Motorcycle,0.6,20.9
ORD_011193,6.48,20,5,Clear,Low,Evening Peak,Motorcycle,2.3,38.8
ORD_011194,4.5,20,3,Heavy Storm,Medium,Evening Peak,Motorcycle,5.6,43.2
ORD_011195,3.53,20,3,Clear,Low,Evening Peak,Motorcycle,4.0,27.4
ORD_011196,5.54,20,3,Heavy Storm,High,Evening Peak,Electric Bike,3.5,59.1
ORD_011197,8.53,30,1,Clear,Jam,Evening Peak,Scooter,4.0,72.2
ORD_011198,6.22,10,1,Clear,Medium,Afternoon,Motorcycle,2.3,27.9
ORD_011199,7.76,20,5,Foggy,Medium,Evening Peak,Motorcycle,0.9,50.1
ORD_011200,6.4,20,4,Clear,High,Afternoon,Motorcycle,2.0,41.7
ORD_011201,9.77,10,2,Foggy,Low,Evening Peak,Scooter,2.4,38.2
ORD_011202,3.83,15,3,Clear,Low,Late Night,Scooter,3.1,28.3
ORD_011203,8.84,25,2,Heavy Storm,High,Evening Peak,Scooter,2.7,70.6
ORD_011204,1.94,15,1,Windy,High,Afternoon,Motorcycle,3.4,22.0
ORD_011205,2.51,25,1,Clear,Medium,Evening Peak,Electric Bike,1.6,33.7
ORD_011206,7.13,20,2,Clear,Jam,Afternoon,Scooter,1.5,58.7
ORD_011207,2.43,25,3,Windy,Medium,Afternoon,Scooter,2.4,33.7
ORD_011208,4.25,25,4,Heavy Storm,Medium,Afternoon,Scooter,3.1,58.6
ORD_011209,9.69,20,3,Clear,Jam,Morning,Motorcycle,2.4,66.0
ORD_011210,2.69,20,3,Clear,High,Evening Peak,Scooter,3.7,29.8
ORD_011211,8.15,20,8,Rainy,Low,Afternoon,Motorcycle,2.2,52.4
ORD_011212,4.13,20,1,Heavy Storm,Medium,Morning,Scooter,1.5,43.2
ORD_011213,2.56,20,2,Foggy,High,Evening Peak,Motorcycle,5.2,28.2
ORD_011214,5.11,15,5,Foggy,Low,Evening Peak,Electric Bike,1.6,36.3
ORD_011215,9.33,25,2,Clear,High,Late Night,Electric Bike,5.8,66.2
ORD_011216,2.39,15,2,Clear,Medium,Evening Peak,Motorcycle,5.9,18.9
ORD_011217,2.32,20,2,Rainy,Low,Afternoon,Scooter,4.3,33.1
ORD_011218,7.0,15,3,Clear,Medium,Evening Peak,Motorcycle,3.3,32.1
ORD_011219,3.72,20,3,Clear,Medium,Late Night,Motorcycle,4.9,30.5
ORD_011220,13.53,35,2,Clear,Medium,Late Night,Motorcycle,5.3,69.8
ORD_011221,5.94,25,1,Clear,Medium,Afternoon,Scooter,4.4,42.8
ORD_011222,8.51,20,6,Rainy,High,Evening Peak,Electric Bike,1.1,71.3
ORD_011223,5.83,20,2,Clear,Medium,Morning,Motorcycle,0.5,34.8
ORD_011224,2.42,15,5,Windy,Jam,Afternoon,Motorcycle,1.6,33.1
ORD_011225,3.01,15,2,Windy,High,Afternoon,Motorcycle,1.5,27.7
ORD_011226,3.25,15,8,Rainy,High,Afternoon,Motorcycle,1.5,36.0
ORD_011227,6.62,15,2,Clear,Low,Late Night,Scooter,3.3,33.2
ORD_011228,5.01,30,3,Clear,Medium,Late Night,Scooter,3.4,41.5
ORD_011229,1.75,15,4,Windy,Medium,Evening Peak,Motorcycle,4.5,18.1
ORD_011230,7.33,20,2,Foggy,Low,Afternoon,Scooter,1.6,42.3
ORD_011231,14.97,30,1,Clear,Medium,Morning,Scooter,1.0,74.1
ORD_011232,2.66,20,1,Clear,High,Afternoon,Motorcycle,4.2,30.4
ORD_011233,2.89,15,2,Clear,Low,Morning,Motorcycle,3.2,21.5
ORD_011234,3.46,15,1,Clear,Medium,Afternoon,Electric Bike,4.2,25.3
ORD_011235,4.68,15,4,Foggy,Jam,Evening Peak,Scooter,2.6,43.5
ORD_011236,2.78,20,3,Clear,Medium,Morning,Scooter,4.6,30.5
ORD_011237,9.62,15,3,Clear,Medium,Late Night,Motorcycle,4.3,40.7
ORD_011238,11.66,20,3,Clear,Medium,Evening Peak,Scooter,4.1,55.6
ORD_011239,5.39,25,3,Heavy Storm,Medium,Afternoon,Motorcycle,0.7,56.2
ORD_011240,4.86,15,1,Rainy,Low,Evening Peak,Motorcycle,5.2,33.7
ORD_011241,1.86,10,3,Clear,Low,Morning,Electric Bike,2.6,17.0
ORD_011242,2.53,20,2,Clear,High,Evening Peak,Motorcycle,1.2,28.6
ORD_011243,1.45,15,1,Windy,Medium,Evening Peak,Scooter,4.7,18.7
ORD_011244,3.55,20,3,Clear,Medium,Afternoon,Motorcycle,3.2,29.5
ORD_011245,3.93,20,2,Windy,Jam,Afternoon,Motorcycle,0.7,41.5
ORD_011246,6.95,15,2,Windy,Medium,Evening Peak,Scooter,4.8,34.8
ORD_011247,5.42,30,3,Clear,Low,Afternoon,Scooter,2.9,43.0
ORD_011248,3.14,15,1,Clear,Medium,Evening Peak,Scooter,4.7,26.7
ORD_011249,7.16,15,2,Clear,High,Evening Peak,Electric Bike,4.7,45.4
ORD_011250,16.36,25,2,Heavy Storm,High,Late Night,Scooter,1.0,95.0
ORD_011251,7.37,10,1,Foggy,Low,Afternoon,Scooter,3.9,33.1
ORD_011252,3.74,10,1,Rainy,Medium,Morning,Motorcycle,2.5,26.1
ORD_011253,5.75,30,2,Clear,Medium,Late Night,Scooter,3.5,47.9
ORD_011254,2.74,15,1,Clear,Medium,Morning,Scooter,1.0,28.0
ORD_011255,2.58,10,3,Foggy,High,Afternoon,Scooter,3.7,23.1
ORD_011256,12.17,20,2,Clear,Medium,Afternoon,Scooter,4.8,55.8
ORD_011257,5.8,10,4,Foggy,High,Afternoon,Motorcycle,5.9,30.8
ORD_011258,8.67,20,3,Windy,Medium,Morning,Motorcycle,2.3,45.4
ORD_011259,4.31,15,6,Heavy Storm,High,Evening Peak,Motorcycle,1.4,46.5
ORD_011260,2.57,20,1,Clear,Low,Evening Peak,Scooter,2.5,21.2
ORD_011261,2.31,15,2,Windy,Low,Afternoon,Electric Bike,0.6,27.2
ORD_011262,2.97,30,1,Rainy,Jam,Evening Peak,Motorcycle,2.7,50.7
ORD_011263,6.24,15,2,Foggy,Low,Morning,Motorcycle,5.5,31.1
ORD_011264,2.06,20,1,Clear,High,Late Night,Electric Bike,1.6,30.7
ORD_011265,5.13,30,1,Clear,Jam,Evening Peak,Motorcycle,3.1,47.9
ORD_011266,6.7,15,4,Heavy Storm,High,Evening Peak,Motorcycle,3.6,53.4
ORD_011267,2.52,15,2,Clear,Jam,Afternoon,Scooter,1.5,25.4
ORD_011268,16.31,10,3,Heavy Storm,Jam,Late Night,Motorcycle,2.3,95.0
ORD_011269,8.08,30,1,Clear,Medium,Evening Peak,Scooter,5.5,53.1
ORD_011270,4.67,25,3,Rainy,Medium,Morning,Motorcycle,2.1,42.5
ORD_011271,3.26,30,4,Windy,Low,Morning,Electric Bike,4.0,42.7
ORD_011272,5.92,20,4,Rainy,Low,Afternoon,Motorcycle,1.3,46.1
ORD_011273,5.81,15,2,Clear,High,Evening Peak,Electric Bike,4.2,40.2
ORD_011274,5.2,10,5,Rainy,Medium,Afternoon,Scooter,2.0,36.8
ORD_011275,6.04,30,2,Clear,Medium,Morning,Scooter,1.8,44.1
ORD_011276,2.82,15,2,Clear,Medium,Afternoon,Motorcycle,1.2,26.5
ORD_011277,7.35,15,3,Rainy,Low,Afternoon,Electric Bike,0.8,45.2
ORD_011278,2.22,20,3,Clear,Low,Late Night,Scooter,5.8,23.0
ORD_011279,1.51,10,1,Foggy,High,Afternoon,Motorcycle,2.8,16.8
ORD_011280,6.9,15,3,Clear,High,Afternoon,Motorcycle,4.8,32.9
ORD_011281,6.15,20,3,Clear,Medium,Afternoon,Motorcycle,5.6,35.5
ORD_011282,4.94,10,2,Windy,Medium,Morning,Motorcycle,1.6,22.4
ORD_011283,3.46,10,4,Clear,Low,Evening Peak,Motorcycle,5.3,13.6
ORD_011284,3.82,20,2,Clear,Medium,Late Night,Motorcycle,4.4,27.1
ORD_011285,2.77,20,1,Clear,Low,Afternoon,Motorcycle,3.7,25.3
ORD_011286,5.76,15,3,Clear,Medium,Late Night,Scooter,4.9,28.0
ORD_011287,1.39,10,2,Clear,Low,Morning,Motorcycle,1.1,12.0
ORD_011288,1.7,30,2,Windy,Medium,Evening Peak,Electric Bike,1.9,41.6
ORD_011289,2.84,10,3,Foggy,Medium,Morning,Motorcycle,1.2,22.8
ORD_011290,5.37,10,2,Clear,Medium,Late Night,Electric Bike,5.4,30.2
ORD_011291,4.72,15,6,Windy,Medium,Evening Peak,Scooter,1.0,34.8
ORD_011292,10.02,15,5,Windy,Low,Late Night,Motorcycle,5.9,39.9
ORD_011293,4.25,20,2,Clear,Medium,Evening Peak,Motorcycle,1.1,33.0
ORD_011294,7.68,25,1,Rainy,High,Evening Peak,Electric Bike,4.1,67.0
ORD_011295,5.22,15,1,Clear,Jam,Evening Peak,Motorcycle,4.1,39.4
ORD_011296,1.49,25,3,Clear,Medium,Evening Peak,Scooter,5.6,25.5
ORD_011297,2.57,30,3,Clear,Jam,Evening Peak,Electric Bike,2.3,48.7
ORD_011298,2.77,15,2,Windy,Medium,Evening Peak,Motorcycle,2.3,25.1
ORD_011299,3.15,15,3,Clear,Medium,Afternoon,Motorcycle,5.2,19.6
ORD_011300,4.01,20,3,Clear,High,Evening Peak,Motorcycle,5.9,31.5
ORD_011301,8.79,15,2,Clear,Medium,Late Night,Motorcycle,0.7,38.8
ORD_011302,4.43,20,6,Clear,Low,Late Night,Scooter,4.0,30.7
ORD_011303,3.37,20,2,Windy,Medium,Afternoon,Motorcycle,1.8,31.8
ORD_011304,7.97,15,1,Foggy,High,Afternoon,Motorcycle,4.5,44.7
ORD_011305,7.93,10,4,Clear,Jam,Late Night,Scooter,4.7,54.8
ORD_011306,1.28,10,2,Clear,Low,Afternoon,Electric Bike,4.7,12.4
ORD_011307,4.7,15,1,Windy,High,Morning,Scooter,2.9,30.9
ORD_011308,9.43,10,3,Heavy Storm,Low,Evening Peak,Motorcycle,1.4,46.7
ORD_011309,4.29,25,3,Windy,High,Afternoon,Motorcycle,3.7,44.9
ORD_011310,2.64,15,3,Foggy,High,Evening Peak,Scooter,4.8,25.1
ORD_011311,7.64,20,3,Windy,High,Morning,Motorcycle,5.5,44.5
ORD_011312,2.43,15,2,Clear,High,Afternoon,Scooter,3.0,21.5
ORD_011313,5.26,25,8,Rainy,Medium,Evening Peak,Electric Bike,1.9,51.1
ORD_011314,4.27,25,2,Clear,Low,Afternoon,Motorcycle,1.2,36.1
ORD_011315,1.85,25,2,Foggy,Jam,Late Night,Scooter,4.9,35.1
ORD_011316,8.54,15,1,Heavy Storm,Low,Evening Peak,Scooter,3.4,48.0
ORD_011317,6.01,10,3,Clear,Low,Morning,Scooter,4.2,25.9
ORD_011318,10.24,15,2,Clear,Medium,Late Night,Scooter,1.4,43.7
ORD_011319,4.71,15,5,Windy,Medium,Afternoon,Motorcycle,0.5,31.4
ORD_011320,2.75,30,2,Foggy,Low,Afternoon,Motorcycle,5.8,36.2
ORD_011321,1.94,20,3,Rainy,High,Late Night,Motorcycle,5.0,27.7
ORD_011322,8.02,20,3,Windy,Low,Late Night,Motorcycle,2.7,38.4
ORD_011323,2.6,25,3,Clear,High,Evening Peak,Scooter,3.0,31.1
ORD_011324,16.26,20,3,Clear,Medium,Morning,Scooter,5.6,67.9
ORD_011325,12.46,20,1,Foggy,High,Morning,Motorcycle,1.6,66.5
ORD_011326,4.97,15,4,Foggy,Medium,Morning,Motorcycle,4.9,28.9
ORD_011327,4.09,10,1,Clear,High,Evening Peak,Scooter,0.6,29.2
ORD_011328,3.13,20,1,Windy,Medium,Evening Peak,Electric Bike,5.3,33.6
ORD_011329,3.35,25,4,Heavy Storm,Medium,Afternoon,Electric Bike,3.7,51.9
ORD_011330,14.58,15,1,Foggy,Medium,Morning,Scooter,3.1,59.1
ORD_011331,3.74,20,1,Clear,Medium,Afternoon,Motorcycle,4.4,27.7
ORD_011332,6.26,15,2,Clear,Low,Late Night,Electric Bike,0.9,38.7
ORD_011333,6.52,15,2,Clear,Medium,Evening Peak,Electric Bike,1.6,40.7
ORD_011334,8.28,15,4,Foggy,Low,Evening Peak,Electric Bike,2.7,42.7
ORD_011335,5.97,25,5,Windy,Low,Evening Peak,Scooter,3.9,40.7
ORD_011336,4.74,15,2,Clear,High,Late Night,Electric Bike,1.3,34.7
ORD_011337,2.97,20,3,Foggy,Medium,Late Night,Scooter,2.6,29.9
ORD_011338,6.43,10,5,Rainy,Medium,Late Night,Scooter,1.9,39.7
ORD_011339,5.69,20,3,Clear,Medium,Evening Peak,Electric Bike,4.1,38.5
ORD_011340,3.7,15,3,Clear,Low,Afternoon,Motorcycle,5.6,22.9
ORD_011341,6.12,15,2,Foggy,Low,Evening Peak,Scooter,1.4,37.2
ORD_011342,4.51,15,2,Windy,Medium,Evening Peak,Motorcycle,1.5,35.7
ORD_011343,5.69,15,4,Foggy,Medium,Evening Peak,Motorcycle,3.8,35.0
ORD_011344,7.14,15,2,Windy,Medium,Afternoon,Scooter,3.0,31.4
ORD_011345,5.23,25,1,Clear,High,Evening Peak,Motorcycle,4.4,42.9
ORD_011346,7.52,15,1,Heavy Storm,Low,Morning,Scooter,2.1,46.6
ORD_011347,5.18,20,3,Foggy,Jam,Afternoon,Scooter,3.5,49.1
ORD_011348,8.28,20,1,Clear,High,Afternoon,Scooter,2.6,50.1
ORD_011349,3.98,20,1,Rainy,Jam,Evening Peak,Electric Bike,2.0,49.8
ORD_011350,2.65,20,4,Heavy Storm,Medium,Afternoon,Motorcycle,4.5,43.8
ORD_011351,5.53,25,5,Clear,High,Afternoon,Motorcycle,4.9,43.9
ORD_011352,11.49,25,8,Rainy,Jam,Evening Peak,Scooter,2.3,95.0
ORD_011353,7.82,15,2,Clear,Medium,Late Night,Electric Bike,3.9,43.1
ORD_011354,11.41,20,5,Clear,High,Evening Peak,Scooter,1.5,66.5
ORD_011355,3.68,10,1,Clear,Jam,Morning,Electric Bike,4.9,30.8
ORD_011356,4.73,10,8,Clear,Medium,Evening Peak,Electric Bike,2.0,30.6
ORD_011357,2.73,15,1,Windy,Medium,Evening Peak,Motorcycle,1.4,25.9
ORD_011358,2.31,30,2,Foggy,Medium,Evening Peak,Motorcycle,5.7,42.1
ORD_011359,10.53,20,3,Rainy,Medium,Afternoon,Scooter,2.8,59.0
ORD_011360,9.93,20,3,Clear,Medium,Afternoon,Electric Bike,4.0,61.2
ORD_011361,6.78,15,2,Windy,Medium,Evening Peak,Motorcycle,5.0,36.7
ORD_011362,3.71,15,1,Windy,Medium,Evening Peak,Electric Bike,4.3,29.6
ORD_011363,7.25,15,6,Clear,Medium,Morning,Motorcycle,3.6,39.9
ORD_011364,9.47,25,4,Windy,Medium,Evening Peak,Motorcycle,2.5,52.0
ORD_011365,12.22,10,1,Clear,High,Evening Peak,Motorcycle,5.6,52.3
ORD_011366,2.04,20,3,Windy,Medium,Morning,Motorcycle,1.2,27.5
ORD_011367,4.02,30,1,Rainy,Medium,Morning,Motorcycle,5.4,38.3
ORD_011368,3.8,25,6,Rainy,Low,Morning,Motorcycle,4.4,41.9
ORD_011369,4.38,25,1,Windy,High,Afternoon,Motorcycle,3.6,41.2
ORD_011370,6.5,15,1,Clear,Medium,Evening Peak,Motorcycle,2.3,32.1
ORD_011371,1.54,30,3,Heavy Storm,Jam,Afternoon,Scooter,1.3,52.1
ORD_011372,3.66,25,1,Windy,Medium,Evening Peak,Motorcycle,2.9,35.1
ORD_011373,3.87,25,4,Foggy,Low,Evening Peak,Scooter,4.8,35.6
ORD_011374,5.15,30,2,Clear,Low,Afternoon,Motorcycle,4.6,38.2
ORD_011375,5.52,30,4,Rainy,Low,Evening Peak,Scooter,4.0,53.5
ORD_011376,4.33,15,2,Windy,Medium,Evening Peak,Motorcycle,6.0,29.0
ORD_011377,13.68,10,1,Windy,Low,Morning,Motorcycle,5.8,38.9
ORD_011378,4.56,20,2,Clear,Low,Evening Peak,Scooter,2.7,29.0
ORD_011379,6.47,20,3,Foggy,Low,Evening Peak,Scooter,1.6,39.5
ORD_011380,7.12,15,2,Clear,High,Afternoon,Electric Bike,3.1,48.1
ORD_011381,2.9,20,5,Clear,High,Evening Peak,Motorcycle,5.1,29.2
ORD_011382,2.99,10,3,Clear,Low,Morning,Motorcycle,3.0,17.3
ORD_011383,7.19,10,1,Clear,Jam,Evening Peak,Motorcycle,2.3,42.9
ORD_011384,10.0,15,1,Clear,Low,Morning,Motorcycle,4.6,35.5
ORD_011385,12.18,15,2,Foggy,Low,Morning,Scooter,4.1,46.8
ORD_011386,2.95,20,3,Rainy,Low,Afternoon,Scooter,5.8,29.0
ORD_011387,8.52,30,4,Clear,Low,Morning,Motorcycle,3.5,49.7
ORD_011388,4.93,20,4,Rainy,Medium,Morning,Motorcycle,5.8,38.9
ORD_011389,9.92,20,1,Clear,Low,Late Night,Scooter,2.1,41.2
ORD_011390,6.07,10,4,Heavy Storm,Medium,Late Night,Scooter,5.3,41.6
ORD_011391,6.81,20,2,Clear,Medium,Evening Peak,Scooter,2.4,43.1
ORD_011392,10.92,25,5,Clear,Low,Evening Peak,Motorcycle,5.0,48.3
ORD_011393,11.55,20,2,Rainy,High,Afternoon,Motorcycle,5.6,62.8
ORD_011394,5.38,15,1,Clear,Low,Evening Peak,Motorcycle,3.9,24.8
ORD_011395,1.91,25,8,Clear,High,Evening Peak,Motorcycle,4.5,31.7
ORD_011396,3.28,30,2,Clear,Medium,Evening Peak,Motorcycle,5.8,38.1
ORD_011397,14.82,15,2,Rainy,Jam,Evening Peak,Scooter,2.6,95.0
ORD_011398,7.0,15,2,Clear,Jam,Afternoon,Scooter,3.3,48.8
ORD_011399,2.96,15,1,Windy,High,Afternoon,Electric Bike,5.4,28.1
ORD_011400,3.56,10,4,Clear,High,Evening Peak,Scooter,4.2,20.7
ORD_011401,9.07,25,2,Clear,High,Afternoon,Motorcycle,5.3,51.4
ORD_011402,13.49,30,2,Clear,Medium,Evening Peak,Scooter,3.9,68.3
ORD_011403,5.1,20,2,Rainy,High,Morning,Scooter,4.6,41.6
ORD_011404,9.93,25,6,Clear,Medium,Evening Peak,Motorcycle,0.6,57.9
ORD_011405,8.45,20,2,Clear,High,Evening Peak,Scooter,2.4,53.3
ORD_011406,6.12,15,3,Clear,Jam,Afternoon,Scooter,4.7,46.1
ORD_011407,7.52,20,1,Foggy,High,Evening Peak,Scooter,2.7,48.4
ORD_011408,5.97,25,3,Clear,Jam,Afternoon,Motorcycle,2.5,50.0
ORD_011409,10.13,25,1,Windy,Medium,Afternoon,Motorcycle,5.7,49.8
ORD_011410,7.76,10,3,Clear,Jam,Afternoon,Electric Bike,3.5,58.2
ORD_011411,2.04,15,5,Foggy,Low,Late Night,Motorcycle,1.6,28.3
ORD_011412,4.53,15,2,Clear,Low,Evening Peak,Scooter,3.1,28.8
ORD_011413,2.93,25,2,Clear,Low,Evening Peak,Motorcycle,3.4,31.5
ORD_011414,5.44,20,4,Foggy,Low,Evening Peak,Electric Bike,5.9,37.8
ORD_011415,4.39,15,3,Foggy,High,Evening Peak,Motorcycle,4.5,35.7
ORD_011416,3.51,20,3,Windy,Medium,Evening Peak,Electric Bike,3.4,33.2
ORD_011417,2.44,15,4,Clear,Low,Evening Peak,Motorcycle,2.9,19.4
ORD_011418,1.47,15,2,Clear,High,Morning,Scooter,5.5,17.6
ORD_011419,10.04,25,6,Rainy,Low,Evening Peak,Motorcycle,4.1,57.0
ORD_011420,10.03,10,4,Clear,Low,Afternoon,Scooter,2.5,35.9
ORD_011421,2.39,10,1,Clear,Medium,Morning,Electric Bike,3.1,19.2
ORD_011422,6.06,10,1,Rainy,Low,Late Night,Motorcycle,2.0,23.8
ORD_011423,1.77,15,5,Windy,Medium,Evening Peak,Motorcycle,5.8,21.7
ORD_011424,3.17,20,2,Clear,High,Evening Peak,Motorcycle,4.4,27.8
ORD_011425,4.22,20,3,Foggy,Medium,Evening Peak,Scooter,2.7,39.5
ORD_011426,3.37,15,3,Heavy Storm,Low,Evening Peak,Scooter,1.5,40.9
ORD_011427,6.99,15,3,Clear,Medium,Evening Peak,Scooter,1.5,39.6
ORD_011428,1.13,10,3,Clear,Medium,Late Night,Electric Bike,3.1,15.9
ORD_011429,3.1,15,2,Clear,Medium,Late Night,Motorcycle,3.1,18.9
ORD_011430,8.13,20,3,Clear,Low,Evening Peak,Motorcycle,2.8,39.9
ORD_011431,1.7,15,2,Windy,High,Afternoon,Motorcycle,5.2,24.0
ORD_011432,3.31,15,2,Clear,Low,Evening Peak,Motorcycle,5.9,17.4
ORD_011433,8.75,10,2,Clear,Jam,Evening Peak,Motorcycle,2.5,47.3
ORD_011434,14.33,10,3,Clear,Low,Evening Peak,Electric Bike,2.1,53.1
ORD_011435,10.03,10,4,Clear,High,Afternoon,Motorcycle,4.7,43.0
ORD_011436,4.16,20,3,Clear,Low,Evening Peak,Motorcycle,3.0,32.2
ORD_011437,14.27,15,2,Clear,Medium,Late Night,Motorcycle,1.7,55.5
ORD_011438,8.27,10,1,Windy,Low,Morning,Motorcycle,1.5,31.0
ORD_011439,2.42,20,1,Clear,Low,Morning,Motorcycle,2.0,26.7
ORD_011440,1.82,20,1,Clear,High,Late Night,Motorcycle,0.5,26.1
ORD_011441,7.88,15,1,Clear,Medium,Evening Peak,Scooter,5.7,31.8
ORD_011442,4.62,10,1,Heavy Storm,Medium,Afternoon,Scooter,2.9,38.7
ORD_011443,2.37,25,5,Clear,Jam,Morning,Motorcycle,1.0,39.2
ORD_011444,4.48,20,1,Clear,Low,Late Night,Scooter,1.4,32.6
ORD_011445,9.14,15,1,Clear,Medium,Evening Peak,Motorcycle,2.3,41.7
ORD_011446,3.4,15,3,Heavy Storm,Low,Evening Peak,Motorcycle,3.5,32.0
ORD_011447,3.34,15,2,Clear,Jam,Evening Peak,Motorcycle,4.4,29.7
ORD_011448,4.45,25,4,Windy,Medium,Evening Peak,Electric Bike,2.2,44.3
ORD_011449,4.81,20,2,Clear,High,Evening Peak,Scooter,5.8,39.7
ORD_011450,3.98,10,2,Clear,Low,Late Night,Scooter,4.7,18.2
ORD_011451,7.05,15,1,Clear,Medium,Afternoon,Scooter,5.0,33.7
ORD_011452,7.5,30,3,Windy,Medium,Evening Peak,Motorcycle,2.3,52.7
ORD_011453,4.72,15,3,Windy,Low,Evening Peak,Motorcycle,2.6,32.2
ORD_011454,3.27,15,4,Foggy,Medium,Afternoon,Electric Bike,3.5,32.7
ORD_011455,3.67,20,2,Rainy,Jam,Evening Peak,Motorcycle,3.0,44.4
ORD_011456,10.59,15,2,Clear,Jam,Afternoon,Scooter,1.9,71.9
ORD_011457,14.14,20,6,Clear,Medium,Morning,Motorcycle,6.0,59.6
ORD_011458,2.15,20,2,Foggy,Medium,Morning,Motorcycle,5.2,28.6
ORD_011459,2.49,25,2,Clear,Low,Morning,Scooter,1.8,33.6
ORD_011460,3.62,20,3,Rainy,Jam,Evening Peak,Motorcycle,5.4,42.9
ORD_011461,10.74,15,1,Rainy,Medium,Morning,Motorcycle,3.7,51.0
ORD_011462,3.98,25,2,Clear,Low,Evening Peak,Motorcycle,0.6,30.8
ORD_011463,7.03,25,2,Windy,High,Evening Peak,Scooter,2.4,57.7
ORD_011464,4.48,15,4,Clear,Medium,Evening Peak,Scooter,0.6,29.5
ORD_011465,3.67,10,3,Clear,Medium,Evening Peak,Electric Bike,1.0,24.0
ORD_011466,4.32,25,2,Rainy,High,Evening Peak,Scooter,1.5,47.1
ORD_011467,2.38,15,2,Clear,Medium,Evening Peak,Scooter,3.2,18.9
ORD_011468,7.52,10,5,Clear,Medium,Evening Peak,Motorcycle,2.6,34.9
ORD_011469,3.24,15,4,Clear,Low,Afternoon,Motorcycle,1.3,23.6
ORD_011470,3.46,15,1,Clear,Low,Late Night,Motorcycle,2.7,18.6
ORD_011471,3.0,25,2,Clear,Low,Late Night,Electric Bike,2.2,32.7
ORD_011472,11.63,15,2,Windy,Medium,Evening Peak,Scooter,2.8,50.2
ORD_011473,3.81,10,2,Windy,Medium,Late Night,Motorcycle,1.4,25.6
ORD_011474,5.66,20,1,Foggy,High,Morning,Motorcycle,3.9,38.5
ORD_011475,1.41,20,2,Clear,High,Morning,Motorcycle,0.7,24.9
ORD_011476,1.1,25,3,Clear,High,Late Night,Motorcycle,2.6,31.1
ORD_011477,2.42,15,6,Clear,Low,Morning,Motorcycle,5.4,18.6
ORD_011478,8.75,10,6,Rainy,Medium,Evening Peak,Motorcycle,2.8,40.6
ORD_011479,5.45,20,4,Clear,High,Afternoon,Electric Bike,2.9,51.6
ORD_011480,12.32,10,3,Clear,Medium,Evening Peak,Motorcycle,0.9,43.9
ORD_011481,9.52,10,1,Clear,Medium,Afternoon,Motorcycle,3.8,39.1
ORD_011482,3.05,25,1,Clear,High,Morning,Scooter,5.7,32.8
ORD_011483,4.49,15,1,Foggy,Medium,Evening Peak,Scooter,2.1,32.4
ORD_011484,10.41,20,1,Clear,Low,Afternoon,Motorcycle,2.7,46.6
ORD_011485,4.23,20,2,Windy,Medium,Afternoon,Electric Bike,3.7,35.8
ORD_011486,7.36,15,1,Heavy Storm,Medium,Evening Peak,Scooter,1.0,49.0
ORD_011487,2.18,10,2,Rainy,High,Evening Peak,Motorcycle,5.7,21.7
ORD_011488,6.05,15,6,Clear,Low,Evening Peak,Scooter,3.1,33.5
ORD_011489,4.92,15,3,Clear,Low,Evening Peak,Motorcycle,1.1,28.0
ORD_011490,3.07,35,3,Foggy,High,Morning,Motorcycle,2.3,50.9
ORD_011491,4.58,20,2,Heavy Storm,Medium,Afternoon,Motorcycle,2.6,46.0
ORD_011492,5.98,15,8,Foggy,High,Evening Peak,Motorcycle,2.4,49.5
ORD_011493,8.57,10,1,Clear,Medium,Afternoon,Electric Bike,4.3,43.8
ORD_011494,11.78,10,6,Clear,Medium,Evening Peak,Motorcycle,2.4,43.0
ORD_011495,7.92,25,2,Clear,Medium,Evening Peak,Electric Bike,2.3,55.8
ORD_011496,9.83,30,5,Clear,High,Afternoon,Electric Bike,2.3,78.9
ORD_011497,2.82,10,3,Clear,Medium,Afternoon,Motorcycle,4.8,15.8
ORD_011498,2.55,30,2,Windy,Medium,Morning,Motorcycle,2.2,42.6
ORD_011499,6.84,15,3,Clear,Low,Late Night,Electric Bike,0.6,40.2
ORD_011500,2.26,15,1,Clear,Low,Late Night,Motorcycle,2.5,20.3
ORD_011501,4.33,10,4,Clear,Low,Evening Peak,Motorcycle,2.0,21.4
ORD_011502,7.82,25,1,Clear,Low,Evening Peak,Motorcycle,5.5,38.5
ORD_011503,10.77,15,1,Clear,Medium,Late Night,Electric Bike,3.1,52.1
ORD_011504,6.15,25,2,Rainy,High,Evening Peak,Motorcycle,1.8,54.1
ORD_011505,2.68,15,1,Foggy,Medium,Morning,Scooter,5.9,23.0
ORD_011506,5.05,20,4,Clear,Medium,Afternoon,Electric Bike,1.9,42.0
ORD_011507,5.4,10,2,Foggy,Low,Morning,Electric Bike,4.7,26.6
ORD_011508,3.29,10,3,Clear,Jam,Evening Peak,Motorcycle,4.1,19.0
ORD_011509,1.9,10,1,Foggy,High,Afternoon,Scooter,3.0,17.9
ORD_011510,7.93,25,1,Clear,Medium,Evening Peak,Scooter,2.7,43.1
ORD_011511,4.41,20,8,Clear,Low,Late Night,Scooter,5.3,37.0
ORD_011512,7.3,15,1,Clear,High,Late Night,Motorcycle,3.1,43.6
ORD_011513,5.81,15,4,Clear,Low,Evening Peak,Scooter,2.6,28.0
ORD_011514,4.42,25,3,Clear,High,Afternoon,Motorcycle,2.4,37.0
ORD_011515,4.06,15,4,Foggy,Medium,Afternoon,Scooter,2.0,30.2
ORD_011516,4.83,30,3,Clear,High,Late Night,Scooter,2.7,48.0
ORD_011517,6.81,30,2,Clear,Medium,Afternoon,Motorcycle,1.2,51.6
ORD_011518,1.25,20,2,Foggy,Low,Morning,Electric Bike,0.9,26.2
ORD_011519,6.71,20,2,Windy,Low,Evening Peak,Motorcycle,3.5,36.7
ORD_011520,6.41,20,1,Clear,Low,Evening Peak,Scooter,3.0,34.1
ORD_011521,7.88,15,3,Clear,Medium,Late Night,Motorcycle,1.5,40.5
ORD_011522,11.1,15,1,Rainy,High,Evening Peak,Electric Bike,1.1,75.5
ORD_011523,3.34,10,2,Windy,Low,Morning,Scooter,1.3,22.3
ORD_011524,2.07,30,3,Foggy,Medium,Evening Peak,Electric Bike,2.2,41.7
ORD_011525,5.61,20,4,Clear,Medium,Morning,Scooter,3.0,37.8
ORD_011526,5.36,10,2,Clear,Low,Morning,Electric Bike,1.6,27.2
ORD_011527,4.12,20,3,Clear,High,Evening Peak,Motorcycle,4.7,34.9
ORD_011528,6.53,15,3,Clear,Low,Afternoon,Scooter,1.6,31.3
ORD_011529,3.48,25,2,Foggy,High,Afternoon,Motorcycle,1.2,41.9
ORD_011530,4.43,15,1,Windy,Medium,Evening Peak,Scooter,6.0,28.1
ORD_011531,6.7,20,2,Foggy,Medium,Evening Peak,Electric Bike,3.0,49.0
ORD_011532,4.17,15,1,Windy,Medium,Evening Peak,Motorcycle,1.4,25.8
ORD_011533,5.37,20,3,Windy,Medium,Evening Peak,Scooter,5.4,40.9
ORD_011534,4.18,15,4,Windy,Medium,Afternoon,Scooter,1.8,31.1
ORD_011535,2.71,15,6,Foggy,Jam,Evening Peak,Motorcycle,5.6,32.7
ORD_011536,7.82,20,3,Clear,Medium,Evening Peak,Motorcycle,1.2,39.3
ORD_011537,7.43,20,2,Windy,Low,Afternoon,Motorcycle,5.1,34.0
ORD_011538,7.3,35,5,Windy,Medium,Afternoon,Motorcycle,1.5,59.1
ORD_011539,4.64,20,5,Clear,High,Evening Peak,Electric Bike,5.7,41.5
ORD_011540,8.17,20,3,Clear,Medium,Late Night,Scooter,3.7,41.2
ORD_011541,8.37,30,3,Clear,Low,Evening Peak,Scooter,1.5,49.4
ORD_011542,10.33,25,1,Clear,Medium,Morning,Scooter,5.1,55.4
ORD_011543,4.69,20,2,Foggy,Low,Evening Peak,Motorcycle,2.6,33.7
ORD_011544,5.56,20,2,Rainy,Medium,Evening Peak,Electric Bike,4.5,48.7
ORD_011545,2.7,30,4,Clear,High,Afternoon,Scooter,4.0,38.9
ORD_011546,11.08,20,4,Rainy,Medium,Evening Peak,Electric Bike,4.4,66.3
ORD_011547,4.23,20,2,Windy,Medium,Morning,Motorcycle,2.4,30.3
ORD_011548,2.31,10,2,Rainy,High,Evening Peak,Motorcycle,5.7,18.9
ORD_011549,10.5,20,2,Clear,Medium,Evening Peak,Scooter,3.6,49.8
ORD_011550,4.59,15,4,Clear,Low,Morning,Scooter,0.9,27.9
ORD_011551,13.55,10,1,Rainy,Low,Evening Peak,Scooter,0.9,48.2
ORD_011552,5.16,25,5,Foggy,High,Morning,Motorcycle,4.6,48.0
ORD_011553,3.27,20,3,Clear,High,Evening Peak,Scooter,5.2,29.7
ORD_011554,7.98,15,2,Rainy,High,Afternoon,Motorcycle,4.3,45.6
ORD_011555,4.43,15,2,Clear,Medium,Evening Peak,Scooter,2.0,26.4
ORD_011556,7.15,15,1,Foggy,Medium,Morning,Motorcycle,1.7,38.8
ORD_011557,3.38,10,3,Windy,High,Afternoon,Motorcycle,3.6,22.6
ORD_011558,6.71,15,4,Clear,High,Evening Peak,Motorcycle,1.6,39.5
ORD_011559,4.03,10,3,Foggy,Medium,Evening Peak,Motorcycle,2.6,28.2
ORD_011560,7.69,15,1,Clear,Medium,Evening Peak,Scooter,4.0,41.3
ORD_011561,4.82,25,3,Clear,Medium,Late Night,Scooter,2.1,34.9
ORD_011562,5.56,10,4,Clear,Medium,Evening Peak,Motorcycle,2.6,27.7
ORD_011563,4.38,10,4,Rainy,Medium,Afternoon,Scooter,2.5,28.5
ORD_011564,4.94,30,3,Clear,Low,Afternoon,Motorcycle,3.0,40.6
ORD_011565,7.61,20,2,Windy,Low,Morning,Scooter,4.2,36.1
ORD_011566,2.67,10,6,Foggy,High,Morning,Motorcycle,4.8,20.8
ORD_011567,5.94,10,4,Foggy,Medium,Evening Peak,Motorcycle,4.2,27.5
ORD_011568,17.54,20,4,Windy,Jam,Late Night,Motorcycle,0.6,95.0
ORD_011569,9.67,15,4,Rainy,Medium,Afternoon,Motorcycle,5.4,42.8
ORD_011570,4.64,20,3,Clear,Medium,Evening Peak,Motorcycle,3.7,30.5
ORD_011571,5.38,15,2,Rainy,Medium,Afternoon,Scooter,5.6,34.4
ORD_011572,3.88,30,2,Windy,Medium,Morning,Scooter,5.8,42.9
ORD_011573,7.01,20,3,Foggy,High,Morning,Scooter,3.1,47.9
ORD_011574,2.33,10,2,Clear,Low,Evening Peak,Scooter,5.5,13.2
ORD_011575,4.03,15,5,Clear,Medium,Afternoon,Motorcycle,2.5,21.5
ORD_011576,3.27,20,2,Clear,Medium,Late Night,Motorcycle,1.9,29.3
ORD_011577,3.96,10,3,Windy,Medium,Afternoon,Scooter,0.9,26.4
ORD_011578,5.78,10,2,Clear,Jam,Afternoon,Motorcycle,3.0,35.3
ORD_011579,1.32,10,2,Windy,Low,Evening Peak,Scooter,4.3,12.0
ORD_011580,4.28,20,1,Foggy,Medium,Morning,Scooter,5.9,35.6
ORD_011581,3.77,20,2,Foggy,High,Late Night,Scooter,3.4,38.6
ORD_011582,8.58,10,2,Clear,Low,Afternoon,Scooter,4.5,31.1
ORD_011583,2.94,20,1,Clear,High,Evening Peak,Motorcycle,5.4,27.8
ORD_011584,5.83,20,2,Foggy,Medium,Evening Peak,Scooter,3.5,35.8
ORD_011585,4.65,30,2,Clear,Low,Evening Peak,Motorcycle,1.4,41.9
ORD_011586,8.93,25,2,Rainy,Medium,Morning,Motorcycle,5.2,52.8
ORD_011587,8.25,30,3,Rainy,Medium,Afternoon,Electric Bike,3.7,67.8
ORD_011588,12.15,30,1,Foggy,Low,Morning,Motorcycle,4.7,56.9
ORD_011589,9.11,15,2,Clear,High,Morning,Motorcycle,4.1,41.1
ORD_011590,6.07,15,2,Clear,Low,Afternoon,Scooter,0.8,28.4
ORD_011591,7.94,15,3,Rainy,Low,Evening Peak,Electric Bike,1.4,50.4
ORD_011592,4.4,20,3,Clear,Medium,Evening Peak,Scooter,2.1,32.2
ORD_011593,5.45,15,4,Foggy,High,Afternoon,Motorcycle,2.1,42.7
ORD_011594,5.58,20,1,Clear,Low,Afternoon,Scooter,5.1,32.1
ORD_011595,3.03,10,1,Foggy,High,Evening Peak,Electric Bike,3.8,29.4
ORD_011596,8.75,15,5,Windy,High,Evening Peak,Scooter,1.0,50.4
ORD_011597,10.65,15,3,Clear,Low,Afternoon,Motorcycle,2.6,38.3
ORD_011598,4.68,30,2,Foggy,Medium,Evening Peak,Scooter,3.6,48.1
ORD_011599,4.89,10,2,Foggy,Jam,Evening Peak,Electric Bike,1.9,40.3
ORD_011600,3.48,25,3,Windy,Low,Late Night,Motorcycle,0.7,34.3
ORD_011601,2.52,10,4,Clear,Low,Evening Peak,Scooter,2.6,20.3
ORD_011602,7.45,20,2,Clear,High,Evening Peak,Motorcycle,3.0,42.9
ORD_011603,2.62,15,1,Rainy,Medium,Evening Peak,Motorcycle,5.5,26.8
ORD_011604,2.54,15,4,Clear,Medium,Morning,Scooter,5.5,20.1
ORD_011605,7.19,35,2,Foggy,Low,Afternoon,Scooter,3.3,57.1
ORD_011606,5.63,15,4,Heavy Storm,High,Evening Peak,Motorcycle,3.1,48.5
ORD_011607,7.48,15,3,Windy,Medium,Morning,Scooter,4.0,37.6
ORD_011608,3.24,20,2,Clear,Low,Afternoon,Scooter,1.9,27.2
ORD_011609,13.04,20,1,Rainy,Jam,Evening Peak,Scooter,2.1,94.3
ORD_011610,2.97,35,2,Clear,Medium,Afternoon,Scooter,0.5,46.7
ORD_011611,3.77,20,1,Clear,Medium,Evening Peak,Motorcycle,0.9,30.9
ORD_011612,3.32,20,4,Clear,High,Morning,Motorcycle,1.5,33.3
ORD_011613,12.82,15,1,Clear,Medium,Morning,Scooter,4.0,55.6
ORD_011614,4.06,20,5,Rainy,Low,Afternoon,Scooter,1.7,41.0
ORD_011615,2.84,20,2,Clear,High,Evening Peak,Electric Bike,1.2,33.4
ORD_011616,16.89,15,2,Clear,Low,Evening Peak,Scooter,3.9,55.5
ORD_011617,11.66,20,4,Clear,Jam,Evening Peak,Motorcycle,4.1,69.3
ORD_011618,9.77,15,2,Foggy,Medium,Afternoon,Motorcycle,0.8,45.1
ORD_011619,11.28,15,2,Clear,Medium,Evening Peak,Motorcycle,4.8,45.0
ORD_011620,2.9,15,2,Clear,Jam,Evening Peak,Scooter,3.8,31.8
ORD_011621,12.16,15,3,Clear,Medium,Afternoon,Motorcycle,2.7,47.5
ORD_011622,4.5,20,2,Clear,Medium,Morning,Electric Bike,5.9,39.3
ORD_011623,6.21,10,2,Clear,High,Evening Peak,Motorcycle,0.6,25.2
ORD_011624,5.03,10,2,Heavy Storm,Medium,Late Night,Scooter,3.5,33.1
ORD_011625,10.59,10,1,Foggy,Medium,Evening Peak,Scooter,1.4,41.6
ORD_011626,1.27,15,2,Clear,Low,Afternoon,Motorcycle,2.3,20.1
ORD_011627,2.67,15,4,Windy,Medium,Evening Peak,Scooter,1.2,30.9
ORD_011628,11.27,25,3,Clear,Medium,Morning,Electric Bike,4.2,67.2
ORD_011629,3.51,15,2,Rainy,Low,Morning,Motorcycle,2.7,29.3
ORD_011630,10.37,15,2,Clear,Medium,Afternoon,Scooter,5.9,48.4
ORD_011631,3.41,20,1,Clear,Medium,Morning,Scooter,4.1,28.9
ORD_011632,4.41,20,1,Foggy,Medium,Morning,Scooter,5.5,33.7
ORD_011633,13.63,10,2,Rainy,High,Late Night,Motorcycle,1.8,63.6
ORD_011634,7.9,25,2,Clear,Medium,Morning,Scooter,2.3,49.6
ORD_011635,5.69,35,5,Clear,Medium,Evening Peak,Motorcycle,2.5,52.3
ORD_011636,6.86,10,3,Rainy,High,Evening Peak,Motorcycle,5.1,39.6
ORD_011637,9.13,20,5,Clear,High,Afternoon,Motorcycle,1.7,53.7
ORD_011638,5.5,10,2,Clear,High,Evening Peak,Motorcycle,5.7,27.2
ORD_011639,7.18,10,1,Foggy,High,Afternoon,Motorcycle,0.7,40.5
ORD_011640,17.09,15,4,Clear,High,Evening Peak,Scooter,5.4,79.6
ORD_011641,2.78,25,3,Clear,High,Afternoon,Motorcycle,3.0,34.7
ORD_011642,5.65,20,3,Foggy,Low,Late Night,Scooter,3.4,35.1
ORD_011643,3.87,15,3,Clear,Low,Late Night,Motorcycle,6.0,22.3
ORD_011644,3.06,15,2,Windy,Low,Afternoon,Motorcycle,5.3,25.2
ORD_011645,5.62,15,2,Rainy,Medium,Afternoon,Motorcycle,5.5,34.3
ORD_011646,3.1,15,1,Clear,Low,Evening Peak,Motorcycle,3.7,18.9
ORD_011647,2.85,25,1,Clear,High,Afternoon,Motorcycle,5.8,35.7
ORD_011648,4.84,20,2,Heavy Storm,Medium,Evening Peak,Motorcycle,4.3,46.6
ORD_011649,7.06,15,2,Clear,High,Evening Peak,Electric Bike,5.0,42.4
ORD_011650,6.74,15,3,Heavy Storm,Low,Late Night,Scooter,4.5,41.0
ORD_011651,4.9,30,3,Clear,Medium,Afternoon,Motorcycle,4.8,36.8
ORD_011652,2.33,20,3,Clear,Medium,Afternoon,Motorcycle,4.0,24.9
ORD_011653,2.25,10,4,Foggy,Medium,Morning,Motorcycle,4.5,17.1
ORD_011654,6.32,15,3,Rainy,High,Evening Peak,Motorcycle,2.9,41.8
ORD_011655,3.57,15,2,Foggy,Jam,Morning,Electric Bike,4.4,43.5
ORD_011656,5.84,35,2,Clear,Low,Evening Peak,Scooter,2.0,47.4
ORD_011657,5.41,15,1,Clear,Medium,Afternoon,Electric Bike,4.0,33.1
ORD_011658,1.69,10,3,Clear,Low,Late Night,Scooter,3.4,14.4
ORD_011659,11.39,15,3,Clear,Medium,Morning,Motorcycle,5.4,45.8
ORD_011660,2.24,15,2,Windy,High,Late Night,Motorcycle,4.2,24.6
ORD_011661,4.48,20,4,Rainy,Jam,Evening Peak,Motorcycle,3.8,44.9
ORD_011662,2.48,15,2,Windy,Medium,Late Night,Motorcycle,2.2,26.0
ORD_011663,3.52,10,2,Clear,Medium,Evening Peak,Scooter,5.2,19.4
ORD_011664,3.76,10,2,Clear,Low,Morning,Scooter,0.8,17.0
ORD_011665,3.97,15,1,Windy,High,Morning,Scooter,5.4,28.8
ORD_011666,4.55,15,8,Foggy,Jam,Afternoon,Motorcycle,4.1,39.0
ORD_011667,12.79,25,2,Foggy,High,Late Night,Motorcycle,1.5,69.9
ORD_011668,2.99,15,5,Windy,Medium,Evening Peak,Motorcycle,5.5,23.4
ORD_011669,7.2,10,3,Foggy,Medium,Evening Peak,Motorcycle,2.3,31.0
ORD_011670,9.73,25,4,Heavy Storm,High,Afternoon,Scooter,1.4,76.7
ORD_011671,6.78,25,3,Rainy,Jam,Afternoon,Motorcycle,2.3,64.1
ORD_011672,10.87,15,3,Rainy,Jam,Evening Peak,Motorcycle,5.8,71.0
ORD_011673,6.81,15,6,Clear,High,Evening Peak,Scooter,4.6,43.6
ORD_011674,6.7,25,3,Windy,Low,Evening Peak,Scooter,5.5,44.7
ORD_011675,9.89,10,1,Clear,Medium,Evening Peak,Motorcycle,2.1,30.4
ORD_011676,6.17,30,3,Windy,Medium,Evening Peak,Scooter,1.0,57.8
ORD_011677,9.76,25,2,Windy,Low,Evening Peak,Motorcycle,3.6,43.9
ORD_011678,6.16,20,2,Foggy,Medium,Evening Peak,Motorcycle,3.2,33.4
ORD_011679,9.66,15,4,Rainy,High,Evening Peak,Motorcycle,4.5,55.2
ORD_011680,12.1,10,4,Rainy,High,Evening Peak,Electric Bike,3.5,75.1
ORD_011681,4.16,35,2,Windy,Low,Late Night,Scooter,2.7,49.3
ORD_011682,3.82,25,5,Rainy,Low,Late Night,Motorcycle,0.5,45.9
ORD_011683,10.86,15,2,Foggy,Jam,Evening Peak,Electric Bike,3.1,82.6
ORD_011684,9.55,10,2,Clear,Low,Evening Peak,Motorcycle,1.2,32.1
ORD_011685,1.82,20,1,Clear,Medium,Evening Peak,Motorcycle,5.6,23.5
ORD_011686,5.88,35,2,Clear,Low,Evening Peak,Motorcycle,5.6,47.1
ORD_011687,13.57,20,3,Windy,Low,Morning,Motorcycle,4.9,52.1
ORD_011688,2.66,10,2,Clear,Medium,Evening Peak,Electric Bike,1.4,19.0
ORD_011689,2.46,15,2,Windy,Medium,Late Night,Motorcycle,1.3,23.3
ORD_011690,3.46,10,2,Rainy,Medium,Evening Peak,Scooter,3.6,27.4
ORD_011691,4.01,30,5,Clear,Low,Morning,Electric Bike,4.5,41.9
ORD_011692,1.99,15,2,Rainy,Medium,Evening Peak,Scooter,5.5,26.4
ORD_011693,2.68,20,3,Clear,Medium,Morning,Motorcycle,5.4,27.5
ORD_011694,1.9,10,1,Rainy,Low,Evening Peak,Motorcycle,1.4,23.4
ORD_011695,5.77,10,4,Rainy,Jam,Evening Peak,Motorcycle,6.0,39.9
ORD_011696,5.7,20,2,Windy,Low,Evening Peak,Electric Bike,1.4,40.1
ORD_011697,10.91,25,2,Clear,Medium,Afternoon,Electric Bike,5.1,65.0
ORD_011698,6.04,15,4,Clear,Low,Afternoon,Scooter,3.7,29.7
ORD_011699,7.12,15,1,Foggy,High,Afternoon,Motorcycle,4.2,41.4
ORD_011700,7.55,20,2,Clear,Medium,Late Night,Scooter,3.8,44.6
ORD_011701,2.93,25,1,Clear,Low,Afternoon,Scooter,5.3,27.0
ORD_011702,2.73,20,4,Clear,Medium,Evening Peak,Scooter,4.0,25.6
ORD_011703,2.51,10,2,Windy,Jam,Evening Peak,Motorcycle,5.2,21.5
ORD_011704,4.0,20,2,Clear,High,Evening Peak,Motorcycle,1.3,32.2
ORD_011705,3.81,25,4,Windy,High,Late Night,Scooter,5.3,43.5
ORD_011706,5.35,25,5,Foggy,Low,Evening Peak,Motorcycle,6.0,41.1
ORD_011707,7.89,20,1,Foggy,High,Afternoon,Motorcycle,4.1,49.5
ORD_011708,7.11,35,3,Clear,High,Evening Peak,Scooter,5.9,59.7
ORD_011709,3.79,10,3,Rainy,Low,Morning,Scooter,1.7,22.6
ORD_011710,3.42,15,4,Windy,Low,Late Night,Scooter,5.1,25.2
ORD_011711,3.66,25,2,Clear,Medium,Morning,Motorcycle,1.4,36.8
ORD_011712,3.94,10,1,Windy,Medium,Evening Peak,Scooter,3.3,20.6
ORD_011713,2.16,35,6,Clear,Medium,Afternoon,Scooter,4.2,41.1
ORD_011714,6.09,15,2,Foggy,Low,Late Night,Electric Bike,4.1,31.4
ORD_011715,13.61,15,3,Clear,Medium,Late Night,Scooter,4.2,56.4
ORD_011716,5.19,15,1,Foggy,High,Morning,Electric Bike,2.3,44.0
ORD_011717,5.32,15,4,Foggy,Jam,Afternoon,Scooter,5.9,45.5
ORD_011718,6.59,20,5,Clear,Medium,Evening Peak,Motorcycle,0.5,39.6
ORD_011719,2.64,15,2,Clear,High,Evening Peak,Motorcycle,3.9,22.4
ORD_011720,3.48,15,2,Rainy,High,Evening Peak,Scooter,5.3,30.0
ORD_011721,3.69,25,2,Clear,Medium,Afternoon,Motorcycle,5.4,34.1
ORD_011722,2.58,10,2,Clear,Jam,Evening Peak,Scooter,4.5,22.5
ORD_011723,12.02,25,1,Clear,Low,Afternoon,Motorcycle,3.7,48.6
ORD_011724,7.76,15,1,Clear,Jam,Evening Peak,Motorcycle,3.0,48.1
ORD_011725,8.08,15,3,Clear,High,Afternoon,Scooter,3.0,43.5
ORD_011726,4.21,15,2,Clear,Low,Evening Peak,Motorcycle,2.8,22.2
ORD_011727,5.56,20,3,Foggy,Medium,Evening Peak,Scooter,4.3,39.8
ORD_011728,4.01,25,3,Foggy,Medium,Morning,Motorcycle,4.5,42.2
ORD_011729,4.52,35,2,Clear,Medium,Morning,Scooter,3.3,47.0
ORD_011730,5.34,15,3,Clear,High,Morning,Motorcycle,4.6,30.7
ORD_011731,4.67,20,4,Clear,High,Afternoon,Motorcycle,3.4,37.5
ORD_011732,5.3,15,3,Clear,Low,Afternoon,Scooter,1.0,27.4
ORD_011733,2.02,35,6,Clear,Jam,Morning,Scooter,5.2,48.3
ORD_011734,2.67,25,8,Clear,Low,Evening Peak,Scooter,5.3,35.9
ORD_011735,4.0,15,2,Rainy,Medium,Evening Peak,Motorcycle,2.0,35.2
ORD_011736,4.4,15,2,Heavy Storm,Medium,Evening Peak,Scooter,4.8,40.2
ORD_011737,4.4,15,3,Windy,Low,Afternoon,Scooter,3.3,26.8
ORD_011738,6.99,25,1,Clear,High,Evening Peak,Scooter,1.2,52.8
ORD_011739,5.9,25,3,Windy,Jam,Afternoon,Scooter,2.7,62.0
ORD_011740,6.41,30,2,Rainy,Medium,Morning,Motorcycle,0.9,50.2
ORD_011741,3.66,20,3,Clear,Medium,Late Night,Motorcycle,4.8,28.6
ORD_011742,2.91,20,2,Clear,Medium,Evening Peak,Electric Bike,1.6,31.6
ORD_011743,4.61,15,2,Windy,High,Afternoon,Electric Bike,1.4,38.5
ORD_011744,7.45,20,4,Windy,Jam,Afternoon,Motorcycle,1.6,55.7
ORD_011745,11.74,15,2,Clear,Medium,Late Night,Motorcycle,1.7,46.7
ORD_011746,3.72,20,2,Rainy,High,Afternoon,Scooter,4.2,41.5
ORD_011747,11.72,10,3,Windy,Low,Morning,Scooter,4.0,39.4
ORD_011748,2.74,10,3,Clear,Medium,Evening Peak,Motorcycle,1.2,17.4
ORD_011749,2.12,20,1,Clear,Medium,Evening Peak,Electric Bike,4.5,25.1
ORD_011750,4.33,30,3,Heavy Storm,Low,Evening Peak,Scooter,2.4,53.2
ORD_011751,2.92,20,2,Foggy,High,Evening Peak,Scooter,3.0,40.0
ORD_011752,3.4,20,3,Clear,High,Evening Peak,Scooter,1.2,32.1
ORD_011753,8.49,25,3,Clear,Low,Late Night,Motorcycle,4.4,45.8
ORD_011754,8.04,15,2,Clear,High,Evening Peak,Motorcycle,2.6,43.3
ORD_011755,5.91,10,4,Foggy,Medium,Afternoon,Motorcycle,4.0,28.4
ORD_011756,5.65,30,3,Clear,High,Evening Peak,Electric Bike,2.8,59.5
ORD_011757,3.37,30,2,Clear,Medium,Evening Peak,Motorcycle,0.8,39.9
ORD_011758,4.65,15,1,Clear,Medium,Evening Peak,Scooter,4.4,23.6
ORD_011759,4.22,15,2,Heavy Storm,Medium,Late Night,Scooter,3.5,38.7
ORD_011760,2.37,25,1,Rainy,Low,Morning,Motorcycle,2.9,40.1
ORD_011761,12.91,20,4,Windy,Medium,Morning,Scooter,1.6,62.2
ORD_011762,4.28,10,1,Clear,Low,Morning,Motorcycle,3.9,19.1
ORD_011763,2.79,10,6,Clear,Medium,Evening Peak,Motorcycle,2.0,19.1
ORD_011764,2.24,35,3,Windy,Low,Late Night,Scooter,2.9,41.7
ORD_011765,6.63,10,1,Windy,High,Evening Peak,Scooter,0.8,38.3
ORD_011766,12.29,15,4,Windy,Jam,Evening Peak,Scooter,4.8,79.8
ORD_011767,14.55,20,4,Clear,High,Evening Peak,Electric Bike,1.0,89.7
ORD_011768,4.82,15,2,Foggy,Low,Late Night,Motorcycle,5.4,24.6
ORD_011769,4.29,15,2,Rainy,Medium,Late Night,Scooter,5.3,37.3
ORD_011770,5.38,15,4,Clear,High,Evening Peak,Scooter,5.8,32.1
ORD_011771,5.31,15,2,Foggy,High,Late Night,Motorcycle,5.5,38.3
ORD_011772,1.69,25,2,Rainy,Medium,Evening Peak,Scooter,5.8,35.8
ORD_011773,3.99,20,4,Clear,Medium,Evening Peak,Scooter,5.4,30.4
ORD_011774,6.12,15,1,Foggy,Low,Morning,Scooter,1.1,34.1
ORD_011775,6.82,15,4,Clear,High,Afternoon,Motorcycle,2.9,41.7
ORD_011776,7.11,10,5,Windy,Medium,Evening Peak,Scooter,0.9,38.6
ORD_011777,5.27,10,1,Clear,Low,Evening Peak,Scooter,3.5,19.0
ORD_011778,2.72,20,3,Rainy,Medium,Afternoon,Electric Bike,3.4,36.0
ORD_011779,4.75,10,2,Clear,High,Evening Peak,Motorcycle,5.6,22.3
ORD_011780,9.97,15,3,Clear,Low,Late Night,Motorcycle,5.8,36.5
ORD_011781,6.37,25,3,Rainy,Medium,Late Night,Motorcycle,1.9,52.2
ORD_011782,4.39,15,3,Rainy,Medium,Evening Peak,Motorcycle,3.7,30.8
ORD_011783,15.31,15,3,Clear,Jam,Afternoon,Motorcycle,3.1,84.5
ORD_011784,5.43,25,3,Clear,Low,Evening Peak,Motorcycle,3.5,39.3
ORD_011785,4.71,25,3,Clear,High,Evening Peak,Scooter,3.4,44.3
ORD_011786,7.46,25,2,Clear,Low,Morning,Scooter,5.5,43.1
ORD_011787,2.58,20,2,Windy,Jam,Evening Peak,Electric Bike,5.4,34.8
ORD_011788,4.28,30,1,Clear,Medium,Evening Peak,Motorcycle,1.2,43.8
ORD_011789,4.77,25,3,Clear,Low,Evening Peak,Motorcycle,2.4,35.0
ORD_011790,1.95,15,2,Foggy,Medium,Afternoon,Motorcycle,4.6,25.4
ORD_011791,5.71,20,2,Windy,Low,Morning,Motorcycle,4.3,30.8
ORD_011792,6.81,10,3,Rainy,Low,Afternoon,Motorcycle,4.0,27.8
ORD_011793,3.78,20,8,Clear,Medium,Evening Peak,Motorcycle,6.0,36.9
ORD_011794,7.67,15,3,Rainy,Jam,Afternoon,Motorcycle,2.4,62.0
ORD_011795,9.14,15,3,Windy,Medium,Morning,Scooter,3.3,43.5
ORD_011796,9.79,10,3,Clear,High,Morning,Scooter,5.9,39.2
ORD_011797,2.77,15,3,Windy,High,Afternoon,Scooter,4.3,23.3
ORD_011798,5.59,15,1,Foggy,Low,Evening Peak,Motorcycle,4.1,27.3
ORD_011799,7.22,20,1,Clear,Medium,Evening Peak,Scooter,1.4,38.1
ORD_011800,5.58,15,3,Clear,Jam,Evening Peak,Motorcycle,1.9,40.4
ORD_011801,8.78,25,2,Windy,Low,Evening Peak,Scooter,2.6,48.3
ORD_011802,5.84,20,1,Clear,Medium,Morning,Electric Bike,3.1,38.8
ORD_011803,2.72,20,2,Clear,High,Afternoon,Scooter,3.2,26.8
ORD_011804,8.87,15,2,Heavy Storm,Medium,Evening Peak,Scooter,5.5,52.0
ORD_011805,5.48,25,2,Clear,Jam,Morning,Motorcycle,1.1,48.9
ORD_011806,11.94,20,1,Windy,Medium,Late Night,Scooter,1.9,58.0
ORD_011807,2.73,25,2,Rainy,Jam,Late Night,Scooter,1.3,45.9
ORD_011808,5.54,15,1,Clear,Medium,Evening Peak,Electric Bike,4.5,32.2
ORD_011809,11.44,15,2,Clear,Medium,Afternoon,Scooter,5.8,46.8
ORD_011810,5.91,10,3,Clear,High,Morning,Motorcycle,5.4,30.2
ORD_011811,7.92,15,3,Clear,Jam,Late Night,Electric Bike,4.5,69.6
ORD_011812,9.33,15,3,Windy,Medium,Afternoon,Scooter,0.6,43.8
ORD_011813,5.35,25,1,Windy,High,Afternoon,Motorcycle,2.4,43.6
ORD_011814,3.21,20,3,Foggy,High,Afternoon,Scooter,5.2,35.2
ORD_011815,8.49,15,3,Clear,Medium,Afternoon,Scooter,4.1,43.6
ORD_011816,4.81,20,2,Clear,Low,Evening Peak,Motorcycle,1.7,29.6
ORD_011817,1.64,10,3,Foggy,Medium,Evening Peak,Motorcycle,3.1,19.7
ORD_011818,10.26,15,3,Foggy,High,Late Night,Motorcycle,1.0,58.2
ORD_011819,12.79,20,2,Clear,Low,Afternoon,Motorcycle,3.4,46.6
ORD_011820,3.68,20,8,Clear,Medium,Afternoon,Motorcycle,5.5,28.9
ORD_011821,5.22,20,1,Foggy,Medium,Evening Peak,Motorcycle,0.7,42.3
ORD_011822,13.4,15,1,Clear,High,Evening Peak,Scooter,3.9,61.7
ORD_011823,11.57,15,2,Windy,Jam,Late Night,Motorcycle,1.8,71.9
ORD_011824,7.23,30,3,Clear,High,Evening Peak,Motorcycle,5.9,54.5
ORD_011825,10.95,35,5,Clear,Medium,Afternoon,Motorcycle,0.9,63.9
ORD_011826,4.63,15,6,Clear,High,Afternoon,Motorcycle,3.9,31.6
ORD_011827,2.34,20,6,Foggy,High,Evening Peak,Scooter,1.9,36.8
ORD_011828,9.73,15,6,Windy,High,Evening Peak,Motorcycle,5.4,51.1
ORD_011829,5.13,15,4,Clear,High,Evening Peak,Electric Bike,1.2,37.4
ORD_011830,2.04,25,2,Clear,High,Late Night,Electric Bike,2.9,36.4
ORD_011831,3.75,20,3,Clear,Low,Evening Peak,Motorcycle,1.5,29.4
ORD_011832,4.52,25,1,Clear,Low,Afternoon,Scooter,4.9,37.6
ORD_011833,4.83,20,1,Clear,Jam,Morning,Motorcycle,2.4,43.6
ORD_011834,3.42,20,4,Clear,Medium,Late Night,Motorcycle,1.5,30.6
ORD_011835,2.86,10,2,Clear,Low,Late Night,Electric Bike,4.5,12.5
ORD_011836,1.91,20,2,Windy,Low,Evening Peak,Scooter,5.0,24.9
ORD_011837,1.87,35,1,Rainy,High,Evening Peak,Motorcycle,3.0,45.8
ORD_011838,5.06,15,2,Clear,Low,Afternoon,Motorcycle,2.6,26.8
ORD_011839,6.01,15,3,Clear,High,Late Night,Scooter,4.0,38.8
ORD_011840,2.82,35,4,Clear,Medium,Afternoon,Motorcycle,4.1,46.1
ORD_011841,10.81,15,2,Clear,Low,Morning,Motorcycle,4.1,37.5
ORD_011842,4.09,15,3,Rainy,Low,Morning,Motorcycle,2.0,31.7
ORD_011843,4.84,10,3,Clear,Low,Evening Peak,Motorcycle,5.7,18.2
ORD_011844,4.68,10,2,Clear,Medium,Afternoon,Motorcycle,1.7,20.5
ORD_011845,1.73,15,2,Windy,Medium,Late Night,Motorcycle,2.6,24.1
ORD_011846,8.83,20,3,Clear,Low,Afternoon,Motorcycle,2.1,39.4
ORD_011847,7.14,20,3,Windy,High,Late Night,Scooter,5.6,44.7
ORD_011848,11.01,20,2,Heavy Storm,Jam,Evening Peak,Scooter,5.1,85.5
ORD_011849,10.61,20,2,Clear,High,Evening Peak,Scooter,5.0,57.4
ORD_011850,6.65,15,1,Clear,High,Afternoon,Motorcycle,0.5,38.6
ORD_011851,7.42,25,3,Clear,Jam,Evening Peak,Motorcycle,4.3,60.3
ORD_011852,2.72,30,5,Windy,Medium,Afternoon,Electric Bike,1.8,48.4
ORD_011853,4.11,15,2,Windy,High,Evening Peak,Motorcycle,5.8,28.0
ORD_011854,4.66,10,3,Clear,High,Afternoon,Motorcycle,3.4,23.7
ORD_011855,3.8,15,4,Clear,Jam,Afternoon,Scooter,3.6,36.3
ORD_011856,10.47,10,6,Clear,Medium,Evening Peak,Scooter,2.5,43.3
ORD_011857,5.68,25,4,Foggy,Medium,Afternoon,Motorcycle,3.5,45.6
ORD_011858,3.25,15,1,Windy,Low,Afternoon,Motorcycle,4.6,21.5
ORD_011859,10.09,20,1,Foggy,Medium,Afternoon,Scooter,3.6,52.4
ORD_011860,5.79,10,3,Clear,High,Evening Peak,Scooter,4.0,25.1
ORD_011861,8.63,20,3,Rainy,High,Afternoon,Motorcycle,3.1,56.8
ORD_011862,2.69,10,4,Clear,Low,Afternoon,Motorcycle,4.4,12.9
ORD_011863,6.04,25,3,Windy,High,Morning,Motorcycle,5.4,43.3
ORD_011864,3.17,30,3,Foggy,Jam,Evening Peak,Electric Bike,0.8,48.6
ORD_011865,5.86,15,3,Rainy,High,Evening Peak,Scooter,1.1,40.3
ORD_011866,7.15,15,3,Clear,Low,Evening Peak,Electric Bike,4.3,37.4
ORD_011867,2.54,15,5,Clear,Medium,Evening Peak,Electric Bike,2.6,26.4
ORD_011868,5.02,20,2,Clear,Jam,Afternoon,Motorcycle,2.0,41.2
ORD_011869,2.68,15,1,Foggy,Medium,Morning,Motorcycle,1.5,25.5
ORD_011870,8.88,25,1,Clear,Medium,Evening Peak,Motorcycle,3.6,44.3
ORD_011871,5.31,15,1,Clear,Low,Evening Peak,Motorcycle,2.4,26.4
ORD_011872,3.24,10,4,Heavy Storm,High,Afternoon,Electric Bike,3.3,40.8
ORD_011873,3.72,20,3,Rainy,High,Evening Peak,Motorcycle,5.8,39.1
ORD_011874,4.04,10,2,Clear,Medium,Late Night,Motorcycle,4.7,20.1
ORD_011875,10.92,20,3,Clear,Medium,Morning,Motorcycle,4.9,43.3
ORD_011876,4.93,15,2,Clear,Low,Late Night,Scooter,1.2,24.7
ORD_011877,8.05,25,3,Windy,Medium,Evening Peak,Motorcycle,2.3,50.7
ORD_011878,5.06,15,4,Foggy,High,Evening Peak,Scooter,1.1,42.5
ORD_011879,2.72,20,3,Clear,Low,Late Night,Motorcycle,5.8,28.1
ORD_011880,3.7,15,6,Clear,Low,Late Night,Motorcycle,4.3,27.6
ORD_011881,6.2,10,3,Clear,High,Afternoon,Motorcycle,0.6,28.8
ORD_011882,1.74,20,2,Clear,Medium,Evening Peak,Electric Bike,3.1,27.3
ORD_011883,6.8,15,3,Rainy,Jam,Evening Peak,Electric Bike,1.9,62.0
ORD_011884,3.43,15,1,Clear,Medium,Evening Peak,Scooter,3.5,24.5
ORD_011885,5.65,15,5,Windy,Low,Afternoon,Scooter,1.5,33.3
ORD_011886,3.79,15,3,Rainy,High,Late Night,Scooter,0.8,35.5
ORD_011887,7.53,25,2,Foggy,Low,Evening Peak,Motorcycle,2.3,42.8
ORD_011888,5.26,30,4,Clear,Low,Morning,Scooter,2.1,42.6
ORD_011889,7.38,15,1,Clear,Medium,Late Night,Scooter,4.4,36.2
ORD_011890,1.91,30,2,Rainy,Medium,Late Night,Scooter,3.1,44.5
ORD_011891,4.62,25,3,Clear,Medium,Afternoon,Scooter,2.1,40.1
ORD_011892,3.4,15,3,Heavy Storm,Medium,Evening Peak,Motorcycle,3.6,43.1
ORD_011893,6.69,15,1,Clear,High,Afternoon,Motorcycle,0.9,33.4
ORD_011894,8.83,15,2,Clear,High,Morning,Motorcycle,4.1,47.1
ORD_011895,8.65,20,4,Foggy,Medium,Late Night,Scooter,1.3,54.1
ORD_011896,11.25,15,2,Rainy,Medium,Evening Peak,Motorcycle,2.0,52.6
ORD_011897,8.95,15,2,Clear,Medium,Morning,Motorcycle,2.1,44.2
ORD_011898,4.59,15,8,Clear,Low,Evening Peak,Motorcycle,3.1,25.8
ORD_011899,2.97,20,3,Rainy,High,Afternoon,Electric Bike,5.7,36.2
ORD_011900,1.98,10,3,Clear,High,Morning,Motorcycle,2.3,19.7
ORD_011901,2.9,20,3,Clear,Low,Evening Peak,Motorcycle,2.0,25.6
ORD_011902,1.82,30,1,Clear,Medium,Evening Peak,Motorcycle,1.4,32.6
ORD_011903,2.38,25,3,Foggy,Low,Evening Peak,Motorcycle,2.7,34.4
ORD_011904,5.94,15,1,Rainy,Jam,Evening Peak,Motorcycle,1.5,46.6
ORD_011905,1.91,10,2,Clear,High,Evening Peak,Scooter,1.3,16.4
ORD_011906,6.37,15,2,Clear,Low,Afternoon,Scooter,5.2,28.0
ORD_011907,3.71,30,1,Clear,Jam,Morning,Scooter,0.8,47.7
ORD_011908,5.39,25,2,Foggy,Low,Morning,Scooter,4.4,40.5
ORD_011909,5.47,20,3,Windy,Low,Afternoon,Motorcycle,1.6,34.1
ORD_011910,11.28,10,2,Clear,Low,Evening Peak,Motorcycle,0.6,34.7
ORD_011911,5.59,20,1,Clear,High,Morning,Scooter,4.9,38.5
ORD_011912,2.44,25,3,Clear,Jam,Afternoon,Motorcycle,4.4,34.5
ORD_011913,3.06,30,2,Clear,Low,Morning,Scooter,2.3,38.8
ORD_011914,5.46,20,8,Clear,Jam,Evening Peak,Motorcycle,0.9,47.8
ORD_011915,4.47,20,4,Heavy Storm,Medium,Evening Peak,Motorcycle,2.5,48.5
ORD_011916,5.61,20,2,Clear,High,Evening Peak,Scooter,1.5,41.5
ORD_011917,6.44,30,2,Rainy,Jam,Evening Peak,Motorcycle,5.6,61.5
ORD_011918,3.12,20,1,Clear,Low,Late Night,Motorcycle,3.4,25.6
ORD_011919,6.55,15,1,Heavy Storm,Medium,Evening Peak,Motorcycle,5.8,45.1
ORD_011920,6.96,20,3,Clear,High,Evening Peak,Scooter,2.4,46.1
ORD_011921,5.66,25,2,Clear,Medium,Afternoon,Motorcycle,3.6,35.7
ORD_011922,13.2,20,2,Clear,Low,Evening Peak,Scooter,1.5,52.5
ORD_011923,2.02,20,3,Foggy,Medium,Evening Peak,Motorcycle,4.9,29.6
ORD_011924,12.29,20,2,Clear,Low,Evening Peak,Scooter,0.7,50.4
ORD_011925,4.24,20,2,Rainy,Jam,Afternoon,Scooter,4.3,43.2
ORD_011926,3.38,10,1,Windy,Medium,Afternoon,Scooter,2.7,20.7
ORD_011927,6.68,20,2,Windy,Jam,Afternoon,Electric Bike,3.7,62.4
ORD_011928,3.73,15,1,Clear,High,Afternoon,Motorcycle,3.8,23.0
ORD_011929,8.5,30,2,Clear,Low,Evening Peak,Motorcycle,4.4,49.0
ORD_011930,4.18,35,3,Clear,Medium,Evening Peak,Electric Bike,1.6,54.6
ORD_011931,9.16,15,2,Clear,High,Morning,Motorcycle,3.4,42.4
ORD_011932,2.82,30,2,Clear,Medium,Afternoon,Motorcycle,2.8,39.2
ORD_011933,6.14,15,3,Rainy,Medium,Evening Peak,Motorcycle,2.1,39.7
ORD_011934,3.24,20,2,Rainy,High,Evening Peak,Motorcycle,3.2,36.2
ORD_011935,6.27,10,2,Windy,High,Afternoon,Electric Bike,5.7,41.6
ORD_011936,2.23,10,1,Clear,Medium,Evening Peak,Scooter,5.7,13.4
ORD_011937,2.33,25,2,Clear,Medium,Late Night,Motorcycle,2.0,30.9
ORD_011938,4.15,25,2,Clear,Low,Evening Peak,Scooter,5.4,31.2
ORD_011939,9.39,20,1,Foggy,Jam,Afternoon,Scooter,5.3,68.0
ORD_011940,2.06,15,5,Clear,Medium,Evening Peak,Motorcycle,1.9,23.1
ORD_011941,10.36,15,2,Clear,High,Afternoon,Motorcycle,3.8,48.6
ORD_011942,6.28,25,1,Foggy,Medium,Evening Peak,Motorcycle,5.3,42.9
ORD_011943,8.99,15,6,Clear,Medium,Evening Peak,Scooter,3.3,42.9
ORD_011944,5.27,15,2,Clear,Medium,Morning,Motorcycle,2.5,28.7
ORD_011945,5.69,25,3,Clear,Low,Afternoon,Scooter,4.1,37.2
ORD_011946,4.54,30,2,Windy,Medium,Evening Peak,Electric Bike,1.4,52.2
ORD_011947,4.26,10,3,Rainy,Jam,Evening Peak,Electric Bike,1.4,43.7
ORD_011948,7.65,25,2,Rainy,Low,Evening Peak,Electric Bike,5.1,49.7
ORD_011949,2.83,20,2,Rainy,Medium,Morning,Motorcycle,0.7,32.5
ORD_011950,5.2,15,2,Heavy Storm,Jam,Late Night,Electric Bike,4.9,63.5
ORD_011951,2.04,25,2,Clear,Low,Late Night,Electric Bike,2.1,33.1
ORD_011952,2.39,20,3,Clear,Low,Afternoon,Scooter,3.2,24.1
ORD_011953,4.92,10,3,Clear,Jam,Morning,Scooter,3.5,34.6
ORD_011954,3.57,20,2,Windy,High,Late Night,Scooter,4.7,31.9
ORD_011955,4.61,25,3,Clear,Medium,Afternoon,Electric Bike,5.4,40.5
ORD_011956,3.08,15,1,Clear,Medium,Evening Peak,Scooter,4.9,25.6
ORD_011957,7.18,15,1,Clear,Jam,Afternoon,Motorcycle,3.6,48.3
ORD_011958,2.48,10,1,Clear,Low,Morning,Motorcycle,2.4,14.5
ORD_011959,12.5,15,2,Foggy,Medium,Morning,Scooter,3.4,50.2
ORD_011960,10.09,15,1,Clear,Medium,Afternoon,Motorcycle,0.7,42.6
ORD_011961,6.7,20,2,Heavy Storm,Low,Late Night,Scooter,1.8,50.5
ORD_011962,2.29,10,2,Rainy,Medium,Evening Peak,Motorcycle,2.5,22.7
ORD_011963,4.61,15,3,Rainy,Medium,Afternoon,Scooter,2.3,34.4
ORD_011964,6.92,15,3,Foggy,Jam,Afternoon,Motorcycle,1.0,54.1
ORD_011965,8.72,20,2,Windy,Medium,Morning,Motorcycle,0.8,44.9
ORD_011966,8.69,20,4,Clear,Jam,Evening Peak,Scooter,2.8,66.3
ORD_011967,7.74,10,3,Windy,High,Late Night,Scooter,0.9,43.3
ORD_011968,1.54,30,4,Foggy,High,Late Night,Scooter,2.1,40.5
ORD_011969,2.89,20,2,Clear,Medium,Late Night,Motorcycle,3.1,29.3
ORD_011970,7.86,20,2,Windy,Medium,Morning,Electric Bike,1.7,49.8
ORD_011971,3.7,15,2,Clear,Low,Morning,Scooter,0.9,24.9
ORD_011972,6.08,15,2,Clear,Medium,Morning,Scooter,2.9,36.9
ORD_011973,12.97,30,2,Clear,High,Morning,Electric Bike,3.0,87.5
ORD_011974,3.6,10,1,Foggy,High,Morning,Scooter,5.5,24.5
ORD_011975,9.05,20,2,Rainy,High,Morning,Scooter,1.2,62.1
ORD_011976,6.26,20,3,Foggy,Low,Afternoon,Motorcycle,3.9,37.8
ORD_011977,16.29,30,3,Clear,Low,Morning,Motorcycle,2.3,66.4
ORD_011978,6.27,15,4,Heavy Storm,High,Morning,Scooter,1.2,52.3
ORD_011979,3.73,20,1,Clear,High,Evening Peak,Scooter,2.7,33.0
ORD_011980,5.21,20,2,Clear,Low,Afternoon,Motorcycle,2.9,29.6
ORD_011981,2.8,10,3,Heavy Storm,High,Morning,Motorcycle,2.5,38.0
ORD_011982,7.57,10,3,Foggy,Medium,Evening Peak,Motorcycle,4.7,33.4
ORD_011983,4.11,15,4,Foggy,High,Afternoon,Scooter,5.1,29.9
ORD_011984,5.21,10,2,Clear,Medium,Evening Peak,Scooter,1.3,27.0
ORD_011985,9.46,10,2,Clear,Low,Late Night,Motorcycle,1.4,33.5
ORD_011986,2.64,20,2,Clear,Low,Late Night,Motorcycle,2.8,25.8
ORD_011987,8.73,25,6,Foggy,High,Morning,Scooter,2.3,62.8
ORD_011988,2.16,30,2,Clear,High,Evening Peak,Motorcycle,5.0,34.2
ORD_011989,4.85,15,3,Clear,Medium,Morning,Motorcycle,6.0,27.0
ORD_011990,6.72,15,2,Clear,Low,Evening Peak,Motorcycle,1.5,32.3
ORD_011991,7.86,25,2,Windy,Medium,Afternoon,Electric Bike,4.7,57.0
ORD_011992,2.76,25,1,Clear,Medium,Afternoon,Motorcycle,3.8,31.0
ORD_011993,13.08,20,3,Rainy,Low,Evening Peak,Electric Bike,4.0,63.8
ORD_011994,6.78,15,1,Clear,Low,Late Night,Electric Bike,2.0,34.7
ORD_011995,7.92,30,6,Rainy,Jam,Afternoon,Scooter,1.0,80.9
ORD_011996,6.8,15,2,Clear,High,Afternoon,Motorcycle,3.5,35.9
ORD_011997,2.83,10,8,Foggy,High,Morning,Scooter,3.9,24.0
ORD_011998,3.42,25,3,Clear,Medium,Evening Peak,Motorcycle,5.8,33.9
ORD_011999,10.15,20,2,Foggy,Medium,Morning,Electric Bike,4.2,63.2
ORD_012000,10.33,15,2,Clear,Low,Morning,Motorcycle,2.9,41.2
ORD_012001,1.68,20,3,Windy,Medium,Morning,Motorcycle,6.0,23.5
ORD_012002,7.52,25,1,Clear,High,Evening Peak,Scooter,2.6,50.0
ORD_012003,4.8,25,3,Clear,Low,Afternoon,Electric Bike,1.4,40.8
ORD_012004,6.54,15,3,Clear,Medium,Late Night,Motorcycle,3.9,33.5
ORD_012005,5.73,10,2,Rainy,Jam,Afternoon,Motorcycle,2.0,42.1
ORD_012006,5.68,20,3,Clear,High,Evening Peak,Scooter,5.6,39.3
ORD_012007,3.16,25,4,Clear,High,Morning,Scooter,2.9,42.2
ORD_012008,8.85,15,5,Clear,Low,Evening Peak,Motorcycle,1.3,32.9
ORD_012009,3.71,15,5,Windy,Low,Evening Peak,Motorcycle,1.3,26.4
ORD_012010,4.74,15,2,Clear,Medium,Afternoon,Motorcycle,4.1,24.1
ORD_012011,3.21,10,3,Clear,Medium,Evening Peak,Motorcycle,2.5,18.6
ORD_012012,5.21,25,1,Clear,Low,Afternoon,Motorcycle,2.5,31.7
ORD_012013,2.5,10,5,Clear,Medium,Evening Peak,Motorcycle,3.9,22.7
ORD_012014,3.82,25,1,Clear,Medium,Evening Peak,Scooter,1.7,35.1
ORD_012015,8.82,15,2,Rainy,Low,Afternoon,Motorcycle,1.3,43.1
ORD_012016,2.73,15,2,Clear,Medium,Evening Peak,Motorcycle,4.1,25.6
ORD_012017,7.48,30,2,Clear,Medium,Evening Peak,Scooter,0.5,55.0
ORD_012018,2.38,20,3,Heavy Storm,Low,Evening Peak,Scooter,5.5,38.4
ORD_012019,3.58,20,2,Rainy,High,Afternoon,Scooter,1.5,41.2
ORD_012020,3.61,25,5,Clear,Low,Evening Peak,Scooter,3.0,33.9
ORD_012021,8.38,15,3,Windy,Medium,Afternoon,Motorcycle,1.7,39.6
ORD_012022,10.39,20,3,Windy,Jam,Afternoon,Motorcycle,1.7,74.5
ORD_012023,4.29,15,2,Clear,Low,Afternoon,Motorcycle,5.1,23.8
ORD_012024,2.49,25,2,Foggy,Medium,Late Night,Motorcycle,3.7,33.6
ORD_012025,3.92,20,4,Heavy Storm,Low,Evening Peak,Scooter,2.2,49.3
ORD_012026,4.1,15,2,Clear,Medium,Evening Peak,Motorcycle,1.9,25.8
ORD_012027,3.84,25,3,Clear,High,Late Night,Scooter,1.7,43.0
ORD_012028,4.8,20,2,Windy,Jam,Afternoon,Scooter,3.5,47.0
ORD_012029,3.21,15,3,Foggy,High,Morning,Motorcycle,4.5,28.7
ORD_012030,2.57,10,2,Foggy,High,Afternoon,Scooter,1.9,22.5
ORD_012031,1.78,30,8,Clear,High,Evening Peak,Scooter,2.3,42.3
ORD_012032,8.17,30,2,Foggy,Low,Morning,Motorcycle,4.5,54.2
ORD_012033,5.71,20,2,Rainy,Low,Morning,Electric Bike,4.6,42.2
ORD_012034,7.1,15,1,Clear,Medium,Evening Peak,Motorcycle,1.6,35.5
ORD_012035,6.58,15,4,Clear,Low,Evening Peak,Motorcycle,2.6,28.3
ORD_012036,4.99,15,3,Windy,High,Evening Peak,Motorcycle,5.3,33.8
ORD_012037,4.79,20,2,Clear,Medium,Afternoon,Scooter,4.6,34.3
ORD_012038,12.92,10,2,Heavy Storm,Low,Morning,Motorcycle,1.4,51.7
ORD_012039,3.87,30,2,Clear,Low,Evening Peak,Electric Bike,2.6,40.0
ORD_012040,5.28,15,2,Windy,Jam,Evening Peak,Scooter,5.9,42.9
ORD_012041,4.07,20,2,Clear,Jam,Afternoon,Motorcycle,3.4,39.9
ORD_012042,2.92,15,3,Clear,Jam,Morning,Scooter,4.5,30.0
ORD_012043,16.07,15,4,Windy,Jam,Late Night,Motorcycle,1.0,92.9
ORD_012044,6.92,20,2,Clear,High,Morning,Motorcycle,5.1,45.4
ORD_012045,3.54,25,1,Clear,Medium,Evening Peak,Motorcycle,3.8,35.3
ORD_012046,3.14,20,1,Rainy,Medium,Evening Peak,Scooter,1.5,33.8
ORD_012047,7.47,15,2,Clear,Medium,Late Night,Motorcycle,2.6,34.8
ORD_012048,9.21,15,2,Clear,High,Morning,Electric Bike,1.0,57.7
ORD_012049,2.71,25,2,Windy,Jam,Afternoon,Motorcycle,4.8,37.0
ORD_012050,4.68,20,1,Clear,Medium,Late Night,Electric Bike,4.6,34.9
ORD_012051,5.26,20,1,Windy,Medium,Evening Peak,Motorcycle,3.2,38.1
ORD_012052,5.28,15,2,Clear,Low,Afternoon,Scooter,3.0,24.2
ORD_012053,5.87,25,3,Clear,Medium,Afternoon,Scooter,3.0,41.5
ORD_012054,4.43,15,2,Clear,Low,Morning,Motorcycle,0.7,25.0
ORD_012055,4.89,15,3,Clear,Low,Morning,Motorcycle,2.5,23.7
ORD_012056,5.04,15,3,Heavy Storm,Medium,Evening Peak,Motorcycle,1.2,41.7
ORD_012057,2.62,10,3,Windy,High,Afternoon,Motorcycle,1.5,20.5
ORD_012058,12.75,15,1,Clear,Medium,Afternoon,Scooter,5.8,51.6
ORD_012059,7.72,10,3,Foggy,Medium,Afternoon,Scooter,1.9,37.3
ORD_012060,8.93,15,2,Rainy,Medium,Evening Peak,Electric Bike,3.2,56.8
ORD_012061,6.0,20,4,Clear,High,Afternoon,Motorcycle,5.4,38.7
ORD_012062,16.35,30,5,Clear,Medium,Morning,Motorcycle,2.8,76.2
ORD_012063,1.2,10,2,Clear,Low,Evening Peak,Scooter,3.4,14.2
ORD_012064,5.38,15,3,Clear,Low,Afternoon,Scooter,1.4,30.4
ORD_012065,3.08,15,2,Foggy,Medium,Evening Peak,Scooter,2.1,27.4
ORD_012066,5.62,15,2,Windy,Medium,Late Night,Motorcycle,3.3,31.5
ORD_012067,11.31,10,8,Clear,Low,Morning,Electric Bike,2.5,49.2
ORD_012068,7.37,15,1,Heavy Storm,High,Afternoon,Motorcycle,0.7,54.4
ORD_012069,5.07,20,3,Windy,Medium,Late Night,Motorcycle,2.7,38.1
ORD_012070,11.97,25,3,Rainy,High,Evening Peak,Motorcycle,5.0,69.8
ORD_012071,8.46,35,4,Clear,Medium,Afternoon,Motorcycle,1.1,61.1
ORD_012072,6.95,25,1,Windy,Jam,Morning,Motorcycle,0.6,59.8
ORD_012073,6.84,15,5,Clear,High,Late Night,Scooter,1.2,42.1
ORD_012074,8.18,20,3,Clear,High,Morning,Motorcycle,4.3,47.9
ORD_012075,3.71,20,8,Clear,Jam,Afternoon,Motorcycle,4.9,40.1
ORD_012076,3.45,15,2,Heavy Storm,Medium,Afternoon,Scooter,0.8,40.4
ORD_012077,2.91,30,3,Clear,Medium,Morning,Motorcycle,5.4,36.0
ORD_012078,3.8,20,1,Clear,Jam,Morning,Scooter,4.0,33.2
ORD_012079,11.55,20,2,Clear,Medium,Afternoon,Scooter,3.3,52.5
ORD_012080,4.69,10,3,Heavy Storm,Low,Afternoon,Scooter,1.9,35.3
ORD_012081,11.69,25,2,Windy,High,Late Night,Motorcycle,2.5,67.6
ORD_012082,3.65,25,5,Foggy,Jam,Evening Peak,Motorcycle,5.7,42.5
ORD_012083,9.41,15,3,Windy,High,Late Night,Motorcycle,5.5,45.7
ORD_012084,10.42,15,2,Foggy,High,Morning,Motorcycle,3.9,52.8
ORD_012085,5.68,10,5,Clear,Low,Afternoon,Scooter,3.7,25.5
ORD_012086,4.64,10,2,Clear,High,Morning,Scooter,1.7,24.5
ORD_012087,3.31,20,2,Clear,Low,Afternoon,Motorcycle,5.7,30.7
ORD_012088,8.78,15,3,Clear,Jam,Late Night,Scooter,4.7,62.5
ORD_012089,4.55,30,2,Clear,Jam,Afternoon,Electric Bike,2.6,58.0
ORD_012090,4.23,25,2,Heavy Storm,Jam,Evening Peak,Electric Bike,5.0,64.4
ORD_012091,6.38,15,1,Windy,Medium,Late Night,Scooter,1.7,36.3
ORD_012092,7.39,15,4,Rainy,Medium,Evening Peak,Motorcycle,1.7,39.8
ORD_012093,3.21,15,1,Clear,Medium,Evening Peak,Electric Bike,4.9,25.2
ORD_012094,6.37,10,2,Clear,Medium,Evening Peak,Scooter,3.6,29.1
ORD_012095,10.44,10,4,Clear,Medium,Afternoon,Scooter,3.6,42.7
ORD_012096,2.88,15,2,Windy,Jam,Afternoon,Electric Bike,3.7,35.9
ORD_012097,8.89,30,3,Foggy,High,Evening Peak,Motorcycle,1.2,62.6
ORD_012098,8.85,30,3,Foggy,Medium,Afternoon,Motorcycle,2.4,55.1
ORD_012099,9.28,25,3,Clear,Medium,Afternoon,Motorcycle,3.7,50.4
ORD_012100,7.57,20,3,Clear,High,Morning,Motorcycle,1.9,48.4
ORD_012101,7.34,25,2,Windy,Medium,Evening Peak,Motorcycle,3.3,44.0
ORD_012102,8.72,20,4,Foggy,High,Morning,Scooter,3.6,57.4
ORD_012103,6.36,15,3,Clear,High,Afternoon,Motorcycle,5.7,35.8
ORD_012104,4.06,20,2,Clear,Jam,Late Night,Motorcycle,1.9,38.6
ORD_012105,4.01,30,2,Clear,High,Late Night,Scooter,2.9,45.5
ORD_012106,4.98,10,3,Clear,Low,Evening Peak,Scooter,5.9,18.7
ORD_012107,7.85,15,1,Windy,Medium,Evening Peak,Electric Bike,1.5,44.1
ORD_012108,5.06,15,3,Windy,Medium,Afternoon,Scooter,4.8,31.4
ORD_012109,4.61,10,3,Clear,Medium,Morning,Motorcycle,1.5,30.1
ORD_012110,9.23,15,2,Windy,Medium,Evening Peak,Scooter,5.2,43.4
ORD_012111,5.77,15,2,Clear,Jam,Late Night,Scooter,3.2,46.3
ORD_012112,2.42,30,4,Foggy,Medium,Evening Peak,Scooter,5.8,38.6
ORD_012113,2.91,25,1,Clear,Medium,Evening Peak,Motorcycle,1.4,31.1
ORD_012114,2.72,30,3,Rainy,Jam,Late Night,Motorcycle,4.3,47.1
ORD_012115,5.13,10,1,Clear,Low,Afternoon,Motorcycle,4.3,18.2
ORD_012116,2.98,10,5,Clear,High,Evening Peak,Motorcycle,4.5,17.6
ORD_012117,4.64,10,6,Rainy,Medium,Afternoon,Scooter,1.1,35.7
ORD_012118,3.87,30,3,Foggy,Medium,Late Night,Scooter,2.1,47.9
ORD_012119,2.18,15,3,Clear,Medium,Afternoon,Motorcycle,2.4,21.1
ORD_012120,2.88,20,2,Clear,Medium,Afternoon,Motorcycle,2.3,27.8
ORD_012121,11.94,15,4,Clear,Jam,Evening Peak,Motorcycle,4.2,71.4
ORD_012122,4.31,10,2,Rainy,Low,Afternoon,Electric Bike,0.8,31.6
ORD_012123,4.15,10,3,Clear,High,Afternoon,Motorcycle,4.5,20.4
ORD_012124,4.04,20,3,Clear,High,Evening Peak,Scooter,3.4,34.1
ORD_012125,5.98,15,3,Windy,Medium,Evening Peak,Scooter,1.5,36.8
ORD_012126,5.22,15,2,Foggy,Jam,Evening Peak,Motorcycle,1.7,43.4
ORD_012127,13.46,15,2,Rainy,Medium,Afternoon,Scooter,1.0,65.9
ORD_012128,9.55,20,3,Clear,High,Afternoon,Motorcycle,3.0,50.2
ORD_012129,13.22,15,3,Clear,High,Morning,Scooter,3.8,63.9
ORD_012130,7.78,30,3,Clear,Low,Late Night,Motorcycle,3.7,46.3
ORD_012131,7.25,15,4,Windy,Medium,Late Night,Scooter,5.8,35.1
ORD_012132,2.82,15,3,Clear,Medium,Morning,Motorcycle,2.1,26.0
ORD_012133,1.68,20,3,Clear,Medium,Evening Peak,Scooter,4.7,31.8
ORD_012134,2.4,15,5,Clear,High,Late Night,Motorcycle,4.5,19.7
ORD_012135,2.24,25,2,Foggy,Medium,Evening Peak,Electric Bike,0.8,38.8
ORD_012136,4.77,30,2,Windy,Medium,Afternoon,Scooter,5.6,41.0
ORD_012137,8.53,25,5,Clear,High,Afternoon,Scooter,5.6,59.7
ORD_012138,3.61,15,2,Clear,Medium,Afternoon,Electric Bike,2.7,24.1
ORD_012139,3.16,15,1,Windy,Medium,Evening Peak,Scooter,2.8,25.0
ORD_012140,8.14,30,1,Windy,Medium,Late Night,Scooter,5.0,55.2
ORD_012141,3.18,15,1,Clear,High,Evening Peak,Scooter,3.2,28.4
ORD_012142,11.56,25,2,Clear,High,Evening Peak,Motorcycle,4.9,61.4
ORD_012143,2.94,35,2,Clear,Medium,Late Night,Scooter,0.7,43.2
ORD_012144,8.51,20,3,Clear,Low,Morning,Electric Bike,1.9,45.4
ORD_012145,6.06,15,2,Rainy,Medium,Afternoon,Electric Bike,1.0,43.7
ORD_012146,1.42,20,2,Foggy,Medium,Afternoon,Motorcycle,3.0,28.6
ORD_012147,3.33,15,3,Rainy,Medium,Evening Peak,Electric Bike,5.2,32.3
ORD_012148,8.78,15,8,Rainy,Medium,Late Night,Motorcycle,3.6,47.2
ORD_012149,2.21,15,2,Clear,High,Evening Peak,Motorcycle,3.4,19.0
ORD_012150,4.18,15,1,Clear,Medium,Afternoon,Motorcycle,2.5,24.8
ORD_012151,2.27,20,3,Clear,High,Evening Peak,Motorcycle,0.8,29.0
ORD_012152,4.78,20,2,Foggy,Medium,Late Night,Motorcycle,4.7,32.1
ORD_012153,6.43,25,2,Clear,High,Evening Peak,Motorcycle,3.6,44.1
ORD_012154,5.55,25,2,Clear,High,Afternoon,Motorcycle,5.6,38.3
ORD_012155,5.81,15,3,Clear,Low,Evening Peak,Motorcycle,2.9,28.4
ORD_012156,5.53,25,2,Windy,High,Evening Peak,Motorcycle,2.7,46.9
ORD_012157,4.53,15,6,Clear,High,Evening Peak,Scooter,5.9,34.6
ORD_012158,7.98,20,1,Clear,Medium,Late Night,Motorcycle,1.3,40.8
ORD_012159,2.18,25,1,Rainy,Medium,Afternoon,Motorcycle,1.9,36.5
ORD_012160,11.21,15,5,Windy,Medium,Afternoon,Scooter,3.2,49.5
ORD_012161,5.67,20,2,Clear,Medium,Evening Peak,Motorcycle,3.4,33.6
ORD_012162,2.33,15,2,Clear,Medium,Evening Peak,Motorcycle,3.5,23.7
ORD_012163,10.37,25,1,Foggy,High,Afternoon,Motorcycle,1.7,62.2
ORD_012164,4.62,20,2,Clear,Medium,Afternoon,Scooter,5.6,32.7
ORD_012165,3.82,25,3,Foggy,Medium,Evening Peak,Motorcycle,4.4,41.3
ORD_012166,2.36,15,1,Clear,Low,Morning,Scooter,1.9,24.0
ORD_012167,3.59,20,3,Foggy,High,Afternoon,Scooter,2.1,39.1
ORD_012168,8.21,20,3,Rainy,High,Late Night,Scooter,5.3,55.9
ORD_012169,3.07,15,3,Foggy,Medium,Late Night,Motorcycle,2.6,29.6
ORD_012170,8.3,15,2,Clear,Low,Afternoon,Scooter,3.6,36.3
ORD_012171,4.2,15,2,Clear,High,Evening Peak,Scooter,1.2,28.6
ORD_012172,2.84,10,4,Clear,Medium,Morning,Motorcycle,1.9,18.6
ORD_012173,3.69,15,1,Clear,High,Afternoon,Motorcycle,2.8,24.5
ORD_012174,6.66,10,3,Heavy Storm,High,Evening Peak,Electric Bike,4.1,52.4
ORD_012175,5.81,25,1,Clear,High,Evening Peak,Electric Bike,2.0,56.5
ORD_012176,11.93,25,3,Rainy,Jam,Afternoon,Motorcycle,5.7,78.5
ORD_012177,4.32,25,2,Heavy Storm,Medium,Late Night,Motorcycle,1.7,49.7
ORD_012178,8.44,25,2,Heavy Storm,Medium,Evening Peak,Motorcycle,4.8,61.0
ORD_012179,4.77,15,2,Foggy,Medium,Late Night,Scooter,2.5,34.7
ORD_012180,3.22,15,2,Clear,Low,Morning,Motorcycle,5.1,20.6
ORD_012181,2.57,30,3,Clear,Medium,Evening Peak,Motorcycle,5.6,35.8
ORD_012182,4.35,25,3,Windy,Medium,Afternoon,Scooter,1.5,38.2
ORD_012183,5.11,10,3,Windy,Low,Late Night,Electric Bike,3.2,25.4
ORD_012184,10.19,15,5,Clear,High,Morning,Motorcycle,1.3,52.4
ORD_012185,11.86,10,3,Windy,Medium,Evening Peak,Scooter,4.4,48.8
ORD_012186,11.84,15,3,Clear,High,Morning,Motorcycle,5.1,53.8
ORD_012187,3.42,15,2,Windy,Low,Late Night,Motorcycle,2.6,25.2
ORD_012188,3.04,25,2,Rainy,Low,Evening Peak,Motorcycle,2.7,42.7
ORD_012189,3.59,20,2,Clear,Jam,Morning,Electric Bike,1.6,42.0
ORD_012190,4.69,15,1,Foggy,Low,Evening Peak,Motorcycle,2.2,29.1
ORD_012191,1.92,15,3,Windy,High,Evening Peak,Motorcycle,2.3,25.3
ORD_012192,2.93,25,2,Clear,Medium,Morning,Electric Bike,1.4,37.7
ORD_012193,9.79,15,3,Clear,Medium,Morning,Motorcycle,2.2,41.8
ORD_012194,6.0,20,1,Foggy,Low,Afternoon,Electric Bike,5.5,41.4
ORD_012195,3.75,15,3,Clear,Medium,Evening Peak,Scooter,2.3,28.4
ORD_012196,2.03,15,2,Heavy Storm,Jam,Afternoon,Motorcycle,2.0,39.2
ORD_012197,5.92,10,2,Rainy,Jam,Evening Peak,Motorcycle,2.6,41.2
ORD_012198,5.28,25,1,Clear,Medium,Morning,Motorcycle,5.8,37.3
ORD_012199,2.93,10,2,Clear,Medium,Evening Peak,Motorcycle,4.7,18.9
ORD_012200,7.51,15,5,Windy,Medium,Afternoon,Scooter,1.6,44.1
ORD_012201,3.85,15,1,Windy,High,Afternoon,Motorcycle,4.6,23.7
ORD_012202,5.6,20,1,Clear,High,Evening Peak,Electric Bike,4.7,45.3
ORD_012203,11.77,20,3,Clear,High,Evening Peak,Electric Bike,5.7,75.1
ORD_012204,7.28,10,2,Windy,Medium,Morning,Electric Bike,5.4,36.8
ORD_012205,2.37,10,1,Foggy,Medium,Morning,Scooter,1.0,23.7
ORD_012206,7.3,25,1,Clear,Low,Morning,Motorcycle,3.0,37.2
ORD_012207,3.49,20,1,Foggy,Jam,Evening Peak,Motorcycle,4.4,38.2
ORD_012208,6.69,25,1,Rainy,Jam,Late Night,Scooter,5.9,61.5
ORD_012209,8.39,20,8,Clear,Jam,Evening Peak,Motorcycle,1.0,62.7
ORD_012210,5.6,25,2,Clear,Low,Morning,Motorcycle,2.5,36.5
ORD_012211,2.47,15,2,Rainy,High,Evening Peak,Scooter,3.2,31.3
ORD_012212,1.61,20,2,Clear,High,Late Night,Electric Bike,2.8,28.3
ORD_012213,9.37,25,2,Clear,Medium,Late Night,Motorcycle,3.0,51.1
ORD_012214,10.99,15,4,Foggy,High,Evening Peak,Scooter,2.5,58.4
ORD_012215,3.38,15,3,Clear,High,Afternoon,Motorcycle,5.8,24.6
ORD_012216,1.49,20,4,Foggy,High,Evening Peak,Electric Bike,4.9,30.4
ORD_012217,2.23,20,2,Clear,Low,Evening Peak,Scooter,4.6,24.6
ORD_012218,3.94,20,2,Windy,Jam,Evening Peak,Electric Bike,2.8,45.4
ORD_012219,8.35,15,2,Clear,High,Evening Peak,Motorcycle,5.3,39.6
ORD_012220,1.5,10,2,Heavy Storm,Jam,Morning,Motorcycle,1.0,29.8
ORD_012221,10.05,10,1,Windy,Low,Evening Peak,Electric Bike,1.3,38.7
ORD_012222,9.4,30,2,Windy,High,Morning,Scooter,5.7,64.8
ORD_012223,9.94,30,3,Clear,High,Morning,Motorcycle,3.6,61.4
ORD_012224,2.8,15,2,Heavy Storm,Low,Morning,Scooter,1.4,38.5
ORD_012225,8.75,10,6,Clear,Low,Late Night,Electric Bike,5.7,36.4
ORD_012226,5.22,10,2,Clear,High,Late Night,Electric Bike,5.9,29.6
ORD_012227,2.7,15,3,Clear,High,Afternoon,Electric Bike,5.3,22.1
ORD_012228,5.56,15,2,Rainy,Jam,Morning,Motorcycle,1.8,50.0
ORD_012229,5.11,15,2,Foggy,High,Morning,Electric Bike,2.0,44.2
ORD_012230,2.22,25,2,Heavy Storm,Low,Late Night,Electric Bike,2.7,46.8
ORD_012231,7.11,20,2,Clear,Jam,Afternoon,Motorcycle,3.7,53.0
ORD_012232,4.97,10,5,Windy,Medium,Evening Peak,Scooter,6.0,28.5
ORD_012233,4.11,20,2,Clear,High,Afternoon,Scooter,5.8,33.2
ORD_012234,4.02,20,2,Windy,Medium,Late Night,Scooter,5.6,28.8
ORD_012235,6.14,10,3,Clear,Low,Evening Peak,Scooter,1.0,21.7
ORD_012236,3.86,20,1,Windy,Jam,Late Night,Motorcycle,4.7,36.3
ORD_012237,1.64,10,3,Rainy,Medium,Afternoon,Motorcycle,5.3,22.3
ORD_012238,2.62,15,2,Windy,Low,Afternoon,Motorcycle,2.3,19.7
ORD_012239,5.01,10,2,Rainy,Medium,Evening Peak,Electric Bike,1.7,35.0
ORD_012240,3.73,30,4,Foggy,High,Afternoon,Motorcycle,4.6,46.5
ORD_012241,4.08,20,1,Rainy,Medium,Afternoon,Motorcycle,1.0,37.0
ORD_012242,2.86,15,3,Windy,Low,Late Night,Motorcycle,5.7,22.0
ORD_012243,2.88,25,1,Clear,Medium,Late Night,Electric Bike,1.4,36.4
ORD_012244,6.72,15,2,Clear,Medium,Afternoon,Motorcycle,3.0,31.0
ORD_012245,5.51,30,4,Rainy,Medium,Afternoon,Motorcycle,5.9,53.6
ORD_012246,3.1,20,3,Clear,Medium,Evening Peak,Scooter,5.9,27.7
ORD_012247,4.0,20,3,Clear,Medium,Evening Peak,Motorcycle,4.8,29.4
ORD_012248,7.67,25,2,Clear,High,Morning,Scooter,5.1,51.7
ORD_012249,2.56,20,2,Windy,Low,Late Night,Motorcycle,5.8,25.1
ORD_012250,8.25,25,4,Windy,Low,Morning,Motorcycle,5.6,45.9
ORD_012251,4.59,25,2,Windy,Low,Evening Peak,Motorcycle,3.9,35.5
ORD_012252,4.03,15,3,Windy,High,Evening Peak,Motorcycle,4.5,29.5
ORD_012253,2.29,15,4,Foggy,Medium,Afternoon,Motorcycle,3.8,28.1
ORD_012254,17.92,10,4,Foggy,High,Evening Peak,Scooter,3.3,81.6
ORD_012255,6.37,15,2,Foggy,Low,Late Night,Motorcycle,5.3,33.0
ORD_012256,1.62,15,3,Clear,Low,Afternoon,Motorcycle,4.6,20.9
ORD_012257,5.68,10,2,Clear,Medium,Late Night,Motorcycle,5.2,26.2
ORD_012258,9.32,15,1,Windy,High,Morning,Motorcycle,1.0,50.1
ORD_012259,5.9,25,1,Clear,High,Evening Peak,Electric Bike,3.7,49.8
ORD_012260,7.79,25,2,Rainy,Medium,Afternoon,Motorcycle,2.3,53.9
ORD_012261,3.64,10,4,Foggy,High,Late Night,Scooter,3.3,25.0
ORD_012262,3.38,10,2,Foggy,Low,Morning,Electric Bike,3.9,16.1
ORD_012263,4.25,10,1,Clear,High,Morning,Scooter,5.2,24.5
ORD_012264,5.17,25,1,Windy,Medium,Evening Peak,Motorcycle,0.7,37.9
ORD_012265,3.69,15,3,Clear,Jam,Evening Peak,Scooter,1.4,32.3
ORD_012266,4.53,35,4,Clear,Medium,Morning,Electric Bike,5.6,52.6
ORD_012267,2.64,25,2,Foggy,Medium,Late Night,Scooter,5.8,30.3
ORD_012268,1.92,25,2,Clear,Medium,Late Night,Motorcycle,0.8,30.0
ORD_012269,3.14,10,4,Clear,High,Afternoon,Motorcycle,2.3,20.3
ORD_012270,12.76,15,1,Clear,Low,Evening Peak,Motorcycle,0.6,43.8
ORD_012271,9.73,35,1,Clear,High,Afternoon,Scooter,4.7,68.5
ORD_012272,5.76,10,2,Clear,Low,Evening Peak,Scooter,4.3,23.5
ORD_012273,2.12,20,2,Clear,Medium,Evening Peak,Motorcycle,3.6,27.5
ORD_012274,4.75,15,2,Clear,Medium,Evening Peak,Scooter,4.3,29.8
ORD_012275,5.42,15,2,Windy,Medium,Morning,Motorcycle,3.5,28.1
ORD_012276,3.56,25,4,Heavy Storm,Low,Evening Peak,Motorcycle,1.8,47.1
ORD_012277,10.07,20,4,Clear,Low,Morning,Scooter,4.6,46.5
ORD_012278,2.57,25,1,Clear,High,Afternoon,Electric Bike,4.8,37.0
ORD_012279,6.73,20,3,Clear,Low,Afternoon,Motorcycle,5.2,32.5
ORD_012280,2.53,20,2,Clear,High,Morning,Motorcycle,5.7,27.3
ORD_012281,2.71,25,3,Clear,Jam,Morning,Electric Bike,4.6,40.7
ORD_012282,4.75,35,3,Clear,High,Evening Peak,Scooter,0.8,54.7
ORD_012283,1.42,30,2,Clear,Low,Evening Peak,Electric Bike,0.6,36.8
ORD_012284,5.56,25,5,Clear,Medium,Late Night,Motorcycle,4.6,40.9
ORD_012285,3.79,15,2,Windy,High,Late Night,Motorcycle,0.8,30.7
ORD_012286,4.55,15,2,Clear,Jam,Morning,Motorcycle,2.2,34.4
ORD_012287,3.32,10,3,Clear,High,Late Night,Scooter,1.2,23.0
ORD_012288,9.92,15,2,Rainy,Medium,Afternoon,Motorcycle,5.8,47.6
ORD_012289,8.09,15,3,Windy,Medium,Morning,Motorcycle,2.2,37.6
ORD_012290,6.69,10,2,Clear,High,Evening Peak,Motorcycle,0.8,29.7
ORD_012291,2.79,15,1,Clear,High,Afternoon,Scooter,5.7,23.2
ORD_012292,7.15,10,2,Clear,Medium,Evening Peak,Motorcycle,3.8,30.3
ORD_012293,5.96,20,1,Rainy,Low,Evening Peak,Electric Bike,0.7,48.0
ORD_012294,16.51,10,2,Heavy Storm,High,Afternoon,Motorcycle,5.1,76.6
ORD_012295,2.1,20,2,Clear,Medium,Evening Peak,Electric Bike,1.3,28.4
ORD_012296,4.37,15,1,Clear,Low,Evening Peak,Motorcycle,4.9,21.0
ORD_012297,3.35,20,2,Rainy,Medium,Evening Peak,Scooter,3.8,37.5
ORD_012298,6.07,25,2,Clear,Low,Late Night,Electric Bike,1.5,43.6
ORD_012299,1.97,10,2,Clear,High,Evening Peak,Scooter,4.6,17.7
ORD_012300,7.45,35,4,Clear,High,Afternoon,Motorcycle,3.0,62.6
ORD_012301,1.96,20,2,Windy,Low,Morning,Scooter,4.0,27.2
ORD_012302,6.13,10,5,Clear,Medium,Evening Peak,Motorcycle,5.3,22.8
ORD_012303,4.03,15,2,Clear,High,Evening Peak,Scooter,1.9,31.9
ORD_012304,2.98,25,3,Foggy,High,Evening Peak,Motorcycle,2.5,39.5
ORD_012305,2.55,20,1,Windy,Low,Evening Peak,Scooter,6.0,23.1
ORD_012306,3.33,15,2,Heavy Storm,Low,Afternoon,Motorcycle,3.3,36.1
ORD_012307,4.11,30,3,Clear,High,Late Night,Motorcycle,3.6,43.7
ORD_012308,4.92,25,2,Rainy,Low,Evening Peak,Motorcycle,2.1,40.9
ORD_012309,5.29,20,1,Clear,Medium,Afternoon,Motorcycle,2.8,32.9
ORD_012310,4.41,25,5,Clear,Medium,Morning,Electric Bike,3.3,45.4
ORD_012311,3.95,25,1,Clear,Medium,Evening Peak,Motorcycle,1.9,37.3
ORD_012312,11.51,15,2,Clear,Medium,Evening Peak,Scooter,1.8,50.1
ORD_012313,7.17,20,5,Foggy,Low,Morning,Motorcycle,3.8,41.2
ORD_012314,2.14,25,1,Clear,Medium,Evening Peak,Motorcycle,1.5,30.7
ORD_012315,3.56,15,4,Rainy,Medium,Late Night,Motorcycle,3.5,28.5
ORD_012316,4.65,15,6,Foggy,Medium,Evening Peak,Motorcycle,4.4,32.2
ORD_012317,3.04,15,3,Clear,Medium,Late Night,Motorcycle,1.6,29.1
ORD_012318,4.12,15,2,Clear,High,Morning,Motorcycle,4.6,28.2
ORD_012319,2.23,10,2,Clear,Medium,Evening Peak,Motorcycle,2.5,18.5
ORD_012320,5.15,25,1,Windy,Low,Afternoon,Motorcycle,6.0,28.7
ORD_012321,13.72,25,5,Windy,High,Morning,Scooter,5.9,77.1
ORD_012322,5.32,15,3,Clear,Medium,Evening Peak,Scooter,4.9,30.9
ORD_012323,5.31,20,2,Clear,Medium,Afternoon,Motorcycle,2.4,32.1
ORD_012324,4.41,20,3,Clear,Low,Evening Peak,Motorcycle,5.7,29.0
ORD_012325,2.48,15,3,Windy,Medium,Evening Peak,Motorcycle,6.0,20.7
ORD_012326,12.15,15,1,Clear,Low,Evening Peak,Scooter,3.0,41.7
ORD_012327,5.64,15,2,Rainy,Low,Morning,Motorcycle,3.9,33.6
ORD_012328,6.68,20,1,Clear,Jam,Afternoon,Motorcycle,0.5,51.7
ORD_012329,3.94,15,2,Windy,Low,Late Night,Motorcycle,0.7,25.0
ORD_012330,6.8,15,1,Clear,Medium,Afternoon,Scooter,3.3,33.5
ORD_012331,12.1,10,8,Clear,Low,Afternoon,Motorcycle,3.9,41.0
ORD_012332,9.86,30,2,Clear,Jam,Evening Peak,Motorcycle,2.2,70.6
ORD_012333,0.87,25,3,Windy,Jam,Evening Peak,Motorcycle,1.0,31.6
ORD_012334,9.51,15,2,Clear,Low,Morning,Electric Bike,4.8,41.8
ORD_012335,2.79,30,2,Clear,High,Evening Peak,Scooter,2.8,39.7
ORD_012336,2.9,15,2,Clear,Low,Late Night,Motorcycle,4.1,15.4
ORD_012337,2.24,20,1,Clear,Medium,Evening Peak,Motorcycle,4.1,23.7
ORD_012338,2.74,15,5,Rainy,Medium,Evening Peak,Scooter,3.5,36.3
ORD_012339,6.16,15,3,Clear,Medium,Morning,Motorcycle,1.5,32.1
ORD_012340,5.28,25,2,Heavy Storm,Low,Morning,Motorcycle,3.9,48.5
ORD_012341,6.98,25,2,Clear,High,Evening Peak,Electric Bike,2.3,53.2
ORD_012342,4.94,15,2,Rainy,High,Morning,Scooter,5.0,37.5
ORD_012343,2.8,10,3,Clear,Jam,Evening Peak,Motorcycle,1.6,24.6
ORD_012344,7.33,15,4,Clear,Medium,Afternoon,Scooter,2.1,39.9
ORD_012345,4.15,25,3,Clear,Medium,Afternoon,Motorcycle,2.9,37.0
ORD_012346,7.44,10,6,Windy,Medium,Morning,Scooter,4.6,35.1
ORD_012347,5.67,20,3,Rainy,Low,Afternoon,Motorcycle,4.5,39.0
ORD_012348,5.19,25,2,Clear,Low,Afternoon,Scooter,2.4,34.3
ORD_012349,13.39,15,2,Windy,High,Morning,Electric Bike,3.3,80.3
ORD_012350,1.66,25,3,Windy,Medium,Morning,Scooter,1.8,32.9
ORD_012351,1.73,10,1,Windy,Medium,Afternoon,Motorcycle,4.7,15.4
ORD_012352,3.34,20,2,Clear,Jam,Afternoon,Scooter,1.6,36.4
ORD_012353,7.49,25,8,Clear,Low,Late Night,Motorcycle,5.0,41.5
ORD_012354,3.61,15,3,Clear,Medium,Afternoon,Motorcycle,5.7,25.1
ORD_012355,4.23,15,1,Clear,Medium,Afternoon,Motorcycle,6.0,22.3
ORD_012356,1.78,30,1,Clear,Jam,Afternoon,Motorcycle,5.2,32.6
ORD_012357,7.31,10,6,Clear,High,Evening Peak,Electric Bike,1.7,49.0
ORD_012358,1.84,20,2,Clear,Low,Late Night,Motorcycle,2.8,22.6
ORD_012359,3.95,15,2,Clear,Low,Evening Peak,Scooter,1.0,26.1
ORD_012360,1.41,15,3,Rainy,Low,Evening Peak,Scooter,1.4,26.3
ORD_012361,8.23,20,3,Rainy,Low,Morning,Motorcycle,0.8,46.0
ORD_012362,1.76,20,3,Clear,Low,Evening Peak,Scooter,4.0,22.7
ORD_012363,3.8,15,2,Clear,Low,Evening Peak,Motorcycle,3.4,22.7
ORD_012364,3.38,20,3,Heavy Storm,Medium,Afternoon,Scooter,5.5,40.8
ORD_012365,6.71,10,2,Clear,Jam,Late Night,Motorcycle,3.0,41.2
ORD_012366,5.36,10,1,Heavy Storm,High,Evening Peak,Motorcycle,4.0,42.7
ORD_012367,12.96,15,2,Clear,Low,Evening Peak,Motorcycle,2.7,46.0
ORD_012368,2.1,20,3,Rainy,High,Evening Peak,Motorcycle,5.1,38.1
ORD_012369,9.5,15,3,Clear,Jam,Morning,Scooter,5.6,65.3
ORD_012370,10.64,20,3,Windy,High,Afternoon,Scooter,2.9,61.1
ORD_012371,12.68,20,3,Clear,Medium,Evening Peak,Electric Bike,1.0,68.7
ORD_012372,4.94,15,3,Clear,Medium,Late Night,Motorcycle,1.4,27.7
ORD_012373,2.32,20,2,Foggy,High,Evening Peak,Electric Bike,4.5,34.6
ORD_012374,6.32,30,4,Clear,High,Evening Peak,Motorcycle,2.3,50.6
ORD_012375,1.9,15,3,Clear,Medium,Evening Peak,Motorcycle,4.8,20.5
ORD_012376,8.89,25,3,Rainy,Low,Morning,Scooter,4.6,51.3
ORD_012377,4.63,15,2,Clear,High,Morning,Scooter,4.3,31.5
ORD_012378,5.92,25,1,Clear,High,Late Night,Motorcycle,5.0,44.4
ORD_012379,12.65,20,1,Clear,Low,Afternoon,Motorcycle,4.7,45.4
ORD_012380,5.33,20,2,Clear,Jam,Afternoon,Motorcycle,4.0,44.8
ORD_012381,2.33,25,4,Clear,Low,Evening Peak,Motorcycle,0.5,33.5
ORD_012382,4.65,15,1,Clear,Medium,Evening Peak,Motorcycle,3.3,25.9
ORD_012383,3.44,15,2,Foggy,Low,Afternoon,Motorcycle,3.8,22.4
ORD_012384,5.66,10,1,Windy,Low,Morning,Motorcycle,5.8,21.1
ORD_012385,3.9,20,4,Clear,Medium,Evening Peak,Motorcycle,4.1,32.4
ORD_012386,3.19,25,2,Clear,Medium,Evening Peak,Scooter,3.7,31.4
ORD_012387,4.74,15,2,Clear,Jam,Late Night,Motorcycle,3.5,40.4
ORD_012388,2.28,15,1,Clear,Low,Evening Peak,Motorcycle,1.1,21.5
ORD_012389,4.51,20,2,Windy,Medium,Evening Peak,Scooter,2.9,35.4
ORD_012390,6.54,10,2,Rainy,Medium,Morning,Electric Bike,1.2,38.7
ORD_012391,11.01,15,1,Rainy,Jam,Afternoon,Motorcycle,0.8,71.7
ORD_012392,3.48,15,2,Clear,Low,Evening Peak,Scooter,2.3,20.8
ORD_012393,14.23,20,3,Clear,Medium,Evening Peak,Electric Bike,4.0,73.5
ORD_012394,5.97,15,4,Clear,Low,Evening Peak,Motorcycle,5.3,28.5
ORD_012395,4.03,15,3,Clear,Jam,Evening Peak,Electric Bike,5.0,42.8
ORD_012396,4.31,20,6,Clear,Medium,Evening Peak,Motorcycle,2.1,37.7
ORD_012397,4.85,30,2,Windy,Medium,Afternoon,Motorcycle,0.8,44.6
ORD_012398,3.77,10,2,Windy,Low,Late Night,Scooter,2.7,19.3
ORD_012399,3.24,20,2,Clear,Low,Afternoon,Motorcycle,2.2,28.0
ORD_012400,5.57,20,2,Clear,High,Afternoon,Electric Bike,2.5,45.7
ORD_012401,1.64,30,3,Rainy,Medium,Evening Peak,Motorcycle,3.6,40.6
ORD_012402,2.94,20,2,Windy,Low,Afternoon,Electric Bike,0.7,29.5
ORD_012403,7.39,20,4,Foggy,Medium,Afternoon,Electric Bike,2.5,55.7
ORD_012404,1.49,25,2,Heavy Storm,Jam,Evening Peak,Motorcycle,3.6,42.7
ORD_012405,6.13,15,2,Foggy,Low,Afternoon,Motorcycle,2.9,33.6
ORD_012406,5.17,20,4,Rainy,Jam,Morning,Motorcycle,4.2,43.0
ORD_012407,3.38,20,2,Foggy,High,Evening Peak,Electric Bike,1.5,40.6
ORD_012408,3.85,15,3,Clear,Low,Evening Peak,Motorcycle,1.3,26.8
ORD_012409,4.72,10,2,Clear,High,Evening Peak,Motorcycle,2.2,28.5
ORD_012410,6.26,15,2,Clear,High,Evening Peak,Scooter,1.1,36.0
ORD_012411,5.95,15,2,Clear,Medium,Evening Peak,Motorcycle,1.8,30.6
ORD_012412,9.14,20,3,Clear,High,Morning,Motorcycle,1.0,53.5
ORD_012413,5.75,30,3,Foggy,Low,Evening Peak,Motorcycle,2.7,49.5
ORD_012414,10.13,15,3,Clear,High,Morning,Motorcycle,4.4,48.0
ORD_012415,1.6,10,2,Foggy,Medium,Evening Peak,Motorcycle,2.1,16.7
ORD_012416,9.05,35,3,Rainy,Medium,Morning,Motorcycle,0.5,69.8
ORD_012417,4.05,20,2,Clear,High,Evening Peak,Scooter,3.6,34.7
ORD_012418,5.4,25,2,Clear,High,Late Night,Motorcycle,4.3,40.9
ORD_012419,6.95,10,4,Rainy,Low,Evening Peak,Electric Bike,2.7,40.9
ORD_012420,2.63,25,3,Clear,Low,Afternoon,Scooter,2.1,31.6
ORD_012421,4.3,25,3,Clear,Medium,Late Night,Motorcycle,3.2,38.5
ORD_012422,9.58,15,2,Clear,Medium,Evening Peak,Motorcycle,1.1,40.6
ORD_012423,10.98,15,3,Clear,High,Afternoon,Motorcycle,4.0,52.4
ORD_012424,3.37,15,3,Foggy,Medium,Evening Peak,Motorcycle,4.5,33.0
ORD_012425,6.69,15,1,Windy,High,Afternoon,Motorcycle,4.4,35.7
ORD_012426,3.81,35,2,Clear,Medium,Morning,Scooter,2.3,40.3
ORD_012427,1.97,15,2,Windy,Low,Morning,Motorcycle,5.1,19.1
ORD_012428,10.56,25,2,Clear,High,Morning,Motorcycle,5.7,60.9
ORD_012429,2.63,25,4,Clear,High,Afternoon,Motorcycle,2.1,35.4
ORD_012430,17.1,15,2,Windy,Medium,Late Night,Electric Bike,1.9,79.3
ORD_012431,2.22,20,1,Windy,High,Afternoon,Electric Bike,4.4,38.8
ORD_012432,8.91,10,6,Clear,High,Morning,Motorcycle,4.4,39.5
ORD_012433,8.65,15,1,Foggy,Medium,Afternoon,Motorcycle,3.3,40.7
ORD_012434,3.83,30,2,Rainy,Low,Late Night,Motorcycle,5.6,39.5
ORD_012435,5.82,15,3,Rainy,High,Evening Peak,Motorcycle,1.3,42.8
ORD_012436,3.89,15,3,Windy,High,Evening Peak,Motorcycle,3.1,27.4
ORD_012437,2.97,25,2,Clear,High,Morning,Scooter,0.7,40.4
ORD_012438,6.4,20,2,Foggy,High,Evening Peak,Motorcycle,0.8,44.0
ORD_012439,7.89,20,3,Clear,Low,Evening Peak,Motorcycle,0.8,38.9
ORD_012440,3.22,25,4,Clear,Medium,Late Night,Motorcycle,3.2,35.0
ORD_012441,10.57,10,2,Rainy,Low,Evening Peak,Scooter,3.7,42.0
ORD_012442,5.73,25,1,Rainy,Low,Evening Peak,Scooter,0.5,47.9
ORD_012443,4.91,25,2,Clear,High,Evening Peak,Scooter,4.0,43.9
ORD_012444,4.99,10,3,Clear,Medium,Late Night,Motorcycle,3.2,23.5
ORD_012445,10.4,20,8,Windy,Low,Afternoon,Motorcycle,1.7,45.9
ORD_012446,4.12,15,3,Rainy,Medium,Late Night,Electric Bike,0.6,37.1
ORD_012447,4.24,10,2,Windy,Jam,Afternoon,Electric Bike,1.4,38.9
ORD_012448,10.26,15,1,Rainy,Low,Evening Peak,Scooter,3.8,45.4
ORD_012449,10.72,20,2,Rainy,Medium,Evening Peak,Scooter,4.1,55.9
ORD_012450,8.55,30,1,Clear,Medium,Evening Peak,Motorcycle,4.1,48.3
ORD_012451,2.36,20,2,Foggy,Low,Afternoon,Electric Bike,1.3,38.8
ORD_012452,14.03,25,2,Windy,Jam,Afternoon,Motorcycle,5.5,87.1
ORD_012453,5.43,10,2,Windy,Medium,Evening Peak,Motorcycle,2.8,26.3
ORD_012454,4.82,15,1,Clear,Low,Evening Peak,Scooter,4.7,26.6
ORD_012455,8.58,35,2,Windy,Medium,Afternoon,Scooter,1.4,64.2
ORD_012456,6.15,25,6,Windy,Medium,Evening Peak,Electric Bike,3.1,51.0
ORD_012457,3.9,15,2,Windy,Low,Evening Peak,Scooter,3.4,27.2
ORD_012458,11.6,20,2,Clear,Medium,Evening Peak,Motorcycle,4.7,52.4
ORD_012459,4.81,15,1,Clear,Medium,Evening Peak,Scooter,3.9,26.5
ORD_012460,5.35,15,3,Windy,Low,Morning,Motorcycle,2.7,31.6
ORD_012461,11.54,25,2,Clear,Low,Evening Peak,Scooter,2.1,54.3
ORD_012462,8.26,20,2,Clear,Medium,Evening Peak,Motorcycle,5.9,39.5
ORD_012463,7.11,15,4,Rainy,Medium,Evening Peak,Motorcycle,2.1,41.8
ORD_012464,3.81,15,1,Clear,Low,Evening Peak,Scooter,1.2,29.1
ORD_012465,6.34,15,5,Clear,High,Evening Peak,Scooter,2.2,42.8
ORD_012466,6.56,25,2,Foggy,Low,Morning,Scooter,2.3,43.6
ORD_012467,6.47,15,1,Windy,Medium,Morning,Electric Bike,1.2,39.4
ORD_012468,4.89,30,3,Clear,Low,Morning,Motorcycle,4.4,36.6
ORD_012469,3.23,25,3,Clear,High,Afternoon,Scooter,3.9,34.3
ORD_012470,8.95,15,2,Clear,Medium,Late Night,Scooter,2.2,43.3
ORD_012471,3.72,25,4,Clear,Low,Afternoon,Electric Bike,6.0,36.3
ORD_012472,5.19,20,1,Clear,Medium,Evening Peak,Scooter,4.1,32.5
ORD_012473,1.28,15,2,Clear,High,Late Night,Motorcycle,4.4,18.6
ORD_012474,8.13,15,4,Clear,Low,Evening Peak,Scooter,3.6,30.3
ORD_012475,2.91,35,3,Heavy Storm,High,Morning,Electric Bike,3.5,64.7
ORD_012476,6.57,15,2,Windy,Medium,Evening Peak,Electric Bike,0.6,46.2
ORD_012477,2.43,20,2,Windy,Low,Evening Peak,Scooter,4.7,28.1
ORD_012478,4.55,15,2,Windy,High,Late Night,Motorcycle,5.5,30.8
ORD_012479,4.3,15,2,Clear,Medium,Evening Peak,Electric Bike,1.2,33.2
ORD_012480,2.93,25,4,Clear,Medium,Late Night,Motorcycle,4.9,27.2
ORD_012481,5.8,25,1,Rainy,High,Late Night,Motorcycle,3.4,51.1
ORD_012482,2.15,10,2,Foggy,Medium,Morning,Motorcycle,2.1,17.8
ORD_012483,7.62,15,1,Windy,Low,Evening Peak,Scooter,5.6,35.4
ORD_012484,7.86,20,8,Heavy Storm,Jam,Evening Peak,Electric Bike,0.6,91.0
ORD_012485,3.11,15,1,Windy,Medium,Morning,Scooter,2.0,27.8
ORD_012486,10.32,25,2,Clear,Medium,Evening Peak,Motorcycle,5.4,49.6
ORD_012487,4.6,10,4,Clear,Jam,Morning,Electric Bike,3.1,37.9
ORD_012488,2.78,25,2,Clear,Low,Evening Peak,Scooter,3.8,32.3
ORD_012489,1.81,20,5,Rainy,Jam,Afternoon,Scooter,4.6,35.6
ORD_012490,0.98,15,3,Clear,Medium,Evening Peak,Scooter,1.3,17.3
ORD_012491,9.99,15,3,Clear,Jam,Evening Peak,Motorcycle,1.7,58.0
ORD_012492,3.34,15,3,Foggy,Low,Late Night,Electric Bike,6.0,31.6
ORD_012493,4.12,15,3,Clear,Medium,Morning,Motorcycle,1.8,25.6
ORD_012494,3.9,20,2,Clear,Jam,Evening Peak,Electric Bike,3.5,45.7
ORD_012495,8.71,15,2,Foggy,Low,Late Night,Electric Bike,2.1,44.5
ORD_012496,6.79,20,3,Windy,Medium,Afternoon,Motorcycle,5.2,38.2
ORD_012497,5.44,20,4,Clear,Low,Evening Peak,Motorcycle,5.8,33.7
ORD_012498,2.26,10,2,Clear,Jam,Afternoon,Motorcycle,1.3,21.5
ORD_012499,11.85,15,6,Windy,Medium,Evening Peak,Motorcycle,3.8,51.7
ORD_012500,6.89,25,2,Rainy,Low,Evening Peak,Scooter,5.0,48.6
ORD_012501,6.98,15,1,Foggy,High,Evening Peak,Motorcycle,5.0,41.6
ORD_012502,2.41,20,4,Windy,Medium,Afternoon,Electric Bike,2.9,31.1
ORD_012503,2.69,15,5,Clear,Medium,Evening Peak,Motorcycle,1.7,24.0
ORD_012504,5.33,10,4,Rainy,Medium,Morning,Scooter,2.6,36.5
ORD_012505,5.41,15,2,Windy,Medium,Morning,Scooter,4.6,35.9
ORD_012506,2.93,15,5,Rainy,Medium,Morning,Motorcycle,6.0,29.2
ORD_012507,2.43,25,2,Clear,Jam,Late Night,Scooter,3.5,41.1
ORD_012508,3.66,15,1,Windy,Low,Evening Peak,Motorcycle,1.6,24.7
ORD_012509,4.25,10,2,Rainy,Jam,Evening Peak,Scooter,0.7,39.3
ORD_012510,2.27,20,2,Clear,Medium,Afternoon,Motorcycle,5.7,27.3
ORD_012511,7.01,15,4,Heavy Storm,Low,Evening Peak,Motorcycle,3.2,43.6
ORD_012512,7.25,15,3,Clear,Medium,Afternoon,Motorcycle,4.4,36.2
ORD_012513,6.62,25,3,Clear,High,Late Night,Scooter,4.1,51.9
ORD_012514,2.34,15,1,Foggy,Medium,Afternoon,Motorcycle,5.4,25.7
ORD_012515,3.63,30,3,Clear,Low,Late Night,Motorcycle,2.0,37.7
ORD_012516,7.77,15,1,Foggy,Medium,Evening Peak,Motorcycle,2.9,39.8
ORD_012517,5.65,15,2,Clear,Jam,Afternoon,Electric Bike,5.5,51.4
ORD_012518,10.41,30,2,Windy,Medium,Evening Peak,Motorcycle,3.7,59.1
ORD_012519,9.58,25,2,Foggy,Low,Evening Peak,Motorcycle,0.9,51.3
ORD_012520,5.01,10,3,Clear,Medium,Afternoon,Electric Bike,1.6,27.5
ORD_012521,3.58,20,3,Clear,Medium,Afternoon,Scooter,1.8,30.8
ORD_012522,7.57,15,4,Rainy,Low,Afternoon,Scooter,6.0,36.8
ORD_012523,8.0,20,6,Foggy,High,Afternoon,Scooter,1.7,57.2
ORD_012524,8.55,20,3,Rainy,Medium,Afternoon,Scooter,5.3,52.5
ORD_012525,5.6,15,3,Clear,Low,Morning,Scooter,0.9,36.3
ORD_012526,3.34,10,3,Foggy,Jam,Late Night,Electric Bike,1.5,31.5
ORD_012527,6.57,20,4,Heavy Storm,Medium,Evening Peak,Scooter,5.3,53.4
ORD_012528,6.73,10,3,Clear,High,Morning,Scooter,5.4,33.5
ORD_012529,7.44,15,2,Rainy,Medium,Evening Peak,Motorcycle,1.5,38.0
ORD_012530,3.8,15,3,Clear,Jam,Afternoon,Motorcycle,1.8,32.1
ORD_012531,1.6,20,2,Clear,High,Evening Peak,Scooter,3.4,23.2
ORD_012532,6.53,20,1,Clear,Low,Late Night,Scooter,0.8,36.6
ORD_012533,2.08,15,1,Clear,Low,Evening Peak,Scooter,5.7,16.9
ORD_012534,7.84,30,2,Clear,Medium,Morning,Scooter,2.5,50.8
ORD_012535,5.49,20,2,Clear,Medium,Evening Peak,Scooter,3.2,36.4
ORD_012536,3.51,15,3,Clear,Medium,Evening Peak,Motorcycle,1.1,31.7
ORD_012537,10.17,30,2,Clear,Medium,Afternoon,Scooter,0.7,60.3
ORD_012538,4.1,25,1,Clear,High,Morning,Scooter,3.1,41.0
ORD_012539,5.52,10,1,Clear,Low,Morning,Motorcycle,1.2,24.5
ORD_012540,3.74,20,1,Rainy,Low,Late Night,Motorcycle,4.0,33.0
ORD_012541,5.2,20,1,Clear,Medium,Evening Peak,Scooter,4.9,32.9
ORD_012542,6.8,15,1,Rainy,Low,Late Night,Electric Bike,0.7,47.8
ORD_012543,3.91,15,3,Clear,Medium,Afternoon,Scooter,3.9,31.1
ORD_012544,4.58,20,3,Clear,Medium,Evening Peak,Scooter,5.0,36.2
ORD_012545,7.76,15,2,Clear,High,Evening Peak,Motorcycle,2.9,38.8
ORD_012546,1.65,25,1,Rainy,Low,Evening Peak,Scooter,5.8,31.1
ORD_012547,8.03,10,1,Rainy,High,Afternoon,Scooter,1.1,43.4
ORD_012548,8.91,30,2,Clear,Medium,Evening Peak,Motorcycle,2.3,51.4
ORD_012549,2.77,25,6,Clear,High,Evening Peak,Motorcycle,1.8,33.5
ORD_012550,1.85,20,1,Windy,Medium,Afternoon,Motorcycle,6.0,25.4
ORD_012551,2.39,15,1,Clear,High,Morning,Electric Bike,2.1,22.8
ORD_012552,3.0,20,2,Rainy,High,Evening Peak,Scooter,2.6,35.8
ORD_012553,2.54,15,3,Foggy,Medium,Evening Peak,Motorcycle,5.2,22.2
ORD_012554,7.09,20,2,Rainy,Jam,Morning,Scooter,5.6,60.1
ORD_012555,4.74,15,3,Clear,Medium,Evening Peak,Scooter,5.7,33.3
ORD_012556,6.04,25,1,Clear,High,Evening Peak,Electric Bike,3.6,52.1
ORD_012557,8.5,10,1,Rainy,Low,Morning,Motorcycle,4.1,28.7
ORD_012558,7.52,20,1,Clear,Medium,Morning,Motorcycle,2.4,38.6
ORD_012559,11.46,25,4,Clear,High,Late Night,Motorcycle,3.8,60.5
ORD_012560,9.42,20,3,Windy,Low,Morning,Motorcycle,2.2,40.2
ORD_012561,4.46,15,2,Clear,High,Afternoon,Motorcycle,4.6,27.2
ORD_012562,6.57,15,3,Rainy,High,Afternoon,Electric Bike,2.2,54.4
ORD_012563,11.69,20,4,Heavy Storm,Jam,Evening Peak,Electric Bike,5.3,95.0
ORD_012564,4.1,15,4,Clear,Jam,Evening Peak,Motorcycle,1.3,37.3
ORD_012565,6.88,10,2,Clear,Medium,Late Night,Motorcycle,3.6,25.4
ORD_012566,13.61,10,6,Clear,High,Afternoon,Motorcycle,3.4,59.3
ORD_012567,7.32,25,4,Clear,Low,Evening Peak,Motorcycle,2.0,41.1
ORD_012568,2.83,10,3,Clear,Low,Afternoon,Motorcycle,0.7,19.4
ORD_012569,1.9,30,1,Clear,Medium,Afternoon,Scooter,1.3,35.9
ORD_012570,3.15,15,3,Clear,Low,Late Night,Electric Bike,5.8,26.9
ORD_012571,4.64,25,3,Clear,Low,Evening Peak,Electric Bike,5.7,36.1
ORD_012572,12.96,10,5,Foggy,Low,Afternoon,Scooter,1.2,47.6
ORD_012573,8.75,30,2,Heavy Storm,Low,Late Night,Electric Bike,2.6,73.0
ORD_012574,4.06,10,3,Clear,High,Late Night,Scooter,3.1,25.5
ORD_012575,2.92,10,3,Windy,Low,Evening Peak,Motorcycle,3.1,17.0
ORD_012576,2.9,10,1,Windy,High,Morning,Motorcycle,2.1,20.7
ORD_012577,15.1,10,2,Clear,Low,Morning,Electric Bike,5.5,57.3
ORD_012578,2.71,15,1,Foggy,Low,Evening Peak,Electric Bike,5.5,21.3
ORD_012579,7.97,25,2,Clear,Medium,Late Night,Electric Bike,0.6,55.4
ORD_012580,7.72,15,2,Clear,High,Late Night,Electric Bike,4.1,51.8
ORD_012581,4.41,20,2,Clear,High,Late Night,Scooter,0.9,37.3
ORD_012582,2.58,25,1,Clear,Low,Evening Peak,Motorcycle,3.8,32.4
ORD_012583,6.63,30,1,Clear,Medium,Late Night,Scooter,5.3,46.3
ORD_012584,12.41,10,2,Clear,High,Evening Peak,Motorcycle,4.1,51.1
ORD_012585,2.4,10,2,Clear,Medium,Evening Peak,Electric Bike,3.1,21.7
ORD_012586,5.35,10,1,Clear,Medium,Afternoon,Scooter,5.8,25.7
ORD_012587,7.5,15,3,Clear,Medium,Afternoon,Scooter,4.6,33.5
ORD_012588,11.96,15,6,Clear,Medium,Afternoon,Motorcycle,1.9,52.9
ORD_012589,1.68,15,2,Windy,Medium,Morning,Motorcycle,2.6,21.4
ORD_012590,7.0,15,1,Clear,High,Afternoon,Motorcycle,4.7,34.4
ORD_012591,11.81,20,8,Heavy Storm,Jam,Late Night,Motorcycle,0.6,91.0
ORD_012592,8.0,15,2,Clear,Medium,Late Night,Scooter,0.9,38.2
ORD_012593,3.58,15,2,Clear,Medium,Morning,Motorcycle,5.2,20.8
ORD_012594,5.48,10,4,Clear,Jam,Evening Peak,Motorcycle,0.7,39.7
ORD_012595,8.66,20,1,Windy,High,Late Night,Electric Bike,4.2,64.9
ORD_012596,9.01,20,1,Windy,High,Afternoon,Scooter,2.3,55.0
ORD_012597,7.92,25,3,Rainy,Medium,Evening Peak,Scooter,5.0,58.2
ORD_012598,5.79,30,5,Clear,High,Afternoon,Motorcycle,5.2,52.3
ORD_012599,4.88,25,2,Clear,High,Afternoon,Scooter,5.7,38.7
ORD_012600,9.38,15,1,Rainy,High,Late Night,Motorcycle,1.0,52.8
ORD_012601,6.68,15,3,Foggy,Jam,Morning,Motorcycle,2.8,52.0
ORD_012602,5.59,30,3,Clear,Medium,Afternoon,Scooter,3.7,49.1
ORD_012603,3.39,25,2,Rainy,Low,Evening Peak,Motorcycle,5.5,35.3
ORD_012604,3.27,25,2,Windy,Medium,Late Night,Scooter,2.0,34.1
ORD_012605,4.97,20,3,Clear,High,Evening Peak,Scooter,0.9,41.7
ORD_012606,7.26,15,2,Clear,Medium,Late Night,Motorcycle,1.6,33.4
ORD_012607,6.97,25,3,Clear,High,Afternoon,Motorcycle,3.2,48.3
ORD_012608,6.73,10,1,Foggy,Low,Evening Peak,Motorcycle,4.2,25.5
ORD_012609,5.41,15,3,Clear,High,Morning,Scooter,4.3,33.3
ORD_012610,8.91,15,4,Clear,Low,Late Night,Motorcycle,0.9,36.3
ORD_012611,9.89,20,3,Clear,High,Afternoon,Electric Bike,4.7,66.5
ORD_012612,2.71,15,3,Rainy,Medium,Late Night,Motorcycle,4.1,33.8
ORD_012613,3.72,15,2,Clear,Jam,Afternoon,Scooter,2.7,31.4
ORD_012614,14.89,20,3,Windy,High,Morning,Scooter,3.6,75.9
ORD_012615,4.79,15,4,Foggy,High,Afternoon,Motorcycle,4.7,33.6
ORD_012616,4.87,15,4,Foggy,Low,Afternoon,Electric Bike,1.9,36.2
ORD_012617,3.23,20,3,Windy,High,Late Night,Motorcycle,5.7,29.4
ORD_012618,9.04,25,8,Windy,Medium,Evening Peak,Scooter,1.3,59.8
ORD_012619,17.05,15,1,Clear,Medium,Afternoon,Scooter,5.5,59.0
ORD_012620,3.24,20,3,Clear,High,Evening Peak,Scooter,4.6,28.9
ORD_012621,9.36,20,1,Clear,Low,Evening Peak,Electric Bike,4.1,46.0
ORD_012622,2.98,10,4,Clear,Low,Evening Peak,Motorcycle,1.0,16.8
ORD_012623,8.59,15,3,Clear,Medium,Late Night,Scooter,5.6,41.3
ORD_012624,3.02,10,4,Clear,Medium,Morning,Scooter,2.1,20.1
ORD_012625,1.62,20,2,Foggy,Medium,Morning,Scooter,4.6,25.8
ORD_012626,14.79,20,2,Clear,Medium,Evening Peak,Motorcycle,5.4,57.4
ORD_012627,3.99,10,2,Clear,Medium,Evening Peak,Electric Bike,1.8,26.4
ORD_012628,2.19,20,5,Rainy,Medium,Evening Peak,Motorcycle,5.5,35.6
ORD_012629,5.79,25,2,Windy,Low,Afternoon,Motorcycle,3.9,39.9
ORD_012630,7.32,15,1,Clear,Medium,Morning,Scooter,4.1,36.4
ORD_012631,9.58,35,1,Clear,Medium,Evening Peak,Motorcycle,5.5,61.6
ORD_012632,4.64,30,2,Clear,Low,Afternoon,Motorcycle,3.4,35.9
ORD_012633,4.49,25,1,Clear,Low,Evening Peak,Electric Bike,2.9,37.7
ORD_012634,4.02,25,2,Windy,Medium,Morning,Scooter,4.0,37.7
ORD_012635,5.48,15,1,Clear,Low,Evening Peak,Motorcycle,3.5,25.9
ORD_012636,7.78,15,2,Foggy,Jam,Late Night,Electric Bike,0.8,68.0
ORD_012637,6.32,30,1,Windy,Medium,Late Night,Motorcycle,1.5,48.4
ORD_012638,3.93,15,1,Clear,Medium,Evening Peak,Scooter,0.6,28.6
ORD_012639,5.32,10,4,Clear,Medium,Afternoon,Electric Bike,1.1,34.1
ORD_012640,2.52,15,1,Clear,Medium,Morning,Scooter,4.5,20.0
ORD_012641,4.72,20,6,Clear,Medium,Afternoon,Motorcycle,0.5,33.6
ORD_012642,4.36,15,3,Foggy,High,Evening Peak,Scooter,2.2,38.7
ORD_012643,9.63,15,2,Clear,Medium,Afternoon,Scooter,3.0,42.1
ORD_012644,5.8,25,2,Windy,Medium,Evening Peak,Scooter,5.7,39.6
ORD_012645,4.76,15,3,Rainy,High,Evening Peak,Motorcycle,2.3,39.3
ORD_012646,5.13,20,4,Clear,Jam,Evening Peak,Scooter,4.8,46.6
ORD_012647,4.72,15,2,Clear,High,Evening Peak,Motorcycle,2.7,33.5
ORD_012648,2.8,15,3,Foggy,Low,Morning,Scooter,1.0,26.6
ORD_012649,7.7,10,5,Clear,High,Late Night,Motorcycle,1.0,39.1
ORD_012650,1.36,20,3,Windy,High,Afternoon,Motorcycle,2.9,27.7
ORD_012651,3.97,25,2,Rainy,Low,Afternoon,Motorcycle,0.8,40.6
ORD_012652,3.34,20,1,Clear,Low,Late Night,Scooter,3.6,25.7
ORD_012653,4.02,15,3,Clear,High,Morning,Motorcycle,3.2,31.3
ORD_012654,7.6,25,4,Foggy,Low,Afternoon,Motorcycle,4.4,44.3
ORD_012655,4.78,10,1,Clear,Medium,Late Night,Scooter,1.5,22.9
ORD_012656,5.17,10,3,Rainy,Low,Evening Peak,Motorcycle,3.8,31.0
ORD_012657,7.36,25,1,Rainy,Medium,Late Night,Scooter,1.5,50.8
ORD_012658,7.06,15,5,Windy,Low,Afternoon,Electric Bike,4.5,40.6
ORD_012659,6.77,20,2,Clear,Medium,Afternoon,Motorcycle,2.2,40.6
ORD_012660,5.22,10,1,Clear,High,Morning,Electric Bike,3.9,29.9
ORD_012661,9.3,10,2,Clear,Medium,Evening Peak,Scooter,5.4,34.6
ORD_012662,3.28,20,1,Clear,High,Morning,Scooter,3.2,30.0
ORD_012663,4.76,15,3,Clear,Medium,Afternoon,Scooter,1.6,33.7
ORD_012664,4.08,10,4,Clear,High,Evening Peak,Motorcycle,5.4,24.4
ORD_012665,4.2,15,2,Windy,Medium,Evening Peak,Scooter,2.5,32.3
ORD_012666,3.05,15,2,Windy,Medium,Afternoon,Motorcycle,4.5,26.1
ORD_012667,8.24,25,2,Heavy Storm,Medium,Morning,Scooter,2.3,62.6
ORD_012668,7.17,25,3,Clear,Low,Morning,Scooter,2.1,46.4
ORD_012669,4.68,20,3,Clear,Medium,Afternoon,Scooter,4.0,31.7
ORD_012670,6.55,15,8,Clear,Medium,Morning,Scooter,1.4,39.2
ORD_012671,8.53,15,4,Rainy,Medium,Afternoon,Scooter,5.3,46.9
ORD_012672,11.66,20,1,Clear,Medium,Evening Peak,Scooter,2.6,54.4
ORD_012673,2.38,10,4,Rainy,Medium,Morning,Scooter,0.6,30.3
ORD_012674,4.86,15,1,Rainy,High,Late Night,Motorcycle,2.2,35.6
ORD_012675,9.9,25,1,Clear,Medium,Morning,Electric Bike,4.8,60.0
ORD_012676,15.36,15,2,Clear,High,Evening Peak,Motorcycle,5.2,64.8
ORD_012677,6.22,20,1,Clear,High,Afternoon,Scooter,3.6,41.6
ORD_012678,8.12,10,2,Clear,Medium,Evening Peak,Scooter,2.1,34.7
ORD_012679,1.14,25,3,Clear,Medium,Evening Peak,Motorcycle,3.4,23.2
ORD_012680,6.41,10,3,Clear,High,Afternoon,Motorcycle,5.1,30.4
ORD_012681,4.59,25,2,Foggy,Medium,Evening Peak,Scooter,2.2,43.8
ORD_012682,7.68,10,3,Clear,Low,Afternoon,Scooter,2.6,28.6
ORD_012683,12.06,25,1,Clear,Medium,Evening Peak,Motorcycle,3.5,56.8
ORD_012684,5.19,15,4,Windy,Low,Evening Peak,Motorcycle,5.4,27.1
ORD_012685,5.05,20,2,Clear,High,Morning,Motorcycle,3.7,34.3
ORD_012686,3.73,25,2,Clear,Medium,Morning,Scooter,1.6,35.9
ORD_012687,1.39,10,1,Clear,High,Evening Peak,Scooter,1.0,16.9
ORD_012688,3.91,15,3,Clear,High,Late Night,Motorcycle,1.0,28.1
ORD_012689,2.29,30,8,Foggy,High,Afternoon,Electric Bike,5.7,49.1
ORD_012690,2.43,15,3,Foggy,High,Evening Peak,Scooter,5.0,30.4
ORD_012691,6.47,20,1,Clear,Medium,Evening Peak,Scooter,4.7,37.1
ORD_012692,2.62,10,5,Clear,Low,Afternoon,Scooter,3.2,14.0
ORD_012693,5.45,20,3,Clear,Jam,Evening Peak,Scooter,4.2,51.2
ORD_012694,14.36,10,4,Clear,Jam,Afternoon,Electric Bike,1.2,95.0
ORD_012695,4.19,20,2,Windy,Low,Afternoon,Scooter,3.9,31.8
ORD_012696,2.43,15,2,Clear,High,Afternoon,Motorcycle,5.0,25.1
ORD_012697,12.43,15,1,Clear,Low,Afternoon,Motorcycle,0.8,40.8
ORD_012698,2.99,15,5,Clear,Low,Late Night,Scooter,2.1,25.3
ORD_012699,4.0,20,1,Windy,High,Afternoon,Electric Bike,1.1,38.8
ORD_012700,8.97,15,3,Clear,Medium,Late Night,Scooter,1.9,44.9
ORD_012701,2.74,15,2,Rainy,High,Morning,Electric Bike,4.7,34.1
ORD_012702,3.8,20,3,Clear,Medium,Morning,Scooter,2.3,29.7
ORD_012703,2.66,15,4,Clear,High,Morning,Motorcycle,4.3,22.0
ORD_012704,8.9,25,2,Rainy,Low,Evening Peak,Motorcycle,4.8,47.4
ORD_012705,2.6,20,2,Windy,High,Morning,Motorcycle,5.0,30.4
ORD_012706,6.95,20,1,Clear,Low,Evening Peak,Motorcycle,5.3,32.7
ORD_012707,4.9,10,2,Clear,Medium,Evening Peak,Scooter,3.8,24.5
ORD_012708,3.68,20,4,Clear,Medium,Evening Peak,Scooter,2.0,33.6
ORD_012709,4.84,10,4,Foggy,Low,Morning,Motorcycle,1.3,26.9
ORD_012710,4.03,25,3,Clear,Jam,Evening Peak,Scooter,3.3,46.8
ORD_012711,3.28,15,2,Rainy,Medium,Afternoon,Motorcycle,1.1,31.7
ORD_012712,1.73,10,2,Clear,High,Morning,Motorcycle,5.5,12.0
ORD_012713,2.71,15,2,Foggy,Medium,Evening Peak,Scooter,2.9,23.8
ORD_012714,5.79,30,4,Foggy,Low,Morning,Motorcycle,5.3,47.1
ORD_012715,4.35,25,2,Clear,High,Evening Peak,Motorcycle,4.4,41.1
ORD_012716,6.88,15,4,Rainy,Medium,Afternoon,Scooter,5.2,41.9
ORD_012717,5.44,30,1,Clear,Low,Afternoon,Motorcycle,5.4,45.4
ORD_012718,1.18,10,2,Clear,Low,Evening Peak,Electric Bike,0.8,13.9
ORD_012719,6.47,20,8,Clear,Medium,Morning,Motorcycle,4.5,45.5
ORD_012720,2.48,20,5,Heavy Storm,Medium,Evening Peak,Motorcycle,1.7,43.0
ORD_012721,5.14,25,3,Clear,Low,Evening Peak,Electric Bike,5.9,41.7
ORD_012722,2.0,15,2,Heavy Storm,Medium,Late Night,Motorcycle,4.8,31.9
ORD_012723,8.69,15,3,Clear,High,Evening Peak,Scooter,0.5,47.8
ORD_012724,7.78,20,8,Rainy,Jam,Morning,Motorcycle,5.6,64.9
ORD_012725,4.48,15,1,Clear,High,Morning,Scooter,2.1,32.5
ORD_012726,7.61,10,2,Clear,Low,Afternoon,Scooter,2.8,27.9
ORD_012727,2.82,20,8,Rainy,Medium,Evening Peak,Electric Bike,3.9,37.9
ORD_012728,3.52,20,3,Clear,Medium,Morning,Scooter,5.5,30.5
ORD_012729,8.55,15,3,Windy,High,Afternoon,Motorcycle,5.6,49.1
ORD_012730,1.02,15,3,Rainy,Medium,Evening Peak,Motorcycle,3.6,24.7
ORD_012731,4.57,15,2,Rainy,Medium,Afternoon,Motorcycle,2.2,35.0
ORD_012732,6.2,20,5,Windy,Medium,Afternoon,Scooter,2.0,39.3
ORD_012733,3.88,20,1,Clear,Medium,Evening Peak,Scooter,2.5,34.0
ORD_012734,9.89,25,4,Clear,Medium,Afternoon,Motorcycle,1.5,54.2
ORD_012735,11.49,25,3,Windy,Medium,Evening Peak,Motorcycle,4.2,59.7
ORD_012736,6.46,25,2,Rainy,High,Afternoon,Motorcycle,3.4,52.0
ORD_012737,2.49,15,2,Clear,Jam,Late Night,Scooter,4.8,26.6
ORD_012738,7.69,10,2,Clear,High,Morning,Motorcycle,1.0,35.5
ORD_012739,13.97,25,2,Clear,High,Evening Peak,Scooter,2.7,71.9
ORD_012740,5.29,10,2,Clear,Medium,Morning,Motorcycle,1.8,24.5
ORD_012741,4.7,35,2,Clear,High,Evening Peak,Scooter,3.4,51.8
ORD_012742,2.93,25,4,Clear,Medium,Morning,Scooter,3.1,36.5
ORD_012743,6.02,20,3,Foggy,Low,Evening Peak,Motorcycle,3.0,34.2
ORD_012744,4.79,15,1,Clear,High,Afternoon,Motorcycle,2.2,29.8
ORD_012745,1.3,20,3,Clear,Low,Evening Peak,Electric Bike,4.5,22.1
ORD_012746,7.42,20,5,Rainy,Low,Morning,Electric Bike,3.1,45.5
ORD_012747,2.33,25,6,Clear,Low,Late Night,Scooter,1.6,33.1
ORD_012748,15.36,10,2,Clear,Low,Evening Peak,Motorcycle,3.5,44.3
ORD_012749,5.49,25,5,Clear,Low,Afternoon,Scooter,3.8,37.8
ORD_012750,4.49,20,1,Windy,High,Evening Peak,Scooter,0.6,39.4
ORD_012751,5.34,10,2,Windy,High,Evening Peak,Motorcycle,1.6,30.9
ORD_012752,5.15,15,2,Clear,High,Evening Peak,Motorcycle,1.8,32.8
ORD_012753,4.04,20,1,Windy,Medium,Evening Peak,Motorcycle,1.9,31.2
ORD_012754,1.89,15,3,Clear,High,Morning,Electric Bike,1.8,25.6
ORD_012755,10.01,15,2,Foggy,Medium,Evening Peak,Motorcycle,2.0,46.0
ORD_012756,5.3,10,1,Clear,Jam,Evening Peak,Scooter,1.9,34.0
ORD_012757,8.95,30,2,Rainy,Medium,Evening Peak,Motorcycle,5.4,60.0
ORD_012758,2.03,10,2,Clear,Low,Late Night,Scooter,2.3,16.9
ORD_012759,3.2,15,5,Clear,High,Morning,Electric Bike,2.4,30.4
ORD_012760,3.84,15,4,Windy,High,Afternoon,Scooter,2.0,34.2
ORD_012761,2.53,20,4,Clear,Low,Evening Peak,Scooter,5.8,29.9
ORD_012762,7.41,20,3,Clear,Medium,Morning,Motorcycle,3.4,42.4
ORD_012763,4.38,25,1,Windy,High,Afternoon,Motorcycle,3.9,41.2
ORD_012764,5.93,20,2,Clear,Medium,Morning,Scooter,4.5,37.4
ORD_012765,3.49,20,3,Clear,High,Evening Peak,Motorcycle,2.3,30.9
ORD_012766,9.17,15,1,Clear,Medium,Evening Peak,Electric Bike,5.8,45.3
ORD_012767,7.92,20,2,Rainy,High,Morning,Electric Bike,1.3,65.4
ORD_012768,7.28,10,2,Clear,Medium,Afternoon,Motorcycle,3.0,29.2
ORD_012769,5.48,20,4,Windy,Jam,Afternoon,Motorcycle,1.3,52.6
ORD_012770,10.02,10,2,Clear,Medium,Afternoon,Scooter,4.8,36.0
ORD_012771,7.97,25,2,Clear,Medium,Morning,Motorcycle,1.1,45.0
ORD_012772,4.88,20,3,Clear,Medium,Afternoon,Scooter,3.5,31.5
ORD_012773,3.69,20,2,Clear,Medium,Morning,Motorcycle,1.1,34.0
ORD_012774,4.37,20,1,Clear,Medium,Morning,Motorcycle,3.0,26.9
ORD_012775,6.63,25,3,Clear,Medium,Afternoon,Scooter,2.0,45.3
ORD_012776,2.02,15,2,Clear,Medium,Afternoon,Motorcycle,5.5,17.3
ORD_012777,3.12,15,8,Clear,Low,Late Night,Electric Bike,0.8,24.2
ORD_012778,9.93,15,2,Foggy,High,Morning,Motorcycle,4.1,47.8
ORD_012779,8.68,10,1,Windy,Medium,Evening Peak,Electric Bike,4.3,41.9
ORD_012780,4.39,15,3,Clear,Medium,Afternoon,Motorcycle,5.4,25.2
ORD_012781,21.31,10,2,Windy,Medium,Evening Peak,Scooter,5.3,75.6
ORD_012782,7.72,25,1,Rainy,High,Afternoon,Electric Bike,5.9,64.9
ORD_012783,5.33,25,3,Rainy,Low,Evening Peak,Motorcycle,1.9,43.2
ORD_012784,8.77,15,2,Windy,Medium,Evening Peak,Motorcycle,2.0,42.4
ORD_012785,3.6,10,5,Clear,Medium,Morning,Motorcycle,2.7,24.9
ORD_012786,3.28,15,3,Clear,High,Afternoon,Motorcycle,3.5,22.9
ORD_012787,4.77,15,2,Clear,High,Afternoon,Motorcycle,2.5,30.0
ORD_012788,5.18,25,3,Windy,Low,Morning,Scooter,4.6,42.0
ORD_012789,3.29,15,2,Clear,Medium,Morning,Scooter,0.5,24.7
ORD_012790,10.71,25,5,Clear,Low,Evening Peak,Motorcycle,0.6,50.1
ORD_012791,4.16,10,3,Rainy,High,Late Night,Motorcycle,4.4,36.6
ORD_012792,1.78,15,6,Rainy,Medium,Afternoon,Motorcycle,5.4,28.6
ORD_012793,5.49,30,2,Rainy,Low,Evening Peak,Scooter,4.8,48.5
ORD_012794,4.56,10,4,Clear,Low,Late Night,Motorcycle,1.1,24.6
ORD_012795,8.21,15,2,Rainy,Jam,Morning,Scooter,5.6,63.3
ORD_012796,3.63,15,2,Windy,High,Afternoon,Motorcycle,3.4,34.6
ORD_012797,7.45,20,2,Windy,Medium,Evening Peak,Scooter,4.6,45.7
ORD_012798,5.96,15,4,Clear,Medium,Morning,Scooter,1.6,32.6
ORD_012799,9.07,25,5,Rainy,Medium,Evening Peak,Electric Bike,3.5,65.8
ORD_012800,5.46,30,1,Clear,Medium,Evening Peak,Motorcycle,2.3,45.3
ORD_012801,3.19,25,4,Clear,Medium,Evening Peak,Scooter,5.9,36.3
ORD_012802,6.14,15,6,Clear,Medium,Evening Peak,Scooter,3.1,38.5
ORD_012803,2.71,35,2,Windy,Low,Evening Peak,Scooter,4.7,43.8
ORD_012804,1.46,20,2,Windy,Low,Evening Peak,Motorcycle,3.8,24.3
ORD_012805,3.34,15,5,Rainy,Low,Evening Peak,Scooter,1.0,34.8
ORD_012806,9.4,10,5,Clear,Low,Late Night,Motorcycle,3.5,36.2
ORD_012807,13.21,20,1,Clear,Medium,Evening Peak,Scooter,3.5,59.1
ORD_012808,2.01,20,6,Windy,High,Evening Peak,Motorcycle,4.4,31.4
ORD_012809,8.51,10,2,Clear,Low,Afternoon,Motorcycle,2.3,28.8
ORD_012810,11.97,20,2,Clear,Medium,Late Night,Motorcycle,5.2,49.8
ORD_012811,2.67,35,3,Clear,Medium,Afternoon,Motorcycle,3.9,43.0
ORD_012812,10.78,15,2,Windy,Low,Afternoon,Motorcycle,0.7,43.5
ORD_012813,2.36,15,1,Foggy,Low,Late Night,Scooter,4.4,21.8
ORD_012814,4.78,30,3,Clear,Medium,Afternoon,Scooter,5.5,42.1
ORD_012815,6.37,10,3,Clear,Low,Afternoon,Scooter,4.3,26.2
ORD_012816,2.79,30,2,Clear,Medium,Evening Peak,Motorcycle,2.6,36.8
ORD_012817,10.41,25,2,Windy,Low,Evening Peak,Motorcycle,3.7,54.1
ORD_012818,5.07,15,3,Windy,High,Afternoon,Motorcycle,1.4,36.7
ORD_012819,8.07,10,8,Rainy,Low,Evening Peak,Scooter,3.8,40.4
ORD_012820,2.89,10,5,Heavy Storm,Medium,Morning,Motorcycle,3.3,36.7
ORD_012821,13.65,15,3,Heavy Storm,High,Morning,Scooter,0.6,80.1
ORD_012822,6.81,20,4,Clear,High,Evening Peak,Motorcycle,2.3,48.3
ORD_012823,6.65,15,2,Windy,Low,Afternoon,Electric Bike,1.6,42.3
ORD_012824,6.3,20,2,Foggy,Low,Evening Peak,Electric Bike,2.6,43.2
ORD_012825,6.7,20,6,Windy,Medium,Morning,Motorcycle,1.8,43.6
ORD_012826,7.63,20,3,Rainy,High,Afternoon,Electric Bike,5.1,60.4
ORD_012827,4.17,30,2,Clear,High,Late Night,Motorcycle,4.3,37.6
ORD_012828,2.29,20,2,Clear,Medium,Late Night,Motorcycle,4.6,26.6
ORD_012829,2.35,30,2,Clear,High,Morning,Motorcycle,2.5,32.1
ORD_012830,5.31,15,1,Clear,Medium,Evening Peak,Electric Bike,0.5,35.9
ORD_012831,12.18,20,3,Windy,Medium,Afternoon,Electric Bike,1.7,68.8
ORD_012832,4.76,20,4,Clear,Medium,Evening Peak,Electric Bike,4.7,39.4
ORD_012833,9.68,30,3,Windy,High,Afternoon,Scooter,3.8,63.7
ORD_012834,4.89,20,1,Clear,Low,Evening Peak,Motorcycle,3.5,34.9
ORD_012835,11.37,15,3,Rainy,Medium,Late Night,Motorcycle,2.0,55.0
ORD_012836,6.61,15,2,Rainy,High,Afternoon,Electric Bike,0.9,52.9
ORD_012837,6.07,15,2,Windy,High,Late Night,Scooter,4.8,38.7
ORD_012838,9.16,15,3,Clear,High,Late Night,Motorcycle,0.7,49.0
ORD_012839,6.56,15,2,Clear,Low,Morning,Motorcycle,0.8,25.3
ORD_012840,7.44,25,4,Windy,Medium,Afternoon,Motorcycle,2.1,48.1
ORD_012841,5.26,15,2,Rainy,Medium,Morning,Motorcycle,3.7,34.1
ORD_012842,6.3,15,2,Windy,High,Afternoon,Scooter,6.0,36.1
ORD_012843,2.47,25,2,Rainy,Medium,Evening Peak,Motorcycle,1.0,38.7
ORD_012844,10.33,15,2,Windy,Medium,Late Night,Motorcycle,3.1,43.9
ORD_012845,10.53,30,3,Windy,Low,Afternoon,Scooter,3.8,57.9
ORD_012846,4.29,15,2,Windy,High,Late Night,Scooter,5.0,32.9
ORD_012847,4.98,15,8,Windy,Jam,Afternoon,Motorcycle,4.3,43.0
ORD_012848,13.47,10,4,Foggy,Medium,Evening Peak,Motorcycle,4.9,48.0
ORD_012849,4.36,35,1,Clear,Medium,Late Night,Scooter,3.4,46.6
ORD_012850,7.9,25,2,Rainy,Medium,Evening Peak,Scooter,2.9,51.7
ORD_012851,5.84,25,3,Rainy,Medium,Afternoon,Motorcycle,3.9,46.9
ORD_012852,2.09,15,1,Foggy,Medium,Evening Peak,Motorcycle,5.5,20.1
ORD_012853,6.76,30,1,Foggy,Low,Evening Peak,Scooter,3.5,52.1
ORD_012854,2.2,30,3,Clear,Medium,Morning,Scooter,3.8,37.4
ORD_012855,10.19,15,2,Rainy,Medium,Afternoon,Motorcycle,2.4,51.2
ORD_012856,4.62,20,1,Rainy,High,Evening Peak,Scooter,3.8,42.1
ORD_012857,2.54,35,3,Foggy,Low,Evening Peak,Scooter,4.0,46.5
ORD_012858,8.28,15,2,Clear,High,Morning,Scooter,4.6,45.7
ORD_012859,2.15,10,5,Foggy,Low,Evening Peak,Scooter,3.6,21.7
ORD_012860,2.22,25,2,Clear,Medium,Afternoon,Motorcycle,1.6,32.7
ORD_012861,13.87,15,2,Windy,High,Evening Peak,Electric Bike,3.7,84.0
ORD_012862,9.3,35,3,Heavy Storm,High,Evening Peak,Motorcycle,2.1,81.8
ORD_012863,5.44,20,2,Clear,High,Late Night,Motorcycle,1.0,37.4
ORD_012864,6.88,10,1,Clear,Low,Late Night,Scooter,5.0,24.4
ORD_012865,2.99,15,3,Clear,High,Late Night,Motorcycle,0.9,29.5
ORD_012866,5.79,20,3,Clear,Medium,Evening Peak,Electric Bike,4.0,41.9
ORD_012867,2.69,10,1,Clear,Medium,Evening Peak,Motorcycle,5.9,13.2
ORD_012868,2.64,15,2,Clear,Medium,Evening Peak,Scooter,1.0,22.7
ORD_012869,8.52,15,1,Rainy,Low,Evening Peak,Motorcycle,1.7,38.9
ORD_012870,4.0,20,1,Foggy,High,Evening Peak,Motorcycle,4.7,37.3
ORD_012871,3.64,30,2,Clear,Medium,Evening Peak,Scooter,1.0,40.3
ORD_012872,6.5,20,3,Windy,Low,Evening Peak,Motorcycle,5.1,37.2
ORD_012873,3.56,20,2,Rainy,Medium,Evening Peak,Motorcycle,0.5,39.1
ORD_012874,4.54,15,1,Clear,Low,Evening Peak,Electric Bike,5.4,32.0
ORD_012875,12.73,20,1,Rainy,Medium,Evening Peak,Scooter,0.9,68.0
ORD_012876,2.21,20,2,Rainy,Low,Evening Peak,Motorcycle,5.6,27.8
ORD_012877,11.58,25,6,Clear,Medium,Afternoon,Scooter,5.3,65.7
ORD_012878,22.0,25,2,Rainy,Low,Evening Peak,Scooter,3.5,85.8
ORD_012879,2.3,20,1,Windy,Medium,Late Night,Motorcycle,4.8,25.8
ORD_012880,2.5,35,4,Clear,Medium,Afternoon,Scooter,0.9,46.6
ORD_012881,7.21,25,2,Foggy,High,Evening Peak,Scooter,1.2,60.3
ORD_012882,1.4,10,1,Foggy,Medium,Morning,Motorcycle,2.5,18.1
ORD_012883,5.52,20,8,Windy,Medium,Morning,Electric Bike,3.5,43.4
ORD_012884,3.28,30,2,Foggy,Low,Late Night,Motorcycle,5.3,43.8
ORD_012885,10.37,30,2,Heavy Storm,Medium,Late Night,Electric Bike,3.5,79.6
ORD_012886,4.18,15,1,Rainy,Low,Evening Peak,Electric Bike,4.2,35.2
ORD_012887,6.04,20,6,Clear,Jam,Evening Peak,Scooter,4.2,54.2
ORD_012888,7.77,15,3,Rainy,Medium,Afternoon,Motorcycle,5.3,44.3
ORD_012889,6.85,10,3,Foggy,High,Evening Peak,Scooter,4.8,36.6
ORD_012890,5.22,25,1,Rainy,Low,Late Night,Motorcycle,5.9,42.8
ORD_012891,7.98,30,3,Foggy,Medium,Morning,Motorcycle,0.6,58.5
ORD_012892,2.05,20,2,Rainy,High,Evening Peak,Motorcycle,1.6,32.2
ORD_012893,9.27,10,2,Clear,High,Late Night,Scooter,5.6,42.0
ORD_012894,4.36,25,2,Heavy Storm,Medium,Morning,Motorcycle,4.9,51.8
ORD_012895,7.44,15,3,Clear,Low,Afternoon,Motorcycle,2.0,34.0
ORD_012896,5.09,10,1,Rainy,Medium,Evening Peak,Scooter,5.9,28.6
ORD_012897,3.64,15,3,Rainy,Medium,Evening Peak,Motorcycle,5.3,32.3
ORD_012898,4.87,15,2,Clear,Medium,Evening Peak,Motorcycle,0.9,30.0
ORD_012899,6.14,20,2,Rainy,Low,Morning,Motorcycle,5.0,39.6
ORD_012900,6.72,15,3,Rainy,Low,Evening Peak,Motorcycle,4.8,35.1
ORD_012901,6.21,10,2,Rainy,Medium,Afternoon,Scooter,1.7,35.4
ORD_012902,3.49,30,1,Clear,High,Afternoon,Scooter,4.2,41.2
ORD_012903,2.83,30,1,Foggy,Low,Morning,Electric Bike,5.8,36.1
ORD_012904,2.98,10,1,Clear,High,Morning,Motorcycle,4.2,17.1
ORD_012905,4.52,15,3,Clear,High,Evening Peak,Motorcycle,5.0,27.9
ORD_012906,7.37,20,3,Foggy,Medium,Evening Peak,Scooter,1.0,46.5
ORD_012907,7.66,15,3,Clear,Medium,Evening Peak,Motorcycle,4.5,34.0
ORD_012908,3.75,15,1,Rainy,Medium,Evening Peak,Motorcycle,1.6,35.3
ORD_012909,5.23,15,2,Foggy,Medium,Evening Peak,Motorcycle,0.9,31.0
ORD_012910,2.15,30,1,Clear,Medium,Late Night,Scooter,3.5,31.6
ORD_012911,4.17,30,1,Clear,Medium,Afternoon,Motorcycle,4.6,35.9
ORD_012912,3.74,25,1,Clear,Medium,Morning,Motorcycle,3.5,32.7
ORD_012913,3.25,20,1,Clear,High,Evening Peak,Scooter,5.6,29.3
ORD_012914,5.56,20,1,Windy,Jam,Late Night,Scooter,4.3,49.3
ORD_012915,12.97,15,1,Rainy,High,Afternoon,Motorcycle,1.1,61.0
ORD_012916,5.4,20,3,Windy,Jam,Evening Peak,Motorcycle,5.6,44.8
ORD_012917,9.67,20,2,Foggy,Jam,Afternoon,Motorcycle,1.3,66.2
ORD_012918,8.52,20,6,Clear,Low,Evening Peak,Scooter,4.7,45.1
ORD_012919,3.85,10,3,Clear,Jam,Afternoon,Motorcycle,1.3,28.0
ORD_012920,8.02,15,6,Clear,Low,Late Night,Scooter,6.0,34.2
ORD_012921,13.4,30,2,Foggy,High,Evening Peak,Motorcycle,2.3,80.4
ORD_012922,2.51,15,2,Clear,Medium,Evening Peak,Motorcycle,3.2,20.4
ORD_012923,8.51,15,3,Clear,High,Afternoon,Scooter,3.1,45.8
ORD_012924,5.01,15,3,Clear,Jam,Evening Peak,Scooter,1.1,39.6
ORD_012925,3.51,15,1,Clear,High,Evening Peak,Motorcycle,3.2,24.7
ORD_012926,6.49,10,2,Heavy Storm,High,Late Night,Scooter,1.3,47.4
ORD_012927,6.59,15,2,Clear,Low,Evening Peak,Scooter,4.9,27.1
ORD_012928,17.27,20,2,Foggy,High,Evening Peak,Motorcycle,5.8,78.6
ORD_012929,3.59,15,3,Clear,Low,Afternoon,Electric Bike,4.9,29.5
ORD_012930,5.39,20,3,Clear,Medium,Evening Peak,Electric Bike,2.9,44.3
ORD_012931,5.33,10,3,Windy,Medium,Late Night,Motorcycle,0.5,32.8
ORD_012932,3.57,10,2,Clear,Medium,Evening Peak,Scooter,0.7,21.8
ORD_012933,3.02,25,2,Rainy,High,Evening Peak,Motorcycle,3.2,42.6
ORD_012934,4.12,25,1,Rainy,Medium,Evening Peak,Scooter,4.2,45.8
ORD_012935,4.91,20,3,Foggy,Medium,Evening Peak,Scooter,5.0,38.8
ORD_012936,2.91,10,3,Foggy,High,Evening Peak,Scooter,3.8,22.8
ORD_012937,8.79,15,1,Rainy,High,Late Night,Motorcycle,5.9,49.1
ORD_012938,6.97,25,2,Foggy,Medium,Evening Peak,Electric Bike,3.2,51.7
ORD_012939,2.55,10,2,Clear,Low,Evening Peak,Motorcycle,3.8,13.1
ORD_012940,4.08,25,3,Clear,Medium,Morning,Motorcycle,1.8,38.6
ORD_012941,5.62,20,1,Foggy,Jam,Afternoon,Scooter,2.4,45.3
ORD_012942,7.76,20,2,Clear,Jam,Morning,Electric Bike,4.3,65.7
ORD_012943,4.93,20,3,Clear,Medium,Afternoon,Electric Bike,3.8,36.5
ORD_012944,7.52,15,6,Clear,Low,Evening Peak,Motorcycle,2.5,30.0
ORD_012945,6.28,15,3,Windy,Low,Evening Peak,Motorcycle,1.1,33.6
ORD_012946,8.02,20,3,Clear,Jam,Evening Peak,Motorcycle,2.4,57.1
ORD_012947,3.32,25,2,Clear,High,Evening Peak,Electric Bike,0.7,40.4
ORD_012948,7.09,10,2,Foggy,Medium,Late Night,Scooter,3.7,37.0
ORD_012949,5.02,15,2,Foggy,Medium,Afternoon,Motorcycle,2.3,29.6
ORD_012950,9.51,15,3,Clear,Jam,Evening Peak,Motorcycle,2.6,59.2
ORD_012951,3.28,20,1,Rainy,Low,Evening Peak,Scooter,3.7,33.3
ORD_012952,6.35,10,2,Clear,Medium,Evening Peak,Scooter,3.7,27.5
ORD_012953,5.42,30,3,Heavy Storm,Jam,Morning,Scooter,3.7,70.5
ORD_012954,4.74,20,1,Clear,High,Evening Peak,Motorcycle,3.2,32.3
ORD_012955,4.19,30,5,Clear,Medium,Morning,Scooter,3.2,42.4
ORD_012956,4.37,25,5,Rainy,Jam,Morning,Motorcycle,5.0,52.3
ORD_012957,12.45,15,6,Clear,Low,Morning,Electric Bike,3.1,58.6
ORD_012958,4.66,10,2,Clear,Low,Morning,Electric Bike,3.4,18.8
ORD_012959,11.93,25,1,Clear,Low,Morning,Electric Bike,5.9,54.8
ORD_012960,4.73,20,3,Clear,Low,Late Night,Scooter,1.5,34.9
ORD_012961,5.74,10,4,Rainy,High,Evening Peak,Scooter,4.5,39.4
ORD_012962,5.22,30,1,Rainy,Medium,Evening Peak,Motorcycle,3.1,52.3
ORD_012963,12.32,15,2,Windy,High,Late Night,Motorcycle,5.1,57.2
ORD_012964,8.24,15,3,Heavy Storm,High,Evening Peak,Scooter,2.7,58.2
ORD_012965,3.97,20,3,Rainy,Low,Evening Peak,Motorcycle,2.2,36.5
ORD_012966,2.21,25,2,Windy,Medium,Evening Peak,Motorcycle,1.6,34.5
ORD_012967,4.02,10,1,Clear,High,Evening Peak,Electric Bike,5.3,26.0
ORD_012968,10.49,15,3,Clear,High,Evening Peak,Motorcycle,4.5,50.8
ORD_012969,2.64,15,1,Clear,Low,Morning,Motorcycle,0.9,23.2
ORD_012970,2.27,25,1,Clear,Medium,Morning,Scooter,4.4,31.9
ORD_012971,3.54,25,1,Windy,Medium,Morning,Motorcycle,0.7,34.8
ORD_012972,2.9,15,5,Clear,Medium,Evening Peak,Scooter,1.5,25.1
ORD_012973,3.16,20,3,Clear,High,Evening Peak,Motorcycle,3.8,30.7
ORD_012974,1.72,15,3,Clear,Low,Evening Peak,Scooter,3.0,19.1
ORD_012975,5.8,20,3,Clear,Medium,Afternoon,Scooter,5.1,35.6
ORD_012976,6.46,35,2,Windy,High,Evening Peak,Motorcycle,3.8,61.5
ORD_012977,4.65,20,2,Rainy,Jam,Evening Peak,Scooter,5.8,45.7
ORD_012978,2.23,35,5,Clear,Low,Morning,Scooter,5.2,36.6
ORD_012979,3.55,20,3,Clear,Medium,Afternoon,Motorcycle,2.4,32.6
ORD_012980,6.34,10,4,Rainy,Low,Evening Peak,Scooter,5.1,31.8
ORD_012981,6.83,25,5,Foggy,Medium,Morning,Motorcycle,5.3,45.5
ORD_012982,1.76,15,2,Clear,Medium,Morning,Scooter,5.8,17.9
ORD_012983,5.31,20,3,Clear,Medium,Morning,Electric Bike,0.6,45.9
ORD_012984,3.39,20,2,Foggy,Medium,Late Night,Motorcycle,5.3,33.4
ORD_012985,5.11,25,4,Windy,Low,Afternoon,Motorcycle,0.9,41.3
ORD_012986,2.32,15,2,Clear,Jam,Afternoon,Electric Bike,3.4,27.7
ORD_012987,1.9,25,3,Clear,Medium,Evening Peak,Motorcycle,2.8,31.7
ORD_012988,4.58,30,3,Windy,Low,Afternoon,Motorcycle,5.6,39.4
ORD_012989,4.82,10,2,Windy,Medium,Evening Peak,Electric Bike,2.7,35.4
ORD_012990,3.07,25,1,Clear,Medium,Evening Peak,Scooter,3.8,34.0
ORD_012991,11.35,15,3,Heavy Storm,Low,Evening Peak,Scooter,4.3,55.2
ORD_012992,3.33,10,1,Clear,High,Morning,Scooter,0.6,20.8
ORD_012993,3.3,30,3,Clear,High,Evening Peak,Scooter,3.8,46.4
ORD_012994,5.21,15,5,Clear,Medium,Morning,Motorcycle,3.3,29.5
ORD_012995,4.84,20,3,Rainy,Low,Afternoon,Motorcycle,3.8,40.3
ORD_012996,3.34,20,1,Heavy Storm,Jam,Afternoon,Motorcycle,0.9,49.3
ORD_012997,6.43,15,2,Clear,High,Morning,Motorcycle,0.8,38.0
ORD_012998,6.4,20,2,Clear,Low,Evening Peak,Scooter,1.5,36.2
ORD_012999,5.27,10,2,Foggy,High,Afternoon,Motorcycle,5.3,27.8
ORD_013000,5.77,15,4,Clear,Low,Morning,Scooter,2.5,28.1
ORD_013001,5.02,30,1,Clear,Low,Afternoon,Motorcycle,2.9,40.7
ORD_013002,4.85,30,2,Rainy,Medium,Evening Peak,Electric Bike,2.6,56.8
ORD_013003,2.35,15,3,Windy,High,Afternoon,Motorcycle,4.4,26.8
ORD_013004,5.43,15,5,Clear,Jam,Evening Peak,Scooter,1.9,44.4
ORD_013005,8.33,15,3,Clear,Jam,Evening Peak,Scooter,0.9,57.1
ORD_013006,5.77,25,3,Clear,High,Evening Peak,Scooter,2.6,50.4
ORD_013007,4.3,10,2,Clear,High,Evening Peak,Motorcycle,4.5,23.0
ORD_013008,8.12,10,2,Clear,Medium,Evening Peak,Motorcycle,5.5,25.1
ORD_013009,5.78,25,2,Windy,Low,Evening Peak,Motorcycle,0.8,42.5
ORD_013010,3.32,15,3,Clear,Low,Evening Peak,Scooter,5.0,21.6
ORD_013011,8.11,10,2,Clear,Jam,Afternoon,Motorcycle,0.9,45.3
ORD_013012,3.85,10,3,Windy,Medium,Late Night,Scooter,2.3,27.3
ORD_013013,2.71,25,2,Foggy,High,Late Night,Motorcycle,0.6,40.5
ORD_013014,3.1,15,3,Rainy,Low,Evening Peak,Scooter,5.5,27.6
ORD_013015,3.66,15,2,Clear,Medium,Morning,Motorcycle,4.4,16.3
ORD_013016,2.28,25,2,Clear,Low,Evening Peak,Motorcycle,2.5,28.3
ORD_013017,10.02,25,1,Heavy Storm,High,Late Night,Motorcycle,2.6,74.6
ORD_013018,1.86,10,2,Clear,Low,Late Night,Scooter,4.0,13.0
ORD_013019,6.87,20,3,Foggy,High,Late Night,Motorcycle,1.0,50.0
ORD_013020,5.94,15,4,Clear,Low,Evening Peak,Motorcycle,1.3,29.7
ORD_013021,5.72,20,4,Rainy,High,Afternoon,Motorcycle,5.2,46.0
ORD_013022,6.39,15,3,Windy,Medium,Evening Peak,Motorcycle,1.6,35.3
ORD_013023,4.54,15,1,Foggy,Medium,Afternoon,Scooter,4.5,34.3
ORD_013024,6.88,20,3,Heavy Storm,Medium,Evening Peak,Electric Bike,1.7,61.3
ORD_013025,4.77,20,2,Rainy,High,Morning,Motorcycle,1.0,43.1
ORD_013026,4.06,15,2,Clear,Low,Afternoon,Motorcycle,5.5,24.2
ORD_013027,2.42,10,3,Clear,High,Afternoon,Electric Bike,5.5,18.7
ORD_013028,6.08,30,2,Clear,High,Evening Peak,Scooter,3.8,53.1
ORD_013029,6.14,15,3,Clear,Medium,Evening Peak,Electric Bike,3.0,40.5
ORD_013030,5.01,20,3,Clear,Jam,Evening Peak,Electric Bike,3.5,49.7
ORD_013031,7.69,10,6,Heavy Storm,High,Morning,Electric Bike,2.7,61.9
ORD_013032,9.27,20,1,Clear,Medium,Evening Peak,Motorcycle,4.7,40.9
ORD_013033,3.75,10,1,Heavy Storm,High,Late Night,Scooter,4.7,38.0
ORD_013034,7.03,15,2,Clear,Low,Late Night,Scooter,5.0,29.9
ORD_013035,2.4,20,2,Clear,High,Evening Peak,Scooter,3.4,30.9
ORD_013036,5.21,15,2,Windy,Low,Afternoon,Scooter,4.9,33.8
ORD_013037,4.57,20,3,Foggy,Jam,Late Night,Electric Bike,1.4,53.9
ORD_013038,7.82,10,3,Clear,Low,Afternoon,Electric Bike,0.7,34.5
ORD_013039,3.92,15,3,Clear,Low,Evening Peak,Motorcycle,4.1,27.1
ORD_013040,9.54,20,5,Rainy,Medium,Afternoon,Motorcycle,1.1,56.4
ORD_013041,4.42,10,1,Foggy,Medium,Late Night,Motorcycle,3.5,26.5
ORD_013042,2.42,10,4,Clear,Medium,Morning,Motorcycle,4.5,15.1
ORD_013043,1.96,15,3,Clear,High,Afternoon,Scooter,2.7,24.1
ORD_013044,7.42,10,4,Clear,Low,Evening Peak,Scooter,0.7,30.6
ORD_013045,2.28,10,1,Foggy,Medium,Morning,Motorcycle,5.4,18.1
ORD_013046,6.54,15,4,Heavy Storm,Medium,Afternoon,Motorcycle,0.7,48.4
ORD_013047,7.34,10,2,Clear,Low,Afternoon,Electric Bike,5.5,32.5
ORD_013048,3.29,25,6,Windy,High,Evening Peak,Scooter,0.8,43.0
ORD_013049,5.86,10,2,Heavy Storm,High,Morning,Scooter,4.5,44.3
ORD_013050,11.31,25,3,Clear,Medium,Evening Peak,Motorcycle,5.6,52.2
ORD_013051,4.62,25,4,Windy,Medium,Afternoon,Motorcycle,5.5,39.5
ORD_013052,2.06,10,5,Clear,Medium,Afternoon,Electric Bike,5.4,17.5
ORD_013053,3.58,10,2,Heavy Storm,Medium,Afternoon,Scooter,5.4,31.9
ORD_013054,12.12,10,3,Clear,High,Evening Peak,Scooter,3.3,53.4
ORD_013055,7.66,20,1,Clear,Medium,Afternoon,Electric Bike,3.6,46.4
ORD_013056,2.58,20,1,Clear,Low,Evening Peak,Motorcycle,3.9,25.0
ORD_013057,9.14,20,2,Clear,Medium,Morning,Electric Bike,5.4,50.3
ORD_013058,9.43,20,3,Heavy Storm,Jam,Late Night,Motorcycle,5.1,81.2
ORD_013059,3.95,15,3,Windy,High,Morning,Scooter,4.8,29.9
ORD_013060,2.37,25,2,Foggy,High,Afternoon,Motorcycle,4.2,37.6
ORD_013061,8.7,15,3,Windy,Jam,Evening Peak,Scooter,3.9,62.0
ORD_013062,13.01,35,3,Clear,Low,Evening Peak,Motorcycle,5.6,63.3
ORD_013063,3.34,15,4,Clear,High,Late Night,Electric Bike,1.6,30.7
ORD_013064,7.42,15,4,Windy,Medium,Late Night,Motorcycle,1.6,42.6
ORD_013065,3.38,25,2,Foggy,Low,Evening Peak,Scooter,5.9,35.2
ORD_013066,3.3,20,1,Windy,High,Evening Peak,Motorcycle,3.5,31.4
ORD_013067,5.87,20,2,Windy,Low,Morning,Scooter,3.2,36.6
ORD_013068,3.1,15,1,Foggy,Jam,Afternoon,Motorcycle,5.2,34.4
ORD_013069,4.93,25,3,Clear,High,Morning,Motorcycle,5.2,37.1
ORD_013070,9.6,30,1,Foggy,High,Afternoon,Scooter,1.5,69.9
ORD_013071,2.15,15,2,Clear,High,Morning,Motorcycle,1.5,23.6
ORD_013072,7.95,15,2,Windy,Medium,Evening Peak,Motorcycle,4.9,36.9
ORD_013073,5.62,20,4,Clear,High,Evening Peak,Motorcycle,4.8,41.7
ORD_013074,6.44,30,3,Clear,High,Morning,Motorcycle,1.7,50.8
ORD_013075,5.33,20,3,Clear,Low,Evening Peak,Motorcycle,5.1,31.2
ORD_013076,10.34,30,3,Foggy,Medium,Afternoon,Motorcycle,3.1,64.3
ORD_013077,6.24,15,2,Clear,Medium,Evening Peak,Electric Bike,3.1,37.7
ORD_013078,4.14,30,4,Clear,Low,Afternoon,Motorcycle,5.9,39.2
ORD_013079,5.63,10,1,Foggy,Jam,Evening Peak,Motorcycle,3.4,36.9
ORD_013080,4.01,15,6,Clear,Medium,Morning,Scooter,1.3,30.9
ORD_013081,3.43,15,3,Clear,Medium,Morning,Motorcycle,2.0,26.0
ORD_013082,9.08,20,2,Clear,Medium,Evening Peak,Motorcycle,2.3,45.7
ORD_013083,4.02,15,3,Clear,High,Evening Peak,Motorcycle,5.8,27.5
ORD_013084,1.89,30,2,Windy,Medium,Morning,Motorcycle,2.0,39.1
ORD_013085,6.48,30,1,Clear,High,Evening Peak,Scooter,2.9,51.6
ORD_013086,4.15,25,1,Rainy,High,Afternoon,Scooter,4.6,48.5
ORD_013087,11.45,10,3,Clear,High,Morning,Electric Bike,2.0,64.4
ORD_013088,7.07,10,3,Clear,Medium,Morning,Motorcycle,4.4,29.1
ORD_013089,11.14,15,2,Foggy,High,Evening Peak,Scooter,1.6,62.1
ORD_013090,7.85,25,3,Rainy,Medium,Evening Peak,Scooter,1.8,55.5
ORD_013091,9.22,10,2,Clear,High,Evening Peak,Scooter,5.9,42.3
ORD_013092,6.28,20,2,Windy,Low,Late Night,Electric Bike,2.5,37.7
ORD_013093,8.14,20,2,Windy,Low,Evening Peak,Scooter,4.5,40.5
ORD_013094,3.17,20,3,Clear,Jam,Morning,Scooter,5.1,35.8
ORD_013095,7.83,15,2,Windy,Low,Late Night,Motorcycle,2.4,35.7
ORD_013096,2.35,20,1,Clear,Medium,Late Night,Scooter,2.5,24.9
ORD_013097,4.94,15,6,Foggy,Medium,Late Night,Electric Bike,4.8,35.7
ORD_013098,3.67,15,4,Rainy,Medium,Morning,Motorcycle,3.8,33.5
ORD_013099,5.89,30,3,Clear,High,Late Night,Motorcycle,2.5,49.7
ORD_013100,3.97,15,1,Clear,High,Late Night,Motorcycle,4.6,28.7
ORD_013101,2.4,35,2,Foggy,High,Late Night,Electric Bike,5.3,46.7
ORD_013102,2.28,10,2,Clear,Jam,Evening Peak,Motorcycle,1.8,16.8
ORD_013103,2.51,15,5,Clear,Jam,Morning,Scooter,0.6,32.6
ORD_013104,5.98,15,2,Clear,High,Morning,Electric Bike,2.0,42.8
ORD_013105,6.1,35,3,Clear,Medium,Evening Peak,Scooter,4.2,54.5
ORD_013106,3.96,35,3,Foggy,Medium,Late Night,Scooter,5.5,47.9
ORD_013107,6.6,15,4,Clear,High,Afternoon,Scooter,5.2,37.6
ORD_013108,4.67,15,1,Windy,Jam,Evening Peak,Motorcycle,1.7,40.6
ORD_013109,6.34,20,4,Clear,Jam,Afternoon,Electric Bike,5.3,62.4
ORD_013110,5.11,25,3,Foggy,Medium,Evening Peak,Motorcycle,5.0,40.6
ORD_013111,8.0,20,1,Foggy,High,Morning,Motorcycle,4.5,47.2
ORD_013112,3.14,25,3,Clear,Medium,Evening Peak,Motorcycle,4.3,33.7
ORD_013113,1.73,10,2,Clear,Low,Evening Peak,Scooter,4.9,12.0
ORD_013114,4.69,20,1,Clear,Medium,Evening Peak,Motorcycle,5.2,31.9
ORD_013115,5.41,20,2,Clear,Low,Evening Peak,Electric Bike,5.0,34.5
ORD_013116,2.77,15,1,Heavy Storm,Medium,Afternoon,Motorcycle,1.2,38.6
ORD_013117,3.03,25,2,Heavy Storm,Medium,Evening Peak,Motorcycle,4.5,47.1
ORD_013118,6.97,30,8,Clear,Jam,Afternoon,Motorcycle,5.1,64.0
ORD_013119,7.07,25,1,Clear,Jam,Evening Peak,Motorcycle,1.5,59.2
ORD_013120,4.58,15,2,Clear,Low,Afternoon,Motorcycle,1.7,21.9
ORD_013121,2.01,15,3,Rainy,Low,Evening Peak,Motorcycle,4.8,27.7
ORD_013122,6.82,15,6,Clear,Low,Evening Peak,Scooter,2.4,35.7
ORD_013123,5.38,15,2,Windy,Medium,Morning,Motorcycle,2.7,33.8
ORD_013124,3.71,30,2,Clear,High,Afternoon,Scooter,2.6,40.1
ORD_013125,8.47,15,2,Rainy,Medium,Afternoon,Motorcycle,1.7,45.5
ORD_013126,1.33,25,1,Rainy,Jam,Evening Peak,Motorcycle,5.7,34.5
ORD_013127,4.95,15,8,Windy,Medium,Afternoon,Motorcycle,4.9,34.3
ORD_013128,6.87,20,2,Windy,Medium,Morning,Scooter,1.9,47.0
ORD_013129,2.36,10,3,Clear,High,Morning,Motorcycle,1.1,19.3
ORD_013130,2.24,15,2,Foggy,Jam,Afternoon,Electric Bike,2.5,33.7
ORD_013131,12.03,15,2,Clear,Medium,Afternoon,Electric Bike,2.8,58.7
ORD_013132,7.03,20,1,Foggy,Medium,Morning,Scooter,0.5,46.4
ORD_013133,10.38,25,3,Heavy Storm,Low,Late Night,Motorcycle,5.4,62.3
ORD_013134,8.14,10,3,Rainy,Medium,Late Night,Motorcycle,5.2,39.7
ORD_013135,6.04,15,2,Clear,Medium,Late Night,Motorcycle,5.2,31.9
ORD_013136,12.93,20,3,Heavy Storm,Low,Evening Peak,Scooter,4.9,63.8
ORD_013137,5.68,25,2,Windy,High,Afternoon,Scooter,4.5,45.4
ORD_013138,4.73,15,2,Clear,Medium,Afternoon,Motorcycle,4.0,24.8
ORD_013139,8.14,15,4,Foggy,High,Afternoon,Scooter,5.8,49.1
ORD_013140,8.55,10,2,Rainy,High,Morning,Motorcycle,4.4,42.9
ORD_013141,6.52,15,2,Clear,High,Morning,Scooter,4.0,37.3
ORD_013142,3.71,10,3,Windy,Low,Evening Peak,Scooter,4.8,23.6
ORD_013143,8.12,20,2,Rainy,Medium,Late Night,Scooter,1.9,53.3
ORD_013144,3.67,30,2,Clear,Medium,Late Night,Motorcycle,5.8,38.4
ORD_013145,5.2,10,3,Windy,High,Evening Peak,Scooter,0.6,32.5
ORD_013146,3.03,25,4,Clear,Medium,Evening Peak,Motorcycle,4.1,35.0
ORD_013147,3.13,20,3,Foggy,High,Afternoon,Motorcycle,0.9,35.0
ORD_013148,1.48,30,4,Windy,Medium,Afternoon,Scooter,5.2,38.9
ORD_013149,4.65,25,1,Clear,Low,Late Night,Motorcycle,5.8,34.5
ORD_013150,6.14,25,2,Clear,Medium,Late Night,Motorcycle,2.7,43.3
ORD_013151,12.66,20,2,Rainy,High,Evening Peak,Scooter,5.2,71.6
ORD_013152,3.5,25,1,Clear,High,Late Night,Motorcycle,2.3,34.7
ORD_013153,5.31,15,2,Foggy,High,Evening Peak,Motorcycle,1.4,42.2
ORD_013154,4.79,15,2,Clear,Medium,Afternoon,Scooter,2.0,24.6
ORD_013155,6.27,30,3,Rainy,High,Evening Peak,Electric Bike,2.2,69.7
ORD_013156,4.27,20,2,Clear,Medium,Evening Peak,Motorcycle,4.0,29.6
ORD_013157,7.1,10,3,Clear,Medium,Morning,Motorcycle,4.9,30.9
ORD_013158,2.92,25,3,Clear,Medium,Afternoon,Scooter,1.6,36.9
ORD_013159,5.05,15,6,Clear,Low,Morning,Motorcycle,1.0,29.1
ORD_013160,6.09,15,1,Clear,Medium,Late Night,Motorcycle,1.7,28.4
ORD_013161,8.83,20,6,Clear,High,Evening Peak,Motorcycle,2.1,50.4
ORD_013162,7.17,20,1,Clear,Low,Afternoon,Electric Bike,2.0,40.9
ORD_013163,4.99,20,4,Clear,Medium,Morning,Motorcycle,1.7,32.8
ORD_013164,3.14,15,2,Clear,Low,Morning,Scooter,3.1,23.4
ORD_013165,13.54,30,2,Rainy,High,Afternoon,Motorcycle,5.2,82.5
ORD_013166,3.38,30,2,Clear,Low,Afternoon,Motorcycle,1.1,42.1
ORD_013167,2.48,10,4,Heavy Storm,Low,Evening Peak,Motorcycle,5.2,32.5
ORD_013168,3.57,15,2,Clear,Low,Afternoon,Motorcycle,3.2,19.3
ORD_013169,2.22,10,3,Clear,Medium,Evening Peak,Electric Bike,4.1,19.1
ORD_013170,6.05,25,6,Clear,Medium,Evening Peak,Motorcycle,5.0,43.2
ORD_013171,4.97,25,2,Clear,Medium,Morning,Electric Bike,2.2,47.0
ORD_013172,4.41,20,2,Foggy,Low,Evening Peak,Scooter,5.7,30.4
ORD_013173,4.71,25,1,Clear,Jam,Afternoon,Scooter,1.0,49.5
ORD_013174,3.7,20,3,Clear,High,Evening Peak,Motorcycle,3.4,30.9
ORD_013175,1.65,15,2,Clear,Medium,Afternoon,Motorcycle,1.9,19.9
ORD_013176,8.15,15,3,Heavy Storm,High,Morning,Scooter,2.7,61.2
ORD_013177,3.89,15,2,Rainy,High,Evening Peak,Motorcycle,3.0,36.0
ORD_013178,2.27,15,1,Clear,Medium,Evening Peak,Motorcycle,5.5,17.6
ORD_013179,1.86,20,2,Clear,Medium,Evening Peak,Motorcycle,2.9,23.6
ORD_013180,9.8,15,4,Clear,High,Morning,Motorcycle,4.3,50.8
ORD_013181,4.13,15,1,Clear,High,Evening Peak,Electric Bike,5.7,31.6
ORD_013182,4.07,10,1,Clear,High,Afternoon,Motorcycle,3.2,22.4
ORD_013183,6.44,20,4,Clear,Medium,Morning,Motorcycle,2.7,35.6
ORD_013184,3.71,35,2,Clear,High,Afternoon,Electric Bike,5.9,49.3
ORD_013185,2.19,25,2,Clear,Low,Evening Peak,Scooter,5.1,30.9
ORD_013186,3.51,20,2,Windy,High,Evening Peak,Motorcycle,5.7,32.1
ORD_013187,5.68,25,2,Clear,Low,Morning,Motorcycle,2.7,30.1
ORD_013188,3.49,15,4,Windy,High,Late Night,Scooter,4.3,27.8
ORD_013189,3.06,15,3,Foggy,High,Evening Peak,Scooter,1.9,34.0
ORD_013190,2.67,15,3,Windy,Jam,Evening Peak,Scooter,5.3,32.8
ORD_013191,6.13,10,3,Clear,Medium,Afternoon,Motorcycle,5.6,24.2
ORD_013192,5.6,20,1,Clear,Low,Morning,Motorcycle,2.0,35.5
ORD_013193,6.57,15,6,Clear,Medium,Evening Peak,Scooter,1.1,36.4
ORD_013194,4.43,25,1,Clear,Medium,Evening Peak,Motorcycle,1.6,37.6
ORD_013195,3.86,15,5,Foggy,High,Evening Peak,Scooter,4.0,33.9
ORD_013196,3.15,15,8,Windy,Low,Evening Peak,Motorcycle,2.0,28.3
ORD_013197,4.14,30,2,Clear,Low,Morning,Scooter,4.0,36.6
ORD_013198,1.92,10,3,Windy,Low,Evening Peak,Motorcycle,2.4,15.7
ORD_013199,5.83,15,1,Windy,Low,Afternoon,Scooter,5.5,30.0
ORD_013200,3.93,10,3,Clear,Jam,Late Night,Scooter,3.0,32.8
ORD_013201,8.69,10,1,Foggy,Low,Afternoon,Motorcycle,3.2,34.5
ORD_013202,4.81,20,5,Rainy,Medium,Evening Peak,Motorcycle,2.4,41.6
ORD_013203,1.63,20,3,Clear,Medium,Evening Peak,Scooter,0.9,28.7
ORD_013204,5.42,15,3,Windy,Low,Evening Peak,Motorcycle,3.2,28.7
ORD_013205,13.75,25,5,Clear,Low,Evening Peak,Motorcycle,4.8,55.5
ORD_013206,6.12,20,4,Clear,Jam,Evening Peak,Motorcycle,5.7,46.9
ORD_013207,7.5,15,2,Rainy,High,Afternoon,Motorcycle,0.9,46.6
ORD_013208,9.2,15,1,Rainy,Jam,Evening Peak,Scooter,4.9,65.9
ORD_013209,3.0,25,2,Clear,Medium,Morning,Motorcycle,2.0,29.9
ORD_013210,4.53,20,3,Clear,Medium,Evening Peak,Motorcycle,5.0,30.3
ORD_013211,3.08,10,3,Clear,Medium,Evening Peak,Motorcycle,2.4,19.7
ORD_013212,7.02,15,2,Clear,Medium,Evening Peak,Motorcycle,1.1,30.7
ORD_013213,3.1,15,2,Clear,High,Morning,Scooter,3.9,19.7
ORD_013214,4.41,15,2,Rainy,Medium,Evening Peak,Motorcycle,5.4,30.7
ORD_013215,7.34,15,2,Rainy,Low,Afternoon,Motorcycle,1.5,38.3
ORD_013216,6.97,35,2,Foggy,Low,Afternoon,Motorcycle,0.6,52.5
ORD_013217,5.37,25,1,Clear,Low,Evening Peak,Scooter,5.4,34.7
ORD_013218,9.26,25,2,Rainy,Low,Morning,Electric Bike,4.3,57.5
ORD_013219,7.32,15,5,Heavy Storm,High,Afternoon,Scooter,4.9,56.3
ORD_013220,3.51,10,1,Foggy,High,Morning,Motorcycle,0.8,19.7
ORD_013221,2.23,10,4,Clear,High,Late Night,Motorcycle,5.4,17.7
ORD_013222,2.92,20,3,Clear,Medium,Morning,Motorcycle,2.8,33.7
ORD_013223,7.58,15,2,Rainy,Medium,Evening Peak,Motorcycle,5.4,38.7
ORD_013224,6.08,15,1,Clear,Medium,Morning,Motorcycle,0.9,30.3
ORD_013225,9.31,10,5,Clear,Low,Evening Peak,Motorcycle,5.4,32.9
ORD_013226,6.43,25,2,Rainy,Medium,Late Night,Motorcycle,4.2,46.2
ORD_013227,7.42,20,2,Clear,Medium,Evening Peak,Motorcycle,3.5,42.2
ORD_013228,5.78,10,2,Rainy,Low,Evening Peak,Scooter,0.8,30.9
ORD_013229,3.44,25,4,Windy,Jam,Evening Peak,Scooter,4.3,43.0
ORD_013230,3.35,25,2,Windy,Low,Evening Peak,Scooter,3.8,34.1
ORD_013231,2.93,15,3,Foggy,High,Morning,Scooter,4.5,25.6
ORD_013232,3.45,15,2,Clear,Medium,Evening Peak,Motorcycle,4.4,23.1
ORD_013233,9.44,25,2,Foggy,High,Evening Peak,Electric Bike,2.9,71.4
ORD_013234,6.9,15,5,Windy,Low,Afternoon,Electric Bike,1.6,39.5
ORD_013235,4.46,25,3,Clear,Medium,Afternoon,Scooter,5.6,36.2
ORD_013236,6.18,10,3,Clear,High,Evening Peak,Electric Bike,5.6,38.0
ORD_013237,6.13,15,3,Rainy,High,Evening Peak,Motorcycle,1.7,41.1
ORD_013238,9.89,15,1,Clear,High,Morning,Scooter,4.0,49.3
ORD_013239,4.22,20,3,Clear,High,Evening Peak,Scooter,1.6,38.2
ORD_013240,5.6,35,2,Clear,Medium,Evening Peak,Scooter,5.2,50.0
ORD_013241,7.45,15,4,Heavy Storm,High,Evening Peak,Scooter,1.0,57.6
ORD_013242,3.42,10,8,Clear,Low,Evening Peak,Scooter,5.9,18.6
ORD_013243,10.36,15,3,Foggy,Low,Afternoon,Motorcycle,3.9,36.0
ORD_013244,7.25,25,2,Clear,Medium,Afternoon,Scooter,0.6,47.5
ORD_013245,2.92,25,4,Clear,Medium,Evening Peak,Scooter,5.4,32.3
ORD_013246,12.3,15,4,Clear,Medium,Evening Peak,Scooter,4.3,53.6
ORD_013247,9.27,30,4,Rainy,High,Evening Peak,Motorcycle,4.3,68.0
ORD_013248,6.76,20,2,Windy,Medium,Morning,Scooter,2.0,41.9
ORD_013249,1.73,15,2,Rainy,Low,Late Night,Scooter,2.4,24.2
ORD_013250,3.76,20,3,Clear,High,Morning,Motorcycle,5.5,31.9
ORD_013251,5.39,15,2,Heavy Storm,Medium,Late Night,Scooter,4.0,44.1
ORD_013252,5.62,25,2,Clear,High,Late Night,Electric Bike,0.6,53.0
ORD_013253,5.16,15,1,Foggy,Medium,Afternoon,Motorcycle,2.3,30.8
ORD_013254,2.49,25,4,Clear,Low,Evening Peak,Motorcycle,3.8,30.9
ORD_013255,4.34,25,2,Rainy,High,Evening Peak,Motorcycle,1.3,48.5
ORD_013256,4.57,20,5,Rainy,Medium,Afternoon,Motorcycle,1.0,45.0
ORD_013257,1.57,15,6,Windy,Low,Morning,Motorcycle,0.8,28.3
ORD_013258,6.73,35,1,Clear,Medium,Evening Peak,Scooter,4.0,55.3
ORD_013259,11.0,20,1,Foggy,Jam,Evening Peak,Motorcycle,2.3,73.6
ORD_013260,4.75,30,3,Rainy,Low,Evening Peak,Scooter,2.6,46.3
ORD_013261,6.8,15,2,Foggy,Medium,Afternoon,Motorcycle,0.8,38.8
ORD_013262,2.95,35,2,Rainy,Medium,Evening Peak,Scooter,4.6,52.7
ORD_013263,5.98,25,1,Windy,High,Late Night,Scooter,4.7,49.1
ORD_013264,6.04,30,2,Windy,Medium,Evening Peak,Scooter,5.1,50.6
ORD_013265,8.71,15,6,Windy,High,Morning,Scooter,4.1,49.6
ORD_013266,9.63,15,1,Clear,Medium,Evening Peak,Motorcycle,4.8,41.2
ORD_013267,6.75,10,3,Windy,Low,Evening Peak,Motorcycle,3.7,23.5
ORD_013268,3.49,10,2,Windy,High,Evening Peak,Motorcycle,3.2,21.5
ORD_013269,3.42,15,4,Foggy,Jam,Evening Peak,Scooter,1.9,39.6
ORD_013270,9.58,30,3,Rainy,High,Evening Peak,Motorcycle,0.8,68.3
ORD_013271,2.03,20,1,Clear,Medium,Afternoon,Scooter,2.1,25.3
ORD_013272,2.61,15,3,Clear,Medium,Afternoon,Scooter,4.3,25.3
ORD_013273,3.75,30,4,Clear,Jam,Afternoon,Motorcycle,5.6,46.3
ORD_013274,6.48,20,3,Clear,Jam,Morning,Motorcycle,1.9,52.9
ORD_013275,10.8,30,3,Clear,Medium,Evening Peak,Scooter,4.2,63.2
ORD_013276,11.29,30,4,Foggy,Medium,Evening Peak,Scooter,3.1,73.4
ORD_013277,1.38,25,3,Foggy,Medium,Late Night,Motorcycle,4.0,33.2
ORD_013278,5.88,15,3,Foggy,Low,Late Night,Motorcycle,0.5,31.0
ORD_013279,4.93,35,2,Clear,High,Morning,Motorcycle,1.2,53.0
ORD_013280,3.17,15,5,Clear,Low,Evening Peak,Motorcycle,1.7,27.8
ORD_013281,1.34,20,3,Windy,Low,Evening Peak,Motorcycle,5.4,21.8
ORD_013282,4.91,25,2,Windy,High,Evening Peak,Motorcycle,0.7,42.2
ORD_013283,2.59,15,4,Foggy,High,Afternoon,Motorcycle,3.6,29.6
ORD_013284,6.35,20,2,Rainy,High,Late Night,Scooter,5.6,46.7
ORD_013285,5.16,15,4,Clear,Medium,Evening Peak,Electric Bike,4.1,35.0
ORD_013286,1.74,15,1,Clear,High,Evening Peak,Scooter,3.2,22.0
ORD_013287,4.47,10,1,Clear,Medium,Afternoon,Scooter,2.6,24.6
ORD_013288,2.2,25,2,Clear,High,Morning,Scooter,3.9,31.2
ORD_013289,5.73,10,2,Clear,High,Evening Peak,Electric Bike,3.1,36.9
ORD_013290,7.1,25,6,Clear,Low,Morning,Motorcycle,4.4,39.2
ORD_013291,4.03,20,3,Clear,Low,Evening Peak,Scooter,3.9,27.0
ORD_013292,9.32,20,2,Clear,High,Morning,Motorcycle,3.6,52.1
ORD_013293,5.79,25,6,Clear,Medium,Late Night,Electric Bike,5.8,51.1
ORD_013294,5.08,20,5,Foggy,Medium,Evening Peak,Electric Bike,5.1,40.1
ORD_013295,5.13,15,2,Heavy Storm,High,Afternoon,Motorcycle,3.8,42.3
ORD_013296,4.47,10,2,Clear,Medium,Morning,Scooter,3.5,21.3
ORD_013297,4.38,20,4,Clear,High,Late Night,Scooter,4.5,35.6
ORD_013298,2.54,20,2,Clear,Medium,Evening Peak,Scooter,4.9,27.5
ORD_013299,10.44,15,1,Clear,High,Evening Peak,Motorcycle,2.1,45.3
ORD_013300,4.44,20,5,Clear,Medium,Morning,Motorcycle,4.2,29.8
ORD_013301,11.29,15,3,Clear,Medium,Evening Peak,Motorcycle,1.2,46.3
ORD_013302,7.03,25,2,Rainy,Low,Late Night,Motorcycle,2.9,45.6
ORD_013303,4.67,20,8,Windy,High,Morning,Scooter,5.7,39.2
ORD_013304,5.39,30,3,Clear,Medium,Evening Peak,Motorcycle,2.3,42.1
ORD_013305,7.1,20,2,Clear,Medium,Evening Peak,Motorcycle,1.3,38.1
ORD_013306,8.23,25,2,Windy,Low,Evening Peak,Motorcycle,1.3,45.4
ORD_013307,5.03,20,2,Windy,Medium,Afternoon,Motorcycle,2.7,32.8
ORD_013308,7.85,20,2,Clear,Medium,Late Night,Electric Bike,1.7,45.6
ORD_013309,6.97,15,6,Clear,Low,Evening Peak,Electric Bike,2.8,40.1
ORD_013310,7.14,15,4,Clear,High,Late Night,Scooter,4.5,41.7
ORD_013311,7.86,30,2,Clear,Low,Evening Peak,Scooter,5.4,47.9
ORD_013312,3.65,15,5,Clear,Low,Afternoon,Motorcycle,1.1,26.3
ORD_013313,9.81,10,1,Clear,Medium,Late Night,Motorcycle,4.7,35.0
ORD_013314,6.08,25,2,Windy,Medium,Late Night,Motorcycle,1.1,44.8
ORD_013315,8.22,20,5,Clear,Medium,Afternoon,Motorcycle,2.6,46.3
ORD_013316,5.03,15,1,Heavy Storm,Medium,Afternoon,Motorcycle,6.0,35.9
ORD_013317,5.69,15,5,Windy,Medium,Late Night,Motorcycle,0.9,37.5
ORD_013318,3.65,20,2,Rainy,Medium,Evening Peak,Motorcycle,0.6,37.5
ORD_013319,2.79,20,1,Rainy,High,Late Night,Electric Bike,2.3,39.3
ORD_013320,4.57,25,1,Rainy,Medium,Afternoon,Motorcycle,5.7,41.4
ORD_013321,7.27,15,2,Clear,Jam,Morning,Motorcycle,0.6,49.1
ORD_013322,3.7,20,3,Clear,High,Morning,Scooter,1.7,37.6
ORD_013323,2.06,25,3,Clear,Low,Afternoon,Motorcycle,3.8,29.4
ORD_013324,8.94,25,2,Clear,Medium,Evening Peak,Motorcycle,1.8,47.7
ORD_013325,2.6,15,2,Clear,Medium,Afternoon,Scooter,0.8,27.2
ORD_013326,5.98,15,2,Clear,Medium,Evening Peak,Motorcycle,0.8,30.4
ORD_013327,12.04,20,2,Rainy,Low,Morning,Motorcycle,3.6,47.4
ORD_013328,21.64,25,1,Windy,Medium,Late Night,Motorcycle,3.6,82.0
ORD_013329,4.69,25,3,Heavy Storm,Medium,Afternoon,Scooter,4.4,52.3
ORD_013330,9.01,20,2,Clear,Medium,Late Night,Motorcycle,1.2,44.6
ORD_013331,6.03,35,2,Clear,High,Evening Peak,Scooter,3.2,55.8
ORD_013332,3.01,15,3,Clear,Medium,Evening Peak,Motorcycle,3.8,22.5
ORD_013333,4.48,25,2,Clear,High,Morning,Scooter,1.7,41.4
ORD_013334,3.88,25,2,Clear,Medium,Morning,Electric Bike,3.5,37.9
ORD_013335,8.82,30,1,Heavy Storm,Jam,Evening Peak,Motorcycle,4.4,83.2
ORD_013336,11.77,35,1,Clear,Low,Afternoon,Scooter,5.9,60.2
ORD_013337,4.13,15,2,Clear,High,Morning,Electric Bike,3.8,35.1
ORD_013338,2.09,15,8,Clear,Medium,Morning,Motorcycle,5.2,19.9
ORD_013339,5.58,15,3,Rainy,High,Evening Peak,Motorcycle,5.1,40.5
ORD_013340,3.11,25,2,Windy,Medium,Afternoon,Motorcycle,5.7,33.2
ORD_013341,2.76,25,2,Foggy,Low,Evening Peak,Electric Bike,4.5,35.2
ORD_013342,3.49,15,2,Clear,Medium,Morning,Scooter,1.7,23.3
ORD_013343,3.35,10,3,Windy,High,Morning,Electric Bike,2.1,29.5
ORD_013344,6.34,20,2,Foggy,High,Late Night,Motorcycle,4.8,44.7
ORD_013345,7.13,15,3,Clear,Low,Morning,Scooter,3.4,35.5
ORD_013346,5.95,10,2,Foggy,Medium,Late Night,Motorcycle,1.9,30.0
ORD_013347,3.11,25,1,Windy,Medium,Late Night,Scooter,4.1,33.1
ORD_013348,3.15,15,2,Clear,Medium,Late Night,Electric Bike,5.5,24.1
ORD_013349,4.9,20,2,Clear,High,Evening Peak,Motorcycle,2.5,34.2
ORD_013350,4.25,10,1,Clear,Medium,Evening Peak,Motorcycle,3.8,15.1
ORD_013351,5.17,25,2,Windy,Low,Afternoon,Motorcycle,3.7,37.7
ORD_013352,6.22,20,2,Windy,Medium,Late Night,Motorcycle,1.2,38.6
ORD_013353,4.87,15,3,Clear,Low,Evening Peak,Motorcycle,1.0,23.3
ORD_013354,6.83,20,2,Clear,Medium,Evening Peak,Motorcycle,5.4,38.6
ORD_013355,5.69,15,5,Clear,Medium,Afternoon,Motorcycle,5.6,31.0
ORD_013356,7.0,35,3,Clear,Medium,Afternoon,Motorcycle,5.5,49.2
ORD_013357,2.67,25,4,Windy,High,Evening Peak,Motorcycle,2.7,38.1
ORD_013358,1.94,25,1,Rainy,High,Morning,Motorcycle,2.1,36.9
ORD_013359,3.05,15,4,Clear,Medium,Afternoon,Motorcycle,5.7,21.9
ORD_013360,8.5,10,1,Clear,Medium,Evening Peak,Motorcycle,5.4,27.9
ORD_013361,5.71,20,3,Rainy,Jam,Evening Peak,Motorcycle,5.0,52.6
ORD_013362,3.67,10,2,Clear,Medium,Evening Peak,Scooter,2.3,21.5
ORD_013363,3.39,25,2,Windy,Low,Afternoon,Electric Bike,4.0,35.5
ORD_013364,7.23,15,3,Clear,High,Morning,Motorcycle,4.6,39.8
ORD_013365,5.79,15,1,Foggy,Low,Evening Peak,Motorcycle,3.7,30.7
ORD_013366,2.45,10,6,Clear,Medium,Evening Peak,Scooter,3.8,15.7
ORD_013367,2.44,35,2,Clear,High,Late Night,Electric Bike,4.7,45.9
ORD_013368,6.88,30,4,Rainy,Low,Morning,Motorcycle,4.7,51.3
ORD_013369,3.6,10,3,Clear,Medium,Evening Peak,Motorcycle,1.8,24.4
ORD_013370,2.14,15,2,Clear,Medium,Evening Peak,Motorcycle,2.6,17.5
ORD_013371,2.13,15,3,Heavy Storm,Jam,Evening Peak,Motorcycle,4.8,37.6
ORD_013372,6.34,15,2,Clear,High,Evening Peak,Scooter,1.9,40.1
ORD_013373,3.69,30,3,Clear,Low,Evening Peak,Motorcycle,5.5,37.6
ORD_013374,7.53,20,1,Windy,Low,Morning,Scooter,5.1,34.7
ORD_013375,5.26,30,6,Rainy,Low,Morning,Scooter,5.4,49.7
ORD_013376,4.04,25,1,Windy,Low,Afternoon,Motorcycle,2.1,37.5
ORD_013377,5.09,25,2,Foggy,Medium,Evening Peak,Scooter,1.1,43.6
ORD_013378,12.67,20,2,Foggy,Medium,Evening Peak,Scooter,1.1,66.1
ORD_013379,2.95,25,2,Clear,Low,Afternoon,Motorcycle,3.6,27.6
ORD_013380,9.23,20,2,Foggy,Medium,Evening Peak,Motorcycle,2.2,49.7
ORD_013381,6.92,15,8,Windy,Low,Evening Peak,Scooter,1.9,36.8
ORD_013382,3.79,20,1,Clear,Jam,Evening Peak,Electric Bike,1.7,42.7
ORD_013383,6.92,20,1,Clear,High,Late Night,Scooter,3.6,48.8
ORD_013384,5.6,35,6,Foggy,Low,Morning,Motorcycle,3.5,54.9
ORD_013385,4.82,20,1,Heavy Storm,Medium,Afternoon,Motorcycle,2.8,48.1
ORD_013386,4.23,10,1,Foggy,Jam,Late Night,Scooter,1.3,35.2
ORD_013387,8.24,15,2,Foggy,Low,Morning,Electric Bike,5.6,43.8
ORD_013388,5.18,30,2,Clear,Low,Late Night,Motorcycle,2.9,41.7
ORD_013389,3.07,30,2,Clear,Low,Late Night,Motorcycle,1.2,39.9
ORD_013390,4.99,20,4,Windy,High,Evening Peak,Scooter,0.7,41.3
ORD_013391,2.19,10,2,Clear,Medium,Morning,Scooter,1.3,18.2
ORD_013392,3.61,10,2,Windy,Low,Evening Peak,Electric Bike,2.1,20.4
ORD_013393,6.8,15,3,Clear,Medium,Morning,Motorcycle,4.0,31.4
ORD_013394,2.87,35,8,Clear,Low,Afternoon,Motorcycle,5.8,43.4
ORD_013395,15.21,25,2,Clear,Medium,Morning,Motorcycle,2.0,63.6
ORD_013396,1.53,30,3,Clear,Low,Morning,Scooter,4.8,32.1
ORD_013397,4.18,20,2,Windy,Low,Evening Peak,Motorcycle,5.5,28.0
ORD_013398,7.17,25,1,Clear,High,Late Night,Motorcycle,2.7,53.7
ORD_013399,2.24,15,2,Clear,High,Evening Peak,Motorcycle,1.9,21.2
ORD_013400,7.24,10,3,Clear,High,Afternoon,Motorcycle,3.2,33.0
ORD_013401,6.97,30,1,Windy,High,Afternoon,Scooter,5.4,54.5
ORD_013402,4.35,15,1,Clear,Low,Late Night,Motorcycle,0.6,26.4
ORD_013403,3.13,20,4,Windy,Medium,Afternoon,Motorcycle,3.2,33.2
ORD_013404,5.15,20,1,Clear,Medium,Morning,Scooter,4.7,35.1
ORD_013405,6.81,15,1,Clear,Medium,Afternoon,Scooter,3.8,31.9
ORD_013406,3.26,15,2,Foggy,High,Afternoon,Scooter,3.2,31.9
ORD_013407,4.79,15,1,Clear,High,Evening Peak,Motorcycle,3.5,26.7
ORD_013408,2.3,25,3,Clear,Low,Evening Peak,Scooter,3.9,28.1
ORD_013409,7.79,10,2,Foggy,Medium,Evening Peak,Motorcycle,4.3,36.6
ORD_013410,11.55,15,2,Rainy,Low,Evening Peak,Motorcycle,2.5,47.9
ORD_013411,3.95,20,1,Clear,Medium,Late Night,Motorcycle,3.3,25.9
ORD_013412,3.46,15,3,Clear,Medium,Evening Peak,Motorcycle,2.0,29.2
ORD_013413,8.66,10,3,Clear,High,Morning,Electric Bike,5.9,50.1
ORD_013414,8.58,15,3,Foggy,Medium,Afternoon,Motorcycle,1.5,40.5
ORD_013415,7.34,15,3,Windy,High,Evening Peak,Scooter,1.3,44.3
ORD_013416,2.61,20,6,Windy,Medium,Evening Peak,Scooter,2.0,35.6
ORD_013417,1.19,30,4,Windy,High,Evening Peak,Scooter,5.6,39.2
ORD_013418,4.68,10,2,Heavy Storm,Low,Afternoon,Scooter,4.1,31.0
ORD_013419,6.35,30,1,Rainy,Low,Afternoon,Motorcycle,3.0,49.0
ORD_013420,3.96,15,1,Clear,Medium,Evening Peak,Motorcycle,5.6,22.2
ORD_013421,8.49,20,4,Clear,High,Morning,Electric Bike,5.5,56.0
ORD_013422,3.54,25,3,Clear,High,Afternoon,Scooter,2.7,37.9
ORD_013423,1.97,20,1,Clear,Medium,Evening Peak,Motorcycle,3.6,21.6
ORD_013424,3.95,10,3,Rainy,Low,Morning,Scooter,5.5,26.9
ORD_013425,6.05,10,3,Clear,High,Morning,Motorcycle,2.3,31.6
ORD_013426,2.85,25,4,Windy,Low,Morning,Scooter,2.7,38.7
ORD_013427,5.73,15,3,Rainy,Medium,Afternoon,Motorcycle,4.9,41.6
ORD_013428,4.67,20,2,Clear,Medium,Evening Peak,Motorcycle,4.3,32.5
ORD_013429,11.41,15,2,Rainy,High,Morning,Scooter,0.8,64.2
ORD_013430,7.93,15,1,Foggy,High,Late Night,Scooter,1.1,49.7
ORD_013431,16.04,25,1,Clear,Low,Evening Peak,Motorcycle,5.2,57.2
ORD_013432,2.53,20,2,Clear,High,Evening Peak,Motorcycle,0.7,31.8
ORD_013433,9.43,20,1,Clear,Medium,Morning,Motorcycle,5.6,46.4
ORD_013434,1.65,15,1,Clear,High,Morning,Scooter,2.0,22.4
ORD_013435,8.29,15,2,Windy,High,Evening Peak,Motorcycle,3.8,40.2
ORD_013436,1.92,20,8,Heavy Storm,Jam,Evening Peak,Motorcycle,3.6,43.4
ORD_013437,7.18,25,6,Clear,Medium,Evening Peak,Scooter,2.7,51.3
ORD_013438,5.77,20,3,Clear,High,Evening Peak,Scooter,0.7,43.5
ORD_013439,6.11,35,2,Clear,Medium,Evening Peak,Electric Bike,1.6,57.5
ORD_013440,1.54,10,3,Rainy,Jam,Evening Peak,Scooter,3.9,19.1
ORD_013441,6.91,35,3,Windy,Medium,Afternoon,Electric Bike,3.0,63.2
ORD_013442,1.96,20,2,Clear,High,Late Night,Motorcycle,2.8,28.4
ORD_013443,11.43,25,1,Foggy,Jam,Late Night,Motorcycle,1.0,82.5
ORD_013444,3.43,15,2,Rainy,Low,Evening Peak,Motorcycle,2.4,28.4
ORD_013445,4.12,20,3,Clear,Medium,Afternoon,Motorcycle,3.4,30.7
ORD_013446,9.36,25,3,Clear,Jam,Evening Peak,Motorcycle,0.9,66.9
ORD_013447,5.24,25,2,Clear,Jam,Morning,Motorcycle,0.9,48.4
ORD_013448,5.29,15,3,Clear,Low,Evening Peak,Electric Bike,3.2,32.3
ORD_013449,6.51,15,3,Clear,Low,Evening Peak,Motorcycle,3.6,30.3
ORD_013450,2.95,20,2,Clear,Medium,Morning,Scooter,1.9,33.4
ORD_013451,3.41,30,3,Rainy,High,Afternoon,Motorcycle,2.3,51.1
ORD_013452,5.37,15,3,Clear,High,Afternoon,Motorcycle,4.9,32.5
ORD_013453,11.88,15,4,Clear,Medium,Evening Peak,Electric Bike,5.3,56.5
ORD_013454,7.52,25,2,Clear,Medium,Late Night,Motorcycle,2.3,42.3
ORD_013455,7.79,20,5,Clear,Low,Morning,Motorcycle,2.5,39.1
ORD_013456,9.83,15,6,Foggy,Medium,Morning,Motorcycle,5.1,49.4
ORD_013457,8.5,10,3,Clear,Medium,Late Night,Scooter,5.9,31.3
ORD_013458,7.33,20,3,Heavy Storm,High,Evening Peak,Motorcycle,2.3,59.7
ORD_013459,4.64,15,4,Clear,Low,Morning,Scooter,4.8,29.0
ORD_013460,2.82,10,1,Clear,High,Morning,Scooter,3.1,18.9
ORD_013461,3.04,20,3,Foggy,Jam,Late Night,Motorcycle,2.0,40.1
ORD_013462,8.96,15,2,Heavy Storm,High,Afternoon,Motorcycle,4.2,59.5
ORD_013463,6.81,15,5,Heavy Storm,Medium,Late Night,Motorcycle,3.0,48.9
ORD_013464,1.16,15,1,Foggy,Low,Evening Peak,Motorcycle,2.0,25.5
ORD_013465,5.16,20,1,Heavy Storm,High,Evening Peak,Scooter,1.1,54.9
ORD_013466,1.43,15,2,Rainy,High,Afternoon,Scooter,5.3,27.0
ORD_013467,4.62,10,6,Clear,Medium,Morning,Motorcycle,5.3,22.0
ORD_013468,8.63,15,3,Rainy,High,Evening Peak,Scooter,0.9,58.4
ORD_013469,6.8,10,5,Clear,High,Morning,Motorcycle,4.1,33.6
ORD_013470,4.16,20,5,Clear,Medium,Evening Peak,Electric Bike,1.4,37.5
ORD_013471,5.6,30,1,Clear,Low,Morning,Motorcycle,4.1,34.4
ORD_013472,3.44,20,3,Windy,Medium,Evening Peak,Scooter,5.5,31.3
ORD_013473,2.41,15,2,Windy,Low,Evening Peak,Motorcycle,1.9,23.0
ORD_013474,3.31,15,2,Foggy,Low,Morning,Electric Bike,2.4,31.7
ORD_013475,8.16,15,1,Clear,Low,Afternoon,Motorcycle,4.9,31.5
ORD_013476,9.55,15,3,Clear,Medium,Evening Peak,Scooter,4.5,44.5
ORD_013477,8.4,15,4,Clear,Medium,Evening Peak,Scooter,2.7,42.9
ORD_013478,7.88,10,1,Clear,Medium,Afternoon,Motorcycle,5.2,27.4
ORD_013479,2.7,25,3,Foggy,High,Evening Peak,Motorcycle,5.6,36.9
ORD_013480,4.37,25,2,Clear,High,Evening Peak,Scooter,3.0,44.7
ORD_013481,4.62,20,8,Clear,High,Afternoon,Motorcycle,0.7,42.1
ORD_013482,3.84,10,1,Clear,Medium,Afternoon,Motorcycle,3.3,18.9
ORD_013483,2.84,25,2,Windy,High,Evening Peak,Motorcycle,4.6,35.4
ORD_013484,5.75,10,4,Clear,Jam,Evening Peak,Scooter,1.7,41.5
ORD_013485,5.63,10,3,Clear,High,Evening Peak,Motorcycle,1.0,31.5
ORD_013486,4.29,15,2,Clear,High,Afternoon,Electric Bike,2.1,33.8
ORD_013487,10.79,15,4,Heavy Storm,Medium,Morning,Scooter,0.6,63.3
ORD_013488,3.95,15,8,Heavy Storm,Medium,Evening Peak,Motorcycle,4.4,42.8
ORD_013489,4.79,15,1,Foggy,Medium,Evening Peak,Motorcycle,1.3,31.8
ORD_013490,2.22,10,1,Foggy,Medium,Afternoon,Motorcycle,4.5,19.2
ORD_013491,7.38,25,4,Clear,Medium,Afternoon,Motorcycle,1.8,46.6
ORD_013492,9.37,15,2,Clear,Medium,Late Night,Motorcycle,6.0,37.7
ORD_013493,2.06,15,4,Windy,Medium,Morning,Scooter,3.4,25.3
ORD_013494,6.53,15,2,Foggy,High,Afternoon,Motorcycle,0.7,39.5
ORD_013495,4.16,10,2,Clear,High,Evening Peak,Motorcycle,4.7,19.9
ORD_013496,7.62,20,2,Clear,High,Afternoon,Motorcycle,2.8,50.9
ORD_013497,5.84,15,5,Clear,High,Afternoon,Motorcycle,3.8,35.5
ORD_013498,5.85,20,3,Windy,Medium,Evening Peak,Motorcycle,5.7,33.3
ORD_013499,5.62,20,1,Foggy,Medium,Late Night,Motorcycle,3.3,38.7
ORD_013500,12.32,25,8,Rainy,High,Afternoon,Electric Bike,4.9,90.8
ORD_013501,2.42,15,2,Foggy,High,Morning,Motorcycle,2.2,27.9
ORD_013502,1.44,15,2,Clear,High,Morning,Scooter,4.4,16.5
ORD_013503,7.43,30,2,Rainy,Jam,Morning,Scooter,1.0,76.2
ORD_013504,2.71,20,2,Clear,Medium,Evening Peak,Motorcycle,5.4,25.3
ORD_013505,7.72,35,1,Rainy,Low,Late Night,Electric Bike,1.6,68.8
ORD_013506,7.25,30,3,Clear,High,Morning,Motorcycle,2.2,57.1
ORD_013507,3.27,20,2,Clear,Low,Afternoon,Motorcycle,5.8,23.1
ORD_013508,18.08,15,3,Windy,High,Late Night,Scooter,1.4,80.6
ORD_013509,10.36,25,2,Clear,High,Late Night,Scooter,1.9,62.9
ORD_013510,4.88,20,4,Rainy,High,Afternoon,Motorcycle,3.7,41.7
ORD_013511,5.69,20,2,Clear,Jam,Late Night,Motorcycle,5.9,41.5
ORD_013512,9.09,20,6,Clear,High,Evening Peak,Scooter,4.3,55.0
ORD_013513,2.52,20,4,Clear,Jam,Late Night,Motorcycle,1.1,33.1
ORD_013514,6.55,20,2,Windy,High,Morning,Scooter,4.6,44.6
ORD_013515,4.82,15,6,Clear,Medium,Evening Peak,Motorcycle,2.8,35.7
ORD_013516,10.55,10,2,Clear,Low,Morning,Motorcycle,6.0,29.6
ORD_013517,1.8,25,3,Clear,Low,Evening Peak,Motorcycle,4.0,33.5
ORD_013518,5.91,25,3,Clear,High,Late Night,Motorcycle,3.4,47.0
ORD_013519,2.52,20,1,Clear,Low,Afternoon,Scooter,3.6,25.2
ORD_013520,6.6,15,2,Clear,Medium,Afternoon,Scooter,4.0,34.0
ORD_013521,5.25,10,1,Clear,Medium,Afternoon,Motorcycle,4.5,20.7
ORD_013522,5.58,10,3,Clear,Low,Afternoon,Scooter,0.9,22.9
ORD_013523,7.96,10,1,Clear,Jam,Evening Peak,Electric Bike,1.2,58.8
ORD_013524,6.96,15,3,Clear,High,Evening Peak,Motorcycle,2.2,40.4
ORD_013525,3.48,15,3,Clear,Medium,Evening Peak,Scooter,3.1,24.8
ORD_013526,1.56,15,1,Rainy,Jam,Evening Peak,Scooter,2.2,29.9
ORD_013527,1.91,20,3,Foggy,Medium,Morning,Motorcycle,1.7,31.2
ORD_013528,3.56,30,1,Clear,High,Evening Peak,Motorcycle,5.6,39.1
ORD_013529,5.64,15,1,Clear,High,Morning,Motorcycle,0.7,33.3
ORD_013530,4.98,15,2,Rainy,Low,Evening Peak,Electric Bike,5.7,35.6
ORD_013531,5.74,35,2,Clear,High,Evening Peak,Motorcycle,5.5,48.5
ORD_013532,9.27,30,1,Rainy,High,Afternoon,Motorcycle,4.3,64.9
ORD_013533,3.67,15,3,Foggy,Medium,Afternoon,Scooter,0.7,27.4
ORD_013534,7.68,15,1,Clear,Medium,Afternoon,Electric Bike,1.7,42.5
ORD_013535,5.52,15,1,Foggy,Low,Afternoon,Electric Bike,5.9,35.7
ORD_013536,9.78,15,1,Clear,High,Evening Peak,Scooter,5.5,47.5
ORD_013537,5.87,15,3,Windy,High,Evening Peak,Scooter,5.8,37.8
ORD_013538,11.6,15,3,Clear,Jam,Evening Peak,Motorcycle,6.0,66.8
ORD_013539,7.31,20,1,Clear,High,Morning,Motorcycle,0.9,45.5
ORD_013540,8.7,15,2,Clear,Medium,Evening Peak,Motorcycle,3.6,37.5
ORD_013541,3.58,20,3,Clear,Low,Afternoon,Motorcycle,5.1,27.2
ORD_013542,9.67,15,4,Clear,High,Afternoon,Scooter,2.3,53.2
ORD_013543,11.71,20,2,Clear,Medium,Afternoon,Scooter,2.9,54.5
ORD_013544,6.85,20,2,Rainy,Jam,Afternoon,Motorcycle,2.1,56.6
ORD_013545,4.4,20,1,Clear,Medium,Evening Peak,Scooter,0.7,35.0
ORD_013546,8.84,15,4,Foggy,Low,Morning,Motorcycle,0.9,40.8
ORD_013547,7.63,15,3,Rainy,Medium,Evening Peak,Motorcycle,0.6,44.7
ORD_013548,13.64,15,1,Clear,Jam,Afternoon,Electric Bike,3.4,95.0
ORD_013549,6.72,20,3,Clear,Low,Evening Peak,Motorcycle,3.9,34.6
ORD_013550,4.85,10,1,Foggy,Low,Evening Peak,Electric Bike,2.2,25.6
ORD_013551,5.48,20,3,Foggy,Jam,Evening Peak,Motorcycle,5.0,45.0
ORD_013552,3.2,10,1,Clear,Low,Late Night,Scooter,5.4,14.5
ORD_013553,4.33,15,2,Clear,Medium,Evening Peak,Motorcycle,1.3,28.2
ORD_013554,1.74,20,3,Clear,Low,Afternoon,Scooter,0.8,24.0
ORD_013555,4.75,15,1,Windy,Low,Afternoon,Electric Bike,2.3,30.2
ORD_013556,8.95,15,1,Clear,Low,Late Night,Motorcycle,4.4,33.2
ORD_013557,14.42,20,3,Windy,High,Evening Peak,Electric Bike,3.3,92.8
ORD_013558,4.19,20,3,Clear,High,Late Night,Electric Bike,3.2,37.2
ORD_013559,7.14,15,2,Windy,Low,Evening Peak,Motorcycle,1.3,35.4
ORD_013560,4.85,15,2,Foggy,Low,Morning,Motorcycle,2.4,30.3
ORD_013561,4.15,20,5,Foggy,Jam,Afternoon,Scooter,5.8,48.7
ORD_013562,2.78,30,3,Clear,Medium,Afternoon,Electric Bike,2.4,38.4
ORD_013563,11.09,15,2,Rainy,High,Afternoon,Motorcycle,3.8,59.5
ORD_013564,2.05,20,2,Windy,Low,Afternoon,Electric Bike,0.8,29.5
ORD_013565,6.47,30,2,Rainy,Low,Evening Peak,Motorcycle,0.9,49.3
ORD_013566,2.32,15,2,Windy,Medium,Evening Peak,Scooter,2.8,24.4
ORD_013567,3.74,15,6,Clear,Medium,Morning,Scooter,3.8,22.8
ORD_013568,10.76,20,1,Foggy,Medium,Morning,Scooter,2.5,57.3
ORD_013569,2.72,10,2,Clear,High,Afternoon,Motorcycle,1.5,17.9
ORD_013570,6.13,15,1,Clear,High,Afternoon,Motorcycle,4.5,35.8
ORD_013571,9.68,15,2,Clear,Medium,Evening Peak,Scooter,1.3,48.7
ORD_013572,6.36,15,4,Rainy,Low,Afternoon,Scooter,4.2,39.7
ORD_013573,6.52,15,6,Rainy,Medium,Afternoon,Electric Bike,5.8,48.9
ORD_013574,6.31,20,2,Foggy,Low,Morning,Scooter,3.1,36.3
ORD_013575,8.59,30,1,Rainy,Medium,Evening Peak,Motorcycle,1.6,60.1
ORD_013576,9.53,15,3,Heavy Storm,Low,Afternoon,Motorcycle,5.1,47.4
ORD_013577,5.92,10,2,Clear,Medium,Evening Peak,Electric Bike,3.3,31.0
ORD_013578,5.39,20,1,Clear,High,Afternoon,Motorcycle,5.6,39.3
ORD_013579,2.25,20,2,Windy,Medium,Evening Peak,Scooter,4.5,28.0
ORD_013580,3.25,20,1,Clear,High,Evening Peak,Motorcycle,2.9,30.8
ORD_013581,6.23,20,4,Clear,Jam,Evening Peak,Scooter,3.9,51.8
ORD_013582,1.8,30,2,Foggy,Medium,Afternoon,Scooter,1.4,42.7
ORD_013583,3.08,10,3,Clear,Low,Morning,Motorcycle,2.6,18.0
ORD_013584,4.24,15,3,Clear,Medium,Afternoon,Motorcycle,3.8,22.3
ORD_013585,2.56,15,1,Windy,Low,Late Night,Scooter,3.7,20.4
ORD_013586,3.13,15,2,Clear,Medium,Late Night,Scooter,3.7,26.7
ORD_013587,6.51,30,2,Clear,Medium,Morning,Electric Bike,4.6,53.3
ORD_013588,4.81,30,3,Clear,Medium,Afternoon,Electric Bike,1.1,48.3
ORD_013589,7.49,25,5,Windy,Medium,Morning,Motorcycle,0.9,52.8
ORD_013590,4.12,15,1,Clear,High,Afternoon,Scooter,1.3,29.6
ORD_013591,4.77,20,2,Foggy,Medium,Evening Peak,Electric Bike,4.9,39.7
ORD_013592,5.84,15,2,Rainy,Low,Evening Peak,Motorcycle,0.9,36.0
ORD_013593,3.23,30,4,Rainy,Medium,Late Night,Scooter,1.7,48.1
ORD_013594,6.73,15,3,Rainy,High,Late Night,Motorcycle,1.9,46.5
ORD_013595,2.8,10,4,Rainy,High,Afternoon,Motorcycle,4.1,23.9
ORD_013596,3.43,25,3,Clear,Low,Evening Peak,Scooter,2.7,35.3
ORD_013597,3.79,20,1,Foggy,Jam,Evening Peak,Motorcycle,1.6,39.7
ORD_013598,3.56,25,2,Clear,Medium,Evening Peak,Scooter,3.0,37.1
ORD_013599,5.29,15,2,Clear,Medium,Afternoon,Motorcycle,4.3,29.0
ORD_013600,3.56,25,4,Foggy,Low,Late Night,Electric Bike,4.8,44.6
ORD_013601,4.57,20,4,Clear,Jam,Evening Peak,Scooter,1.2,42.2
ORD_013602,9.2,20,2,Clear,High,Morning,Motorcycle,4.4,48.4
ORD_013603,9.64,20,8,Foggy,Medium,Evening Peak,Motorcycle,0.5,54.4
ORD_013604,0.95,25,2,Clear,High,Morning,Scooter,4.5,26.5
ORD_013605,6.51,15,2,Clear,Medium,Evening Peak,Motorcycle,4.1,32.7
ORD_013606,1.6,10,2,Rainy,Medium,Morning,Scooter,3.1,19.5
ORD_013607,6.75,20,3,Clear,Medium,Afternoon,Electric Bike,1.3,48.1
ORD_013608,8.38,20,2,Foggy,Medium,Afternoon,Motorcycle,4.7,45.4
ORD_013609,3.89,15,5,Clear,Low,Late Night,Motorcycle,0.9,26.2
ORD_013610,9.79,15,2,Rainy,High,Late Night,Motorcycle,5.4,52.1
ORD_013611,3.29,20,2,Clear,Medium,Evening Peak,Electric Bike,4.8,30.1
ORD_013612,8.93,15,2,Clear,Low,Evening Peak,Scooter,4.6,33.9
ORD_013613,8.26,15,2,Clear,Medium,Late Night,Scooter,4.6,39.1
ORD_013614,2.18,25,3,Rainy,Medium,Morning,Motorcycle,0.9,34.2
ORD_013615,4.08,15,6,Clear,High,Evening Peak,Scooter,5.9,31.0
ORD_013616,1.98,15,3,Foggy,High,Evening Peak,Scooter,5.2,26.1
ORD_013617,2.59,15,2,Clear,Medium,Evening Peak,Electric Bike,3.3,22.2
ORD_013618,9.97,15,2,Rainy,High,Afternoon,Motorcycle,4.5,54.0
ORD_013619,6.73,15,5,Clear,Low,Evening Peak,Motorcycle,4.6,31.2
ORD_013620,3.54,30,3,Clear,Low,Afternoon,Motorcycle,5.1,37.6
ORD_013621,1.65,20,4,Foggy,Jam,Evening Peak,Scooter,1.9,34.8
ORD_013622,1.93,15,1,Foggy,High,Late Night,Motorcycle,2.5,25.3
ORD_013623,4.61,15,3,Windy,Medium,Evening Peak,Motorcycle,4.9,27.2
ORD_013624,10.26,20,2,Clear,Low,Evening Peak,Motorcycle,4.7,38.2
ORD_013625,7.73,10,6,Windy,Medium,Afternoon,Motorcycle,3.4,32.8
ORD_013626,4.71,30,1,Clear,Medium,Evening Peak,Motorcycle,2.7,44.4
ORD_013627,4.72,15,1,Heavy Storm,High,Late Night,Motorcycle,5.8,40.8
ORD_013628,5.89,20,2,Clear,High,Morning,Motorcycle,2.8,37.8
ORD_013629,9.27,25,2,Clear,High,Evening Peak,Motorcycle,4.7,56.2
ORD_013630,2.9,25,8,Rainy,Low,Evening Peak,Motorcycle,2.8,40.3
ORD_013631,5.83,15,3,Clear,Medium,Late Night,Motorcycle,2.2,33.4
ORD_013632,2.52,20,3,Heavy Storm,Low,Evening Peak,Motorcycle,4.0,43.4
ORD_013633,5.58,10,1,Windy,Low,Afternoon,Scooter,4.9,20.8
ORD_013634,4.68,25,8,Windy,Medium,Morning,Scooter,5.9,45.0
ORD_013635,2.02,15,4,Clear,Low,Evening Peak,Electric Bike,1.3,24.9
ORD_013636,5.89,15,5,Windy,Medium,Afternoon,Motorcycle,5.3,31.7
ORD_013637,3.79,20,2,Clear,High,Late Night,Scooter,3.4,37.8
ORD_013638,4.07,15,2,Foggy,High,Evening Peak,Electric Bike,1.1,37.2
ORD_013639,3.07,10,4,Clear,High,Afternoon,Scooter,4.9,23.2
ORD_013640,5.5,15,2,Clear,Medium,Late Night,Electric Bike,2.3,34.8
ORD_013641,5.3,15,1,Clear,High,Evening Peak,Scooter,5.3,30.7
ORD_013642,7.52,30,5,Foggy,Low,Evening Peak,Scooter,1.4,57.2
ORD_013643,6.26,15,1,Windy,Medium,Late Night,Motorcycle,4.4,29.0
ORD_013644,3.09,20,1,Foggy,Medium,Evening Peak,Motorcycle,2.2,30.6
ORD_013645,7.75,30,2,Clear,Medium,Late Night,Motorcycle,1.9,49.2
ORD_013646,8.81,15,3,Clear,High,Afternoon,Electric Bike,0.8,54.2
ORD_013647,3.33,15,3,Clear,Jam,Morning,Scooter,3.2,33.6
ORD_013648,4.24,15,1,Clear,High,Late Night,Motorcycle,2.7,26.0
ORD_013649,3.74,30,2,Rainy,Jam,Evening Peak,Scooter,0.8,56.2
ORD_013650,5.17,25,3,Clear,Medium,Evening Peak,Motorcycle,1.7,40.6
ORD_013651,3.17,15,3,Clear,Medium,Evening Peak,Scooter,3.2,23.6
ORD_013652,7.44,15,3,Rainy,High,Evening Peak,Motorcycle,4.9,48.0
ORD_013653,2.8,30,2,Heavy Storm,Jam,Morning,Motorcycle,5.6,56.2
ORD_013654,4.03,20,2,Windy,High,Morning,Motorcycle,3.3,31.5
ORD_013655,6.14,20,1,Clear,Jam,Late Night,Motorcycle,2.7,46.5
ORD_013656,5.17,20,4,Clear,Low,Afternoon,Scooter,5.8,31.6
ORD_013657,5.32,25,4,Clear,Medium,Afternoon,Scooter,5.8,40.6
ORD_013658,2.63,30,2,Foggy,Medium,Late Night,Scooter,1.5,39.2
ORD_013659,4.7,25,4,Clear,Medium,Late Night,Motorcycle,3.4,35.9
ORD_013660,8.59,30,3,Clear,Low,Evening Peak,Scooter,5.0,50.4
ORD_013661,7.23,25,2,Clear,Jam,Evening Peak,Electric Bike,5.0,66.7
ORD_013662,4.28,10,1,Windy,High,Late Night,Scooter,4.3,27.2
ORD_013663,5.12,10,1,Clear,Low,Morning,Scooter,3.1,21.9
ORD_013664,5.68,25,3,Clear,Low,Evening Peak,Motorcycle,2.7,36.3
ORD_013665,9.86,10,2,Windy,Medium,Evening Peak,Motorcycle,4.9,36.7
ORD_013666,3.9,25,4,Clear,Jam,Evening Peak,Motorcycle,1.7,42.1
ORD_013667,7.16,25,4,Clear,Low,Evening Peak,Motorcycle,2.9,40.5
ORD_013668,5.16,15,3,Clear,Medium,Evening Peak,Motorcycle,3.6,32.9
ORD_013669,8.58,15,3,Foggy,Low,Afternoon,Electric Bike,5.1,44.8
ORD_013670,9.07,15,5,Rainy,Low,Evening Peak,Scooter,2.6,48.1
ORD_013671,5.35,10,4,Rainy,High,Morning,Motorcycle,3.5,34.7
ORD_013672,3.55,20,2,Clear,High,Morning,Scooter,2.0,31.5
ORD_013673,8.44,10,2,Heavy Storm,Jam,Evening Peak,Motorcycle,5.1,62.7
ORD_013674,5.06,30,1,Clear,High,Evening Peak,Electric Bike,4.8,51.0
ORD_013675,2.35,15,2,Windy,Low,Morning,Motorcycle,5.0,19.2
ORD_013676,2.05,25,2,Foggy,Medium,Evening Peak,Scooter,0.8,37.7
ORD_013677,5.07,10,2,Clear,Medium,Morning,Motorcycle,3.2,24.0
ORD_013678,1.2,20,6,Clear,Medium,Afternoon,Motorcycle,1.2,23.1
ORD_013679,3.78,15,2,Rainy,Medium,Morning,Electric Bike,4.2,36.5
ORD_013680,8.77,10,1,Foggy,Low,Afternoon,Scooter,2.2,34.2
ORD_013681,9.67,20,4,Clear,High,Evening Peak,Scooter,4.8,55.8
ORD_013682,8.77,30,2,Clear,Low,Evening Peak,Motorcycle,0.9,49.5
ORD_013683,5.13,10,3,Windy,Medium,Evening Peak,Scooter,3.3,25.2
ORD_013684,3.08,15,2,Heavy Storm,Low,Late Night,Motorcycle,1.2,34.5
ORD_013685,9.28,20,1,Foggy,Medium,Morning,Motorcycle,3.6,47.0
ORD_013686,5.57,25,8,Windy,Medium,Evening Peak,Scooter,3.8,48.6
ORD_013687,2.31,15,4,Rainy,Medium,Late Night,Motorcycle,3.0,30.2
ORD_013688,5.29,10,2,Windy,Medium,Afternoon,Scooter,2.0,26.3
ORD_013689,8.49,10,4,Rainy,High,Evening Peak,Scooter,0.7,50.6
ORD_013690,1.51,15,4,Clear,Medium,Afternoon,Motorcycle,4.1,18.0
ORD_013691,4.6,10,4,Foggy,Jam,Late Night,Motorcycle,5.3,34.7
ORD_013692,10.32,15,2,Windy,Low,Evening Peak,Scooter,4.5,39.1
ORD_013693,5.11,15,1,Windy,Low,Evening Peak,Scooter,5.4,27.1
ORD_013694,2.64,15,2,Clear,High,Late Night,Motorcycle,5.6,24.1
ORD_013695,7.97,10,3,Rainy,Medium,Evening Peak,Motorcycle,3.0,38.5
ORD_013696,6.81,15,2,Clear,Medium,Afternoon,Scooter,4.3,29.3
ORD_013697,5.57,10,2,Clear,Medium,Afternoon,Electric Bike,2.7,31.1
ORD_013698,2.69,15,2,Foggy,Medium,Evening Peak,Scooter,5.6,23.7
ORD_013699,5.99,15,6,Clear,Low,Evening Peak,Scooter,3.6,28.8
ORD_013700,7.17,10,5,Clear,High,Late Night,Motorcycle,4.6,33.8
ORD_013701,2.3,25,5,Rainy,Medium,Evening Peak,Motorcycle,0.6,42.8
ORD_013702,5.86,15,2,Clear,Medium,Evening Peak,Motorcycle,3.7,32.5
ORD_013703,4.36,25,1,Clear,High,Afternoon,Motorcycle,4.6,36.2
ORD_013704,1.86,15,6,Clear,Medium,Morning,Scooter,1.9,23.9
ORD_013705,4.48,15,1,Rainy,High,Morning,Motorcycle,0.6,36.1
ORD_013706,3.96,20,5,Clear,Jam,Evening Peak,Motorcycle,4.6,36.1
ORD_013707,4.75,10,2,Clear,Jam,Evening Peak,Motorcycle,2.4,30.2
ORD_013708,3.69,10,3,Windy,Medium,Evening Peak,Motorcycle,2.9,22.6
ORD_013709,2.04,15,1,Clear,Low,Late Night,Scooter,3.6,17.9
ORD_013710,10.01,15,5,Heavy Storm,Low,Evening Peak,Motorcycle,1.1,54.9
ORD_013711,17.01,15,1,Rainy,High,Afternoon,Motorcycle,1.1,79.4
ORD_013712,4.04,20,4,Clear,Low,Evening Peak,Motorcycle,5.8,27.7
ORD_013713,5.07,10,1,Windy,Medium,Late Night,Electric Bike,2.4,26.9
ORD_013714,16.79,30,1,Clear,High,Morning,Scooter,1.9,92.0
ORD_013715,2.66,15,1,Clear,Jam,Late Night,Scooter,0.8,29.3
ORD_013716,3.56,15,1,Clear,Low,Afternoon,Scooter,1.5,21.5
ORD_013717,6.4,30,3,Windy,Low,Evening Peak,Motorcycle,2.9,46.1
ORD_013718,5.72,10,1,Clear,Low,Evening Peak,Motorcycle,2.4,21.2
ORD_013719,8.53,35,3,Foggy,Low,Evening Peak,Electric Bike,2.8,68.0
ORD_013720,6.91,10,3,Clear,Jam,Late Night,Motorcycle,4.4,43.0
ORD_013721,10.78,10,2,Clear,Low,Evening Peak,Electric Bike,4.0,39.0
ORD_013722,6.09,15,4,Rainy,High,Morning,Electric Bike,3.2,52.1
ORD_013723,2.34,15,3,Clear,Low,Evening Peak,Scooter,5.0,19.8
ORD_013724,4.06,20,6,Windy,Low,Afternoon,Motorcycle,5.2,33.7
ORD_013725,7.97,10,3,Foggy,Low,Late Night,Scooter,3.7,32.8
ORD_013726,1.44,10,3,Clear,Low,Afternoon,Scooter,1.1,12.0
ORD_013727,4.51,10,1,Rainy,Low,Afternoon,Electric Bike,2.7,28.2
ORD_013728,5.92,15,4,Foggy,Low,Morning,Motorcycle,4.0,31.7
ORD_013729,5.98,30,3,Windy,High,Late Night,Scooter,0.8,54.7
ORD_013730,3.36,15,2,Clear,Low,Late Night,Scooter,0.6,22.7
ORD_013731,3.94,25,1,Windy,Low,Morning,Motorcycle,5.7,30.3
ORD_013732,5.6,15,2,Rainy,Medium,Afternoon,Electric Bike,4.5,43.1
ORD_013733,7.77,10,3,Foggy,High,Afternoon,Motorcycle,1.3,39.3
ORD_013734,2.4,20,3,Windy,Low,Evening Peak,Scooter,2.9,28.7
ORD_013735,5.19,25,1,Foggy,Medium,Afternoon,Motorcycle,1.6,39.9
ORD_013736,9.57,25,1,Heavy Storm,Low,Afternoon,Scooter,0.6,59.1
ORD_013737,4.98,20,3,Clear,Medium,Afternoon,Scooter,2.7,37.7
ORD_013738,6.52,15,4,Windy,Medium,Afternoon,Motorcycle,4.1,38.3
ORD_013739,10.67,10,3,Foggy,High,Evening Peak,Electric Bike,5.7,67.9
ORD_013740,5.55,20,3,Windy,Medium,Late Night,Motorcycle,4.7,35.8
ORD_013741,10.48,15,2,Clear,Medium,Evening Peak,Motorcycle,1.8,41.3
ORD_013742,4.1,25,1,Rainy,Medium,Afternoon,Scooter,2.3,40.2
ORD_013743,8.96,20,2,Rainy,Medium,Morning,Motorcycle,3.4,53.6
ORD_013744,5.91,25,2,Windy,Low,Morning,Scooter,1.6,42.0
ORD_013745,6.0,20,5,Clear,Medium,Late Night,Electric Bike,5.1,45.5
ORD_013746,6.54,25,5,Clear,Jam,Afternoon,Motorcycle,1.4,59.9
ORD_013747,5.93,15,3,Clear,Jam,Afternoon,Scooter,2.1,43.6
ORD_013748,6.06,20,3,Foggy,Medium,Morning,Scooter,3.7,41.8
ORD_013749,12.67,10,4,Windy,Medium,Evening Peak,Electric Bike,1.2,64.9
ORD_013750,6.7,20,2,Clear,Medium,Afternoon,Motorcycle,3.9,35.2
ORD_013751,9.05,20,2,Clear,High,Evening Peak,Motorcycle,5.7,46.0
ORD_013752,3.31,25,4,Clear,Low,Late Night,Scooter,4.3,33.4
ORD_013753,2.07,20,1,Windy,High,Morning,Scooter,5.0,24.3
ORD_013754,2.17,20,8,Clear,High,Morning,Scooter,2.9,28.0
ORD_013755,2.5,10,3,Clear,Medium,Evening Peak,Motorcycle,2.5,13.3
ORD_013756,10.62,30,4,Clear,High,Morning,Motorcycle,2.3,71.9
ORD_013757,2.12,10,2,Rainy,Low,Evening Peak,Motorcycle,4.1,22.2
ORD_013758,4.73,25,4,Clear,Jam,Evening Peak,Scooter,3.4,48.7
ORD_013759,14.5,15,2,Windy,Medium,Evening Peak,Electric Bike,3.1,68.5
ORD_013760,7.4,25,2,Clear,High,Afternoon,Scooter,1.1,54.0
ORD_013761,3.77,15,3,Clear,Low,Evening Peak,Motorcycle,4.2,24.6
ORD_013762,3.18,20,6,Windy,Medium,Evening Peak,Electric Bike,4.5,37.3
ORD_013763,4.17,15,2,Clear,Low,Evening Peak,Motorcycle,1.6,17.6
ORD_013764,6.1,20,3,Clear,Medium,Late Night,Motorcycle,4.7,39.2
ORD_013765,4.29,15,5,Windy,High,Evening Peak,Scooter,5.3,33.5
ORD_013766,7.4,20,2,Clear,Medium,Evening Peak,Motorcycle,1.5,37.1
ORD_013767,12.37,15,2,Clear,High,Afternoon,Scooter,3.0,55.5
ORD_013768,3.45,20,4,Rainy,High,Morning,Electric Bike,5.3,42.3
ORD_013769,12.72,15,4,Foggy,Medium,Evening Peak,Scooter,3.2,61.0
ORD_013770,5.67,15,1,Clear,Medium,Evening Peak,Electric Bike,5.0,36.7
ORD_013771,4.22,25,1,Clear,High,Evening Peak,Electric Bike,1.7,45.8
ORD_013772,3.15,25,4,Heavy Storm,Low,Evening Peak,Motorcycle,0.9,48.9
ORD_013773,6.87,20,2,Clear,Low,Afternoon,Scooter,0.8,39.0
ORD_013774,3.58,30,2,Rainy,Medium,Morning,Scooter,5.8,46.5
ORD_013775,7.24,15,3,Windy,Jam,Morning,Motorcycle,1.4,49.4
ORD_013776,5.18,15,3,Clear,Medium,Evening Peak,Motorcycle,5.3,25.0
ORD_013777,3.98,15,3,Heavy Storm,High,Morning,Motorcycle,2.2,41.3
ORD_013778,5.13,15,1,Clear,High,Evening Peak,Scooter,0.7,35.2
ORD_013779,6.74,15,3,Clear,Medium,Evening Peak,Motorcycle,1.8,30.2
ORD_013780,4.77,20,2,Clear,Low,Late Night,Motorcycle,3.3,27.6
ORD_013781,3.59,15,4,Foggy,High,Evening Peak,Motorcycle,1.1,32.3
ORD_013782,3.31,15,1,Clear,Medium,Morning,Motorcycle,5.6,24.6
ORD_013783,7.64,20,3,Clear,Jam,Afternoon,Electric Bike,5.4,65.0
ORD_013784,2.67,15,3,Windy,Low,Afternoon,Motorcycle,1.3,23.3
ORD_013785,3.42,15,8,Clear,Medium,Evening Peak,Scooter,4.6,26.7
ORD_013786,2.07,10,3,Clear,Low,Late Night,Motorcycle,3.0,14.4
ORD_013787,4.98,30,2,Clear,High,Evening Peak,Motorcycle,5.9,42.8
ORD_013788,2.9,15,4,Foggy,High,Afternoon,Scooter,0.8,30.7
ORD_013789,4.75,25,3,Rainy,High,Morning,Motorcycle,3.1,52.1
ORD_013790,4.84,20,1,Windy,High,Late Night,Scooter,2.1,41.4
ORD_013791,5.01,15,3,Clear,Low,Evening Peak,Motorcycle,4.5,23.2
ORD_013792,3.78,15,3,Clear,Medium,Morning,Motorcycle,1.1,25.8
ORD_013793,7.61,20,2,Clear,High,Evening Peak,Electric Bike,4.0,54.1
ORD_013794,4.29,30,3,Rainy,Medium,Evening Peak,Scooter,5.7,45.8
ORD_013795,3.46,15,2,Windy,High,Late Night,Scooter,3.0,26.8
ORD_013796,2.17,10,2,Clear,Medium,Evening Peak,Electric Bike,3.0,17.0
ORD_013797,8.31,15,2,Clear,Medium,Evening Peak,Scooter,3.2,42.0
ORD_013798,3.69,15,1,Clear,Medium,Evening Peak,Scooter,2.8,24.6
ORD_013799,7.3,25,1,Foggy,Jam,Evening Peak,Electric Bike,3.0,74.2
ORD_013800,4.18,15,5,Rainy,Medium,Morning,Scooter,3.0,35.4
ORD_013801,13.09,10,3,Clear,Medium,Late Night,Scooter,6.0,50.8
ORD_013802,12.83,30,4,Rainy,Low,Late Night,Motorcycle,1.1,66.2
ORD_013803,6.09,15,2,Clear,Low,Afternoon,Motorcycle,2.1,23.0
ORD_013804,6.13,20,2,Clear,Medium,Evening Peak,Motorcycle,1.7,38.3
ORD_013805,5.78,20,2,Clear,High,Late Night,Scooter,3.5,40.8
ORD_013806,4.27,10,4,Clear,Jam,Morning,Scooter,0.5,31.3
ORD_013807,7.94,10,5,Clear,Medium,Afternoon,Motorcycle,5.6,31.3
ORD_013808,5.04,10,1,Clear,High,Evening Peak,Motorcycle,3.4,25.7
ORD_013809,2.7,30,2,Rainy,Medium,Afternoon,Scooter,5.4,41.4
ORD_013810,4.47,25,4,Clear,Jam,Late Night,Motorcycle,2.4,45.5
ORD_013811,2.77,10,2,Clear,Medium,Morning,Motorcycle,1.3,19.9
ORD_013812,2.66,20,2,Clear,Medium,Afternoon,Scooter,1.6,27.3
ORD_013813,3.3,20,1,Heavy Storm,Jam,Evening Peak,Motorcycle,3.1,49.8
ORD_013814,11.85,10,2,Clear,Low,Evening Peak,Motorcycle,0.7,39.3
ORD_013815,6.52,15,3,Clear,Medium,Morning,Scooter,4.8,34.2
ORD_013816,4.48,20,3,Heavy Storm,High,Afternoon,Motorcycle,4.8,44.8
ORD_013817,4.25,15,2,Windy,Medium,Morning,Motorcycle,4.4,24.7
ORD_013818,5.36,25,3,Clear,Low,Evening Peak,Scooter,5.4,36.8
ORD_013819,3.71,20,3,Clear,Medium,Evening Peak,Motorcycle,3.5,30.4
ORD_013820,6.73,10,2,Clear,Medium,Evening Peak,Motorcycle,3.1,28.5
ORD_013821,5.59,25,1,Windy,Medium,Late Night,Motorcycle,3.4,43.2
ORD_013822,6.35,10,3,Foggy,Medium,Morning,Motorcycle,1.5,29.6
ORD_013823,4.32,25,1,Clear,Low,Evening Peak,Motorcycle,3.3,30.3
ORD_013824,14.62,15,2,Rainy,Medium,Evening Peak,Electric Bike,3.5,78.4
ORD_013825,2.75,20,2,Clear,Medium,Late Night,Motorcycle,4.7,28.5
ORD_013826,6.79,25,5,Clear,Medium,Evening Peak,Electric Bike,2.4,53.3
ORD_013827,3.83,15,3,Clear,Low,Afternoon,Scooter,1.0,29.3
ORD_013828,5.56,15,5,Clear,Low,Late Night,Motorcycle,3.8,26.1
ORD_013829,5.97,20,2,Clear,Low,Late Night,Electric Bike,4.8,38.1
ORD_013830,12.83,20,3,Heavy Storm,Medium,Morning,Motorcycle,5.8,71.1
ORD_013831,6.03,15,3,Clear,High,Late Night,Motorcycle,1.0,36.8
ORD_013832,4.42,35,6,Clear,Low,Evening Peak,Motorcycle,4.6,47.3
ORD_013833,1.0,20,2,Clear,High,Evening Peak,Motorcycle,3.8,24.2
ORD_013834,3.6,15,3,Clear,Low,Evening Peak,Scooter,0.6,23.9
ORD_013835,16.77,20,4,Windy,High,Morning,Electric Bike,4.5,95.0
ORD_013836,7.14,15,1,Clear,High,Afternoon,Motorcycle,0.6,36.2
ORD_013837,7.77,25,5,Clear,High,Afternoon,Motorcycle,4.8,53.0
ORD_013838,1.74,15,2,Rainy,High,Morning,Electric Bike,4.5,27.9
ORD_013839,3.75,15,2,Clear,Low,Evening Peak,Motorcycle,4.3,19.5
ORD_013840,6.8,10,2,Clear,Medium,Morning,Motorcycle,1.2,32.2
ORD_013841,2.23,35,3,Foggy,Low,Morning,Electric Bike,5.6,49.3
ORD_013842,5.43,15,1,Clear,Medium,Morning,Scooter,5.4,27.6
ORD_013843,10.27,15,3,Clear,Medium,Evening Peak,Motorcycle,5.5,43.6
ORD_013844,3.04,15,1,Clear,Medium,Morning,Motorcycle,2.5,24.1
ORD_013845,3.42,15,2,Foggy,Medium,Morning,Motorcycle,3.2,25.9
ORD_013846,9.04,15,3,Clear,Medium,Late Night,Motorcycle,1.1,42.3
ORD_013847,3.76,20,1,Rainy,High,Afternoon,Motorcycle,0.8,39.4
ORD_013848,3.23,10,3,Windy,Low,Evening Peak,Motorcycle,0.8,23.0
ORD_013849,10.95,20,6,Foggy,High,Late Night,Scooter,3.6,62.8
ORD_013850,5.04,15,6,Heavy Storm,Low,Morning,Motorcycle,2.3,44.0
ORD_013851,3.02,20,3,Rainy,Medium,Evening Peak,Electric Bike,3.7,41.3
ORD_013852,9.36,15,2,Clear,High,Evening Peak,Scooter,3.8,48.6
ORD_013853,2.74,20,2,Windy,Medium,Evening Peak,Electric Bike,5.5,29.0
ORD_013854,5.25,10,2,Rainy,High,Late Night,Scooter,5.4,33.5
ORD_013855,5.84,15,3,Clear,Medium,Morning,Motorcycle,4.5,32.3
ORD_013856,3.62,15,2,Windy,High,Afternoon,Scooter,5.0,26.7
ORD_013857,7.54,15,2,Clear,Jam,Afternoon,Motorcycle,0.5,48.6
ORD_013858,3.18,15,2,Foggy,High,Late Night,Scooter,0.6,30.1
ORD_013859,7.83,20,3,Foggy,Low,Evening Peak,Scooter,3.0,44.2
ORD_013860,4.68,20,4,Rainy,Low,Late Night,Scooter,4.1,45.8
ORD_013861,2.92,15,1,Foggy,Medium,Morning,Motorcycle,4.9,24.6
ORD_013862,5.32,15,6,Rainy,Jam,Morning,Scooter,3.0,50.9
ORD_013863,6.2,20,3,Clear,Medium,Late Night,Motorcycle,5.7,38.0
ORD_013864,1.73,30,1,Foggy,Medium,Afternoon,Motorcycle,5.0,35.1
ORD_013865,10.33,15,1,Heavy Storm,Jam,Evening Peak,Scooter,1.1,82.9
ORD_013866,4.91,10,5,Foggy,High,Morning,Scooter,2.9,34.6
ORD_013867,4.05,15,3,Windy,High,Evening Peak,Electric Bike,6.0,34.0
ORD_013868,5.97,15,1,Rainy,Low,Late Night,Motorcycle,2.8,35.3
ORD_013869,5.21,15,2,Clear,Medium,Evening Peak,Motorcycle,2.6,27.1
ORD_013870,3.89,25,4,Clear,Medium,Evening Peak,Motorcycle,2.1,36.4
ORD_013871,6.06,15,4,Heavy Storm,High,Late Night,Scooter,3.2,51.3
ORD_013872,7.83,15,1,Windy,Medium,Morning,Motorcycle,4.5,35.4
ORD_013873,4.2,30,2,Clear,Low,Evening Peak,Electric Bike,0.8,41.4
ORD_013874,1.28,10,3,Clear,Medium,Evening Peak,Motorcycle,5.1,14.2
ORD_013875,7.26,10,3,Foggy,Medium,Morning,Scooter,5.5,36.9
ORD_013876,4.87,15,1,Foggy,High,Morning,Scooter,4.8,35.2
ORD_013877,2.94,10,3,Clear,Jam,Evening Peak,Motorcycle,5.5,18.5
ORD_013878,6.31,25,1,Clear,Low,Evening Peak,Motorcycle,1.0,42.3
ORD_013879,2.93,15,2,Foggy,Medium,Late Night,Motorcycle,3.0,25.9
ORD_013880,7.13,20,2,Heavy Storm,High,Afternoon,Scooter,0.9,61.6
ORD_013881,2.68,25,1,Windy,Low,Afternoon,Motorcycle,5.1,30.0
ORD_013882,3.76,15,4,Windy,Medium,Evening Peak,Motorcycle,5.7,27.8
ORD_013883,1.94,20,2,Clear,High,Evening Peak,Electric Bike,2.1,26.7
ORD_013884,3.68,20,2,Clear,Medium,Evening Peak,Scooter,3.4,31.0
ORD_013885,4.05,25,1,Clear,High,Evening Peak,Motorcycle,2.1,37.0
ORD_013886,4.89,10,2,Clear,Low,Afternoon,Motorcycle,2.6,18.0
ORD_013887,4.28,15,1,Clear,Medium,Evening Peak,Motorcycle,3.1,27.3
ORD_013888,2.74,25,1,Clear,High,Afternoon,Electric Bike,4.8,35.4
ORD_013889,4.8,15,4,Clear,Medium,Evening Peak,Motorcycle,1.3,32.0
ORD_013890,3.73,10,3,Heavy Storm,Low,Evening Peak,Scooter,1.4,30.9
ORD_013891,5.4,20,3,Clear,Low,Morning,Motorcycle,1.6,34.2
ORD_013892,3.16,15,2,Clear,Medium,Evening Peak,Motorcycle,0.8,23.1
ORD_013893,3.6,15,2,Windy,Low,Late Night,Motorcycle,4.0,23.8
ORD_013894,6.07,25,6,Clear,Medium,Morning,Electric Bike,1.5,50.0
ORD_013895,4.39,20,8,Windy,Medium,Morning,Electric Bike,2.9,41.5
ORD_013896,2.11,20,2,Clear,Medium,Morning,Motorcycle,4.3,26.4
ORD_013897,10.71,15,1,Windy,Medium,Morning,Motorcycle,3.0,43.4
ORD_013898,7.49,25,5,Rainy,Medium,Late Night,Motorcycle,5.5,57.3
ORD_013899,7.35,20,2,Windy,Medium,Late Night,Motorcycle,4.7,43.8
ORD_013900,1.93,15,5,Clear,Low,Evening Peak,Motorcycle,2.0,25.2
ORD_013901,1.57,15,2,Foggy,High,Evening Peak,Scooter,1.2,24.6
ORD_013902,8.32,25,6,Clear,High,Afternoon,Scooter,5.4,57.4
ORD_013903,2.73,15,2,Windy,High,Evening Peak,Scooter,2.7,27.8
ORD_013904,5.49,15,2,Windy,Low,Evening Peak,Motorcycle,2.6,26.9
ORD_013905,3.67,15,5,Foggy,Medium,Afternoon,Scooter,5.0,30.1
ORD_013906,1.63,15,3,Clear,Medium,Evening Peak,Scooter,0.6,21.2
ORD_013907,3.32,15,4,Clear,Medium,Evening Peak,Scooter,3.0,27.7
ORD_013908,6.02,25,1,Clear,Low,Late Night,Scooter,4.4,36.4
ORD_013909,4.53,15,3,Clear,Jam,Afternoon,Scooter,5.2,38.4
ORD_013910,11.88,15,3,Rainy,Jam,Late Night,Motorcycle,5.4,75.1
ORD_013911,7.02,15,1,Clear,Medium,Evening Peak,Motorcycle,3.1,32.2
ORD_013912,6.25,15,2,Rainy,High,Evening Peak,Motorcycle,5.2,37.8
ORD_013913,5.47,10,4,Clear,Medium,Morning,Scooter,0.7,27.5
ORD_013914,2.93,10,2,Foggy,Medium,Evening Peak,Motorcycle,2.2,17.8
ORD_013915,2.97,15,3,Clear,High,Afternoon,Motorcycle,0.6,26.3
ORD_013916,4.95,15,1,Foggy,Medium,Afternoon,Scooter,1.4,33.7
ORD_013917,3.34,15,1,Foggy,Low,Morning,Motorcycle,4.5,21.7
ORD_013918,10.75,35,1,Windy,Medium,Afternoon,Motorcycle,0.5,65.4
ORD_013919,6.95,15,2,Windy,High,Evening Peak,Scooter,3.4,41.6
ORD_013920,8.87,25,2,Foggy,High,Evening Peak,Scooter,2.8,63.3
ORD_013921,1.3,15,2,Windy,Medium,Evening Peak,Electric Bike,1.2,24.1
ORD_013922,6.18,15,2,Foggy,Medium,Evening Peak,Scooter,4.3,36.7
ORD_013923,2.09,20,2,Rainy,Low,Late Night,Motorcycle,4.3,31.5
ORD_013924,9.74,10,2,Clear,Medium,Morning,Scooter,4.5,39.0
ORD_013925,6.7,10,4,Clear,Low,Afternoon,Scooter,4.7,22.1
ORD_013926,7.22,10,2,Heavy Storm,Medium,Afternoon,Scooter,2.2,43.8
ORD_013927,7.41,15,2,Rainy,High,Evening Peak,Scooter,6.0,47.0
ORD_013928,3.56,20,4,Windy,High,Evening Peak,Motorcycle,0.9,37.2
ORD_013929,12.62,20,2,Clear,Medium,Evening Peak,Motorcycle,4.1,51.0
ORD_013930,6.92,15,2,Rainy,High,Evening Peak,Motorcycle,5.8,43.0
ORD_013931,5.54,15,1,Foggy,Medium,Afternoon,Motorcycle,1.7,33.9
ORD_013932,3.78,25,3,Heavy Storm,Low,Evening Peak,Motorcycle,2.0,50.3
ORD_013933,4.7,15,1,Clear,Medium,Morning,Scooter,3.7,28.9
ORD_013934,9.48,20,3,Clear,Medium,Evening Peak,Scooter,4.8,49.2
ORD_013935,4.23,30,4,Clear,Low,Morning,Scooter,2.3,43.7
ORD_013936,3.49,15,2,Rainy,Low,Afternoon,Motorcycle,5.1,27.9
ORD_013937,6.49,10,3,Heavy Storm,Medium,Morning,Scooter,1.8,47.5
ORD_013938,4.91,35,1,Clear,Low,Evening Peak,Motorcycle,5.3,44.0
ORD_013939,3.54,15,3,Clear,Medium,Afternoon,Scooter,1.9,25.3
ORD_013940,8.48,15,5,Clear,Jam,Morning,Motorcycle,3.9,54.7
ORD_013941,2.8,15,1,Rainy,High,Evening Peak,Scooter,2.5,31.4
ORD_013942,4.3,15,2,Clear,Low,Morning,Motorcycle,2.3,29.0
ORD_013943,3.05,35,2,Rainy,Low,Evening Peak,Scooter,2.4,46.6
ORD_013944,12.46,10,4,Clear,Low,Late Night,Motorcycle,3.2,34.1
ORD_013945,6.83,15,1,Clear,Low,Evening Peak,Motorcycle,5.1,28.0
ORD_013946,5.96,20,2,Windy,Medium,Evening Peak,Motorcycle,4.7,34.7
ORD_013947,3.13,15,1,Clear,Medium,Morning,Motorcycle,3.0,19.2
ORD_013948,12.46,20,5,Clear,Low,Evening Peak,Motorcycle,2.1,51.6
ORD_013949,2.17,35,2,Rainy,Medium,Afternoon,Scooter,5.2,46.1
ORD_013950,4.27,25,2,Clear,Medium,Morning,Electric Bike,5.3,39.5
ORD_013951,4.62,15,3,Foggy,High,Late Night,Electric Bike,3.0,41.2
ORD_013952,2.2,20,1,Clear,Medium,Morning,Scooter,4.3,25.4
ORD_013953,5.22,10,2,Clear,Medium,Evening Peak,Scooter,2.5,27.4
ORD_013954,3.4,15,2,Windy,Medium,Afternoon,Motorcycle,1.3,27.5
ORD_013955,10.32,15,4,Clear,Jam,Evening Peak,Motorcycle,2.3,61.1
ORD_013956,2.44,20,3,Clear,Medium,Evening Peak,Motorcycle,4.3,27.4
ORD_013957,7.21,15,5,Foggy,Medium,Late Night,Electric Bike,4.7,43.8
ORD_013958,5.28,20,2,Clear,High,Evening Peak,Motorcycle,5.2,34.6
ORD_013959,8.21,15,4,Clear,High,Afternoon,Scooter,0.6,49.2
ORD_013960,4.52,30,4,Clear,Jam,Late Night,Scooter,3.2,54.0
ORD_013961,2.98,15,1,Rainy,Low,Evening Peak,Motorcycle,2.0,26.9
ORD_013962,11.22,25,2,Foggy,Medium,Late Night,Scooter,4.3,59.9
ORD_013963,11.12,20,6,Foggy,Jam,Evening Peak,Motorcycle,1.8,77.4
ORD_013964,7.31,35,4,Clear,Medium,Evening Peak,Motorcycle,3.6,53.3
ORD_013965,6.59,20,3,Clear,Medium,Evening Peak,Scooter,4.4,44.0
ORD_013966,5.85,20,2,Clear,Medium,Afternoon,Motorcycle,4.7,35.8
ORD_013967,6.8,15,3,Windy,Medium,Evening Peak,Scooter,2.0,38.9
ORD_013968,15.35,20,4,Foggy,High,Evening Peak,Electric Bike,1.0,95.0
ORD_013969,2.42,15,2,Clear,Medium,Afternoon,Motorcycle,1.7,23.1
ORD_013970,4.98,10,3,Clear,Medium,Evening Peak,Motorcycle,3.8,24.4
ORD_013971,3.72,20,1,Clear,Low,Afternoon,Motorcycle,0.7,27.2
ORD_013972,5.22,15,2,Clear,Jam,Evening Peak,Scooter,1.4,40.7
ORD_013973,2.33,15,1,Foggy,Medium,Late Night,Scooter,6.0,21.4
ORD_013974,2.86,15,3,Foggy,Medium,Late Night,Scooter,2.6,29.7
ORD_013975,2.73,15,2,Clear,Medium,Late Night,Motorcycle,3.2,22.3
ORD_013976,6.74,10,1,Rainy,High,Late Night,Motorcycle,0.6,37.3
ORD_013977,4.9,15,2,Clear,Medium,Evening Peak,Motorcycle,3.8,28.6
ORD_013978,1.96,10,2,Rainy,Medium,Evening Peak,Motorcycle,2.3,22.3
ORD_013979,1.94,20,1,Clear,Medium,Morning,Motorcycle,3.4,19.2
ORD_013980,1.63,10,2,Clear,High,Morning,Motorcycle,3.4,15.9
ORD_013981,4.4,30,3,Clear,Medium,Evening Peak,Electric Bike,5.8,43.3
ORD_013982,4.6,30,1,Rainy,Jam,Evening Peak,Motorcycle,2.0,57.7
ORD_013983,4.76,15,2,Clear,High,Afternoon,Motorcycle,3.6,33.7
ORD_013984,3.26,15,2,Windy,Medium,Late Night,Scooter,2.6,23.3
ORD_013985,4.04,10,3,Clear,High,Afternoon,Motorcycle,2.8,25.2
ORD_013986,4.47,30,1,Rainy,Medium,Afternoon,Motorcycle,0.8,47.4
ORD_013987,4.91,20,2,Clear,Low,Late Night,Electric Bike,4.3,32.4
ORD_013988,5.85,20,2,Windy,Medium,Evening Peak,Motorcycle,1.6,33.3
ORD_013989,8.59,25,3,Clear,Medium,Morning,Motorcycle,3.1,49.3
ORD_013990,3.09,30,6,Windy,Low,Morning,Scooter,2.9,40.1
ORD_013991,7.43,25,4,Clear,Low,Evening Peak,Motorcycle,3.1,42.0
ORD_013992,3.43,25,2,Clear,Low,Afternoon,Motorcycle,2.6,33.6
ORD_013993,6.71,25,4,Clear,High,Evening Peak,Scooter,1.8,55.1
ORD_013994,5.06,25,3,Heavy Storm,High,Evening Peak,Motorcycle,3.0,59.3
ORD_013995,15.26,15,1,Clear,Medium,Evening Peak,Motorcycle,0.8,53.4
ORD_013996,5.76,35,3,Heavy Storm,Jam,Evening Peak,Scooter,1.8,79.6
ORD_013997,7.74,20,3,Clear,Low,Morning,Motorcycle,4.8,41.4
ORD_013998,1.14,15,2,Clear,Low,Morning,Motorcycle,5.1,16.7
ORD_013999,8.1,15,6,Clear,Jam,Afternoon,Scooter,4.4,58.1
ORD_014000,3.18,20,4,Windy,Medium,Afternoon,Motorcycle,4.0,32.0
ORD_014001,4.67,15,3,Windy,Medium,Afternoon,Electric Bike,5.0,33.4
ORD_014002,3.98,25,6,Clear,High,Evening Peak,Motorcycle,1.2,44.4
ORD_014003,2.57,10,8,Clear,Medium,Morning,Motorcycle,3.4,19.9
ORD_014004,11.59,30,2,Clear,Medium,Morning,Motorcycle,1.1,63.7
ORD_014005,8.99,15,2,Clear,Medium,Late Night,Scooter,4.8,37.8
ORD_014006,2.86,15,4,Foggy,Medium,Evening Peak,Scooter,3.4,24.1
ORD_014007,2.73,25,3,Clear,High,Evening Peak,Electric Bike,5.0,36.3
ORD_014008,6.59,15,1,Windy,Low,Evening Peak,Scooter,4.9,28.0
ORD_014009,8.0,25,3,Clear,Low,Evening Peak,Scooter,3.1,40.5
ORD_014010,4.93,15,2,Foggy,Medium,Afternoon,Motorcycle,3.2,35.3
ORD_014011,3.28,30,1,Clear,Low,Morning,Scooter,0.7,39.6
ORD_014012,4.43,15,5,Heavy Storm,High,Afternoon,Motorcycle,3.4,45.4
ORD_014013,1.8,10,2,Windy,Low,Evening Peak,Scooter,4.2,14.8
ORD_014014,2.12,30,6,Clear,Jam,Afternoon,Scooter,1.8,45.9
ORD_014015,8.39,15,2,Foggy,Low,Evening Peak,Scooter,5.9,39.6
ORD_014016,3.61,30,3,Foggy,High,Morning,Motorcycle,5.9,42.3
ORD_014017,4.68,25,2,Foggy,Low,Afternoon,Motorcycle,2.1,38.2
ORD_014018,5.76,10,8,Clear,Low,Evening Peak,Motorcycle,4.4,24.7
ORD_014019,4.66,15,1,Heavy Storm,Medium,Afternoon,Scooter,0.7,45.1
ORD_014020,5.89,10,4,Clear,Medium,Evening Peak,Electric Bike,4.2,31.7
ORD_014021,8.22,15,1,Clear,Medium,Evening Peak,Motorcycle,3.9,36.0
ORD_014022,3.19,15,5,Clear,Medium,Afternoon,Motorcycle,5.0,23.7
ORD_014023,8.48,20,5,Clear,Jam,Evening Peak,Motorcycle,2.2,62.3
ORD_014024,5.75,35,2,Clear,Jam,Late Night,Scooter,5.3,63.8
ORD_014025,6.78,15,3,Windy,Medium,Evening Peak,Scooter,5.2,35.2
ORD_014026,8.16,15,4,Clear,Low,Morning,Motorcycle,4.2,30.9
ORD_014027,5.3,20,2,Windy,Low,Morning,Electric Bike,3.1,35.3
ORD_014028,17.38,15,1,Clear,Low,Evening Peak,Scooter,3.9,58.6
ORD_014029,2.51,20,5,Clear,Medium,Evening Peak,Motorcycle,4.5,33.2
ORD_014030,8.27,15,1,Clear,Jam,Morning,Motorcycle,5.9,51.9
ORD_014031,3.52,30,1,Windy,Medium,Afternoon,Scooter,1.2,38.8
ORD_014032,5.96,20,1,Windy,Medium,Evening Peak,Electric Bike,2.2,42.2
ORD_014033,4.62,15,3,Windy,Jam,Evening Peak,Scooter,4.8,37.7
ORD_014034,4.46,20,2,Rainy,Low,Evening Peak,Motorcycle,2.8,35.6
ORD_014035,4.25,25,3,Clear,High,Evening Peak,Motorcycle,4.2,34.0
ORD_014036,6.75,25,3,Clear,High,Afternoon,Motorcycle,1.2,46.4
ORD_014037,2.86,15,3,Clear,High,Evening Peak,Scooter,4.4,28.7
ORD_014038,3.41,15,5,Windy,Low,Afternoon,Motorcycle,4.2,26.6
ORD_014039,2.71,15,1,Clear,Medium,Afternoon,Scooter,3.7,21.7
ORD_014040,11.11,15,5,Windy,Medium,Evening Peak,Motorcycle,4.7,46.5
ORD_014041,7.7,15,2,Rainy,High,Evening Peak,Motorcycle,5.3,44.9
ORD_014042,3.51,25,1,Windy,High,Late Night,Motorcycle,5.1,37.4
ORD_014043,6.51,10,4,Rainy,Medium,Afternoon,Motorcycle,1.2,36.7
ORD_014044,2.77,15,1,Windy,Medium,Evening Peak,Scooter,4.6,21.4
ORD_014045,5.1,10,3,Rainy,Jam,Afternoon,Motorcycle,3.0,42.1
ORD_014046,4.28,10,2,Rainy,Low,Late Night,Motorcycle,2.3,24.7
ORD_014047,4.24,15,1,Clear,Low,Afternoon,Motorcycle,5.3,24.0
ORD_014048,3.87,25,4,Foggy,Low,Evening Peak,Scooter,3.6,36.3
ORD_014049,17.01,30,2,Clear,Low,Evening Peak,Motorcycle,3.3,63.9
ORD_014050,7.24,20,3,Foggy,High,Afternoon,Electric Bike,4.8,58.9
ORD_014051,14.14,15,3,Clear,Medium,Afternoon,Motorcycle,3.5,51.4
ORD_014052,3.76,25,3,Heavy Storm,Jam,Morning,Scooter,5.2,59.8
ORD_014053,2.8,10,3,Rainy,High,Late Night,Scooter,1.1,30.2
ORD_014054,5.75,10,2,Rainy,Medium,Evening Peak,Electric Bike,4.8,39.7
ORD_014055,5.1,15,2,Clear,Medium,Evening Peak,Motorcycle,1.4,28.9
ORD_014056,7.23,15,3,Clear,Medium,Evening Peak,Scooter,1.7,35.4
ORD_014057,8.46,25,2,Clear,High,Morning,Scooter,1.5,54.8
ORD_014058,1.69,30,5,Rainy,High,Afternoon,Scooter,1.8,47.9
ORD_014059,14.61,20,2,Rainy,Low,Afternoon,Electric Bike,4.5,68.3
ORD_014060,5.9,15,1,Clear,Medium,Afternoon,Motorcycle,4.1,29.3
ORD_014061,6.96,15,2,Clear,High,Morning,Scooter,1.8,38.8
ORD_014062,11.22,15,2,Clear,Low,Evening Peak,Motorcycle,2.0,40.7
ORD_014063,3.16,30,1,Windy,Medium,Afternoon,Electric Bike,1.0,40.5
ORD_014064,4.74,15,3,Clear,Low,Evening Peak,Scooter,2.8,29.6
ORD_014065,2.64,15,3,Clear,High,Morning,Scooter,2.6,22.5
ORD_014066,2.88,15,3,Clear,Low,Evening Peak,Motorcycle,1.3,20.3
ORD_014067,8.48,20,2,Clear,High,Evening Peak,Motorcycle,5.1,46.2
ORD_014068,10.53,20,3,Rainy,Medium,Late Night,Motorcycle,5.2,59.1
ORD_014069,2.07,15,5,Windy,Medium,Morning,Electric Bike,1.1,26.6
ORD_014070,6.12,25,2,Foggy,Medium,Late Night,Electric Bike,2.0,51.2
ORD_014071,9.26,20,3,Rainy,Low,Late Night,Motorcycle,4.5,45.6
ORD_014072,8.22,20,3,Clear,Jam,Afternoon,Motorcycle,5.3,59.6
ORD_014073,5.43,25,2,Clear,Low,Late Night,Scooter,0.9,42.9
ORD_014074,6.09,25,3,Clear,Medium,Afternoon,Motorcycle,5.5,41.9
ORD_014075,6.18,15,2,Clear,Low,Afternoon,Scooter,0.8,32.6
ORD_014076,5.91,20,4,Foggy,Medium,Late Night,Motorcycle,4.0,39.0
ORD_014077,6.63,20,2,Rainy,Low,Evening Peak,Scooter,0.6,41.9
ORD_014078,4.48,10,3,Foggy,Medium,Afternoon,Motorcycle,5.6,27.5
ORD_014079,13.89,25,2,Clear,Low,Morning,Motorcycle,2.4,56.3
ORD_014080,3.14,15,3,Clear,Medium,Evening Peak,Scooter,4.1,24.2
ORD_014081,9.59,25,4,Windy,Low,Evening Peak,Scooter,1.5,51.5
ORD_014082,3.42,15,1,Clear,Medium,Evening Peak,Scooter,2.3,24.4
ORD_014083,6.83,20,2,Clear,Medium,Morning,Motorcycle,4.6,38.2
ORD_014084,3.47,10,2,Clear,Medium,Afternoon,Scooter,5.9,22.1
ORD_014085,6.61,15,1,Clear,Medium,Evening Peak,Motorcycle,6.0,29.8
ORD_014086,4.93,10,6,Foggy,High,Late Night,Electric Bike,5.0,34.4
ORD_014087,7.41,15,3,Heavy Storm,High,Late Night,Motorcycle,5.2,54.2
ORD_014088,3.27,35,2,Windy,Medium,Evening Peak,Scooter,5.8,47.2
ORD_014089,3.23,10,3,Clear,Jam,Late Night,Motorcycle,0.7,31.2
ORD_014090,10.52,15,4,Heavy Storm,High,Afternoon,Motorcycle,1.4,66.7
ORD_014091,12.22,20,1,Windy,Medium,Late Night,Motorcycle,0.8,53.7
ORD_014092,4.62,10,3,Windy,Low,Late Night,Motorcycle,3.3,20.6
ORD_014093,6.31,10,1,Clear,Medium,Evening Peak,Motorcycle,5.8,24.5
ORD_014094,1.98,10,4,Clear,Medium,Evening Peak,Electric Bike,3.7,15.8
ORD_014095,5.28,20,2,Clear,Low,Evening Peak,Motorcycle,3.6,31.0
ORD_014096,4.0,30,3,Rainy,High,Evening Peak,Scooter,5.0,53.4
ORD_014097,13.43,25,1,Foggy,Medium,Evening Peak,Scooter,5.6,71.0
ORD_014098,3.88,35,1,Clear,Low,Evening Peak,Scooter,4.3,42.7
ORD_014099,13.55,20,3,Clear,Medium,Morning,Motorcycle,5.4,51.6
ORD_014100,3.79,30,1,Clear,Medium,Late Night,Scooter,1.5,41.5
ORD_014101,7.06,15,2,Clear,Medium,Late Night,Scooter,3.3,32.4
ORD_014102,12.27,15,5,Clear,Low,Late Night,Scooter,2.5,47.8
ORD_014103,4.72,15,3,Clear,Low,Late Night,Motorcycle,2.3,28.8
ORD_014104,11.87,10,2,Foggy,Medium,Evening Peak,Motorcycle,1.7,48.5
ORD_014105,8.17,25,3,Clear,Low,Evening Peak,Motorcycle,5.4,39.0
ORD_014106,5.25,10,8,Clear,Low,Late Night,Scooter,3.0,23.7
ORD_014107,6.51,20,2,Foggy,High,Morning,Motorcycle,3.4,43.4
ORD_014108,10.54,15,2,Clear,Medium,Morning,Motorcycle,2.0,43.3
ORD_014109,6.3,10,2,Foggy,High,Morning,Motorcycle,5.8,28.0
ORD_014110,2.36,15,1,Clear,Medium,Afternoon,Electric Bike,3.9,22.4
ORD_014111,8.19,15,2,Foggy,Medium,Afternoon,Motorcycle,0.5,40.4
ORD_014112,8.37,30,3,Clear,Medium,Evening Peak,Scooter,2.0,54.8
ORD_014113,6.18,20,2,Clear,Low,Afternoon,Motorcycle,6.0,28.8
ORD_014114,3.83,20,2,Clear,Low,Late Night,Scooter,5.9,22.7
ORD_014115,7.91,10,2,Windy,High,Afternoon,Scooter,3.5,41.6
ORD_014116,2.63,15,3,Windy,High,Evening Peak,Electric Bike,3.6,32.5
ORD_014117,6.45,10,2,Rainy,Medium,Late Night,Scooter,5.5,32.8
ORD_014118,6.28,25,5,Clear,High,Evening Peak,Motorcycle,4.4,46.8
ORD_014119,5.37,15,2,Windy,High,Morning,Electric Bike,5.6,40.8
ORD_014120,9.45,20,3,Foggy,Medium,Morning,Motorcycle,3.1,49.5
ORD_014121,4.19,20,3,Rainy,High,Evening Peak,Motorcycle,5.9,42.2
ORD_014122,3.06,15,3,Clear,Jam,Afternoon,Scooter,3.5,31.7
ORD_014123,3.33,20,3,Clear,Low,Afternoon,Scooter,4.0,32.4
ORD_014124,9.63,25,3,Foggy,Low,Late Night,Scooter,1.0,54.1
ORD_014125,7.18,15,4,Rainy,Medium,Evening Peak,Motorcycle,3.9,42.8
ORD_014126,6.86,20,1,Clear,Medium,Evening Peak,Motorcycle,4.7,36.0
ORD_014127,6.5,20,2,Clear,Low,Evening Peak,Scooter,2.9,37.4
ORD_014128,4.73,15,2,Rainy,Low,Evening Peak,Motorcycle,3.3,32.5
ORD_014129,2.91,15,3,Clear,Medium,Evening Peak,Motorcycle,2.7,23.2
ORD_014130,3.02,15,1,Clear,Low,Evening Peak,Motorcycle,5.8,19.0
ORD_014131,6.62,30,4,Windy,Medium,Morning,Motorcycle,3.1,53.4
ORD_014132,4.12,15,2,Clear,Low,Afternoon,Electric Bike,1.2,24.6
ORD_014133,3.45,10,2,Heavy Storm,Medium,Morning,Electric Bike,0.7,35.6
ORD_014134,4.81,10,1,Clear,High,Evening Peak,Electric Bike,4.7,30.1
ORD_014135,9.96,15,3,Clear,High,Evening Peak,Motorcycle,3.5,50.3
ORD_014136,5.59,10,3,Clear,High,Late Night,Scooter,0.5,30.4
ORD_014137,13.22,15,2,Clear,Low,Evening Peak,Scooter,2.6,46.4
ORD_014138,6.89,15,2,Clear,Low,Evening Peak,Motorcycle,5.5,26.4
ORD_014139,22.0,25,1,Foggy,High,Late Night,Scooter,5.7,95.0
ORD_014140,6.19,25,2,Clear,Low,Late Night,Motorcycle,0.8,39.9
ORD_014141,5.86,15,3,Windy,High,Evening Peak,Electric Bike,1.2,44.8
ORD_014142,5.65,25,6,Clear,Low,Evening Peak,Motorcycle,0.5,42.4
ORD_014143,4.04,15,3,Clear,Medium,Evening Peak,Scooter,5.3,26.4
ORD_014144,4.62,20,3,Foggy,Jam,Morning,Motorcycle,0.9,51.5
ORD_014145,14.66,15,4,Windy,Medium,Evening Peak,Motorcycle,1.1,58.7
ORD_014146,4.13,10,1,Clear,Medium,Late Night,Motorcycle,1.8,21.6
ORD_014147,5.65,15,4,Clear,High,Evening Peak,Motorcycle,5.5,28.6
ORD_014148,5.67,15,4,Clear,Low,Morning,Scooter,4.3,27.2
ORD_014149,4.36,25,3,Rainy,Jam,Evening Peak,Electric Bike,3.9,58.6
ORD_014150,4.28,15,1,Clear,Medium,Late Night,Scooter,4.8,25.1
ORD_014151,4.96,10,5,Clear,Jam,Evening Peak,Motorcycle,4.3,31.9
ORD_014152,8.18,30,3,Clear,High,Afternoon,Scooter,4.6,60.9
ORD_014153,10.86,20,2,Clear,Medium,Afternoon,Motorcycle,0.9,48.4
ORD_014154,2.57,15,2,Heavy Storm,Medium,Evening Peak,Motorcycle,3.7,33.5
ORD_014155,13.14,10,3,Clear,Medium,Morning,Motorcycle,4.6,44.4
ORD_014156,7.57,25,1,Clear,Medium,Evening Peak,Motorcycle,3.6,45.3
ORD_014157,7.76,10,3,Clear,High,Evening Peak,Scooter,0.6,38.1
ORD_014158,3.58,20,3,Windy,Medium,Late Night,Motorcycle,1.7,33.8
ORD_014159,17.7,20,3,Windy,Low,Afternoon,Scooter,5.8,64.1
ORD_014160,3.35,15,5,Foggy,Jam,Evening Peak,Motorcycle,4.4,36.0
ORD_014161,5.89,30,2,Windy,Medium,Evening Peak,Scooter,4.3,46.6
ORD_014162,6.36,10,2,Clear,Low,Morning,Motorcycle,4.1,21.6
ORD_014163,12.67,25,3,Clear,High,Late Night,Scooter,1.2,73.3
ORD_014164,3.49,20,1,Foggy,High,Morning,Motorcycle,0.5,36.3
ORD_014165,6.06,20,1,Clear,High,Morning,Scooter,2.9,41.2
ORD_014166,2.1,35,3,Clear,Low,Afternoon,Motorcycle,2.9,40.5
ORD_014167,5.43,20,4,Clear,Medium,Late Night,Scooter,5.0,36.3
ORD_014168,6.67,25,4,Clear,Medium,Morning,Electric Bike,1.5,49.2
ORD_014169,3.94,15,4,Clear,Jam,Afternoon,Scooter,2.0,36.8
ORD_014170,2.33,25,2,Foggy,Medium,Evening Peak,Motorcycle,0.9,34.8
ORD_014171,13.35,25,3,Windy,Medium,Afternoon,Motorcycle,2.7,65.6
ORD_014172,2.88,30,3,Heavy Storm,Low,Evening Peak,Motorcycle,1.9,50.0
ORD_014173,3.07,30,1,Clear,High,Afternoon,Motorcycle,1.9,36.9
ORD_014174,3.58,15,1,Clear,Low,Evening Peak,Motorcycle,1.9,20.7
ORD_014175,10.28,15,4,Clear,High,Afternoon,Motorcycle,1.8,52.6
ORD_014176,5.05,30,1,Windy,High,Morning,Scooter,2.3,54.3
ORD_014177,2.12,20,3,Windy,Medium,Evening Peak,Motorcycle,3.5,28.5
ORD_014178,3.62,15,2,Clear,High,Evening Peak,Motorcycle,2.9,28.8
ORD_014179,10.25,10,1,Clear,High,Afternoon,Scooter,0.8,45.3
ORD_014180,2.43,15,4,Clear,High,Afternoon,Scooter,2.8,25.3
ORD_014181,2.87,20,2,Clear,High,Afternoon,Scooter,5.2,30.3
ORD_014182,2.98,25,3,Clear,High,Evening Peak,Scooter,1.1,38.5
ORD_014183,5.15,15,2,Clear,Medium,Evening Peak,Motorcycle,5.7,24.4
ORD_014184,5.72,10,4,Windy,Medium,Morning,Scooter,2.2,29.3
ORD_014185,4.71,20,2,Windy,Jam,Morning,Motorcycle,0.6,41.4
ORD_014186,5.02,30,3,Windy,Medium,Afternoon,Scooter,1.9,48.0
ORD_014187,2.72,15,3,Clear,High,Afternoon,Motorcycle,0.9,23.5
ORD_014188,4.67,30,3,Foggy,Medium,Afternoon,Scooter,3.6,49.3
ORD_014189,4.62,15,1,Clear,Medium,Evening Peak,Motorcycle,2.2,22.5
ORD_014190,3.0,25,2,Clear,Medium,Late Night,Motorcycle,4.9,32.0
ORD_014191,10.96,25,2,Windy,Low,Evening Peak,Motorcycle,4.5,44.2
ORD_014192,9.78,30,1,Clear,Jam,Morning,Scooter,3.1,80.7
ORD_014193,2.5,25,4,Clear,Medium,Afternoon,Motorcycle,3.6,31.2
ORD_014194,6.86,15,2,Clear,Medium,Evening Peak,Scooter,3.8,34.4
ORD_014195,6.53,30,3,Foggy,Medium,Afternoon,Scooter,2.0,53.9
ORD_014196,6.02,20,2,Clear,Low,Evening Peak,Motorcycle,1.3,39.5
ORD_014197,4.63,15,4,Clear,Medium,Evening Peak,Electric Bike,2.6,32.9
ORD_014198,5.98,10,3,Clear,Medium,Evening Peak,Motorcycle,1.0,28.7
ORD_014199,4.76,15,3,Windy,Low,Afternoon,Motorcycle,2.2,29.5
ORD_014200,3.56,25,2,Clear,Jam,Evening Peak,Electric Bike,3.5,45.0
ORD_014201,6.79,20,2,Clear,Medium,Afternoon,Motorcycle,3.5,40.8
ORD_014202,1.7,20,2,Windy,Low,Morning,Motorcycle,1.2,21.7
ORD_014203,7.9,10,2,Rainy,High,Evening Peak,Motorcycle,0.5,43.5
ORD_014204,5.3,15,1,Rainy,Medium,Evening Peak,Scooter,1.0,37.7
ORD_014205,4.14,15,1,Heavy Storm,High,Late Night,Scooter,0.7,44.0
ORD_014206,7.76,15,2,Foggy,Medium,Morning,Electric Bike,2.7,46.6
ORD_014207,6.03,35,2,Windy,Low,Evening Peak,Scooter,2.6,49.0
ORD_014208,11.0,25,1,Clear,Low,Late Night,Electric Bike,1.8,58.2
ORD_014209,9.19,15,2,Clear,Medium,Evening Peak,Motorcycle,1.7,39.0
ORD_014210,3.03,20,3,Clear,High,Evening Peak,Scooter,2.7,31.7
ORD_014211,3.96,20,6,Clear,Low,Morning,Motorcycle,1.0,33.7
ORD_014212,3.63,10,1,Clear,Low,Morning,Motorcycle,1.7,13.7
ORD_014213,3.65,35,4,Windy,Low,Morning,Scooter,2.7,47.5
ORD_014214,12.15,15,3,Windy,Low,Evening Peak,Scooter,1.0,47.5
ORD_014215,2.46,20,3,Clear,Medium,Evening Peak,Scooter,5.1,25.6
ORD_014216,9.41,20,4,Clear,Low,Afternoon,Scooter,4.2,43.2
ORD_014217,12.34,15,6,Clear,Medium,Late Night,Motorcycle,2.6,50.4
ORD_014218,8.46,15,3,Heavy Storm,Medium,Evening Peak,Scooter,1.3,57.2
ORD_014219,7.15,15,4,Rainy,Medium,Evening Peak,Motorcycle,1.6,44.8
ORD_014220,2.42,15,1,Clear,High,Evening Peak,Motorcycle,1.2,23.6
ORD_014221,2.2,15,2,Windy,Medium,Morning,Electric Bike,1.4,24.2
ORD_014222,6.46,30,2,Clear,Low,Late Night,Scooter,2.8,44.9
ORD_014223,4.54,20,1,Clear,Medium,Morning,Scooter,1.9,28.8
ORD_014224,2.57,25,2,Windy,Medium,Late Night,Motorcycle,5.4,33.3
ORD_014225,7.91,25,6,Foggy,Medium,Late Night,Motorcycle,5.8,51.4
ORD_014226,6.94,20,3,Clear,Medium,Evening Peak,Scooter,4.3,40.6
ORD_014227,7.92,15,3,Clear,Medium,Evening Peak,Scooter,4.9,36.8
ORD_014228,7.99,20,2,Clear,Low,Afternoon,Motorcycle,1.9,41.0
ORD_014229,9.56,15,2,Clear,Medium,Afternoon,Motorcycle,4.2,43.1
ORD_014230,4.16,10,1,Rainy,High,Evening Peak,Motorcycle,0.8,33.1
ORD_014231,2.72,20,2,Windy,High,Evening Peak,Electric Bike,5.8,30.4
ORD_014232,11.82,20,3,Foggy,Low,Afternoon,Motorcycle,4.2,47.9
ORD_014233,2.19,15,3,Clear,Low,Late Night,Scooter,2.2,22.9
ORD_014234,2.34,15,2,Foggy,High,Morning,Motorcycle,4.8,24.9
ORD_014235,3.63,10,1,Clear,Low,Afternoon,Motorcycle,0.6,20.8
ORD_014236,10.94,20,3,Rainy,Medium,Afternoon,Motorcycle,2.6,53.6
ORD_014237,3.88,35,2,Clear,Medium,Late Night,Electric Bike,5.4,43.6
ORD_014238,2.35,20,2,Clear,High,Morning,Motorcycle,1.9,31.6
ORD_014239,3.07,25,3,Clear,Low,Evening Peak,Motorcycle,4.2,34.5
ORD_014240,3.01,15,3,Clear,High,Morning,Electric Bike,2.5,28.5
ORD_014241,5.78,10,6,Rainy,Medium,Evening Peak,Motorcycle,2.7,37.6
ORD_014242,3.41,20,2,Windy,High,Evening Peak,Scooter,4.6,35.2
ORD_014243,1.07,15,1,Foggy,High,Evening Peak,Motorcycle,5.5,20.9
ORD_014244,20.97,15,5,Clear,High,Afternoon,Scooter,1.4,95.0
ORD_014245,1.57,20,2,Foggy,Low,Evening Peak,Motorcycle,2.0,25.4
ORD_014246,2.06,30,8,Clear,Medium,Late Night,Motorcycle,3.2,37.4
ORD_014247,7.75,15,2,Clear,Low,Afternoon,Scooter,3.9,32.4
ORD_014248,2.61,30,2,Clear,Low,Late Night,Motorcycle,3.1,36.9
ORD_014249,7.36,20,1,Rainy,Medium,Late Night,Electric Bike,4.9,53.4
ORD_014250,6.58,10,1,Clear,High,Afternoon,Scooter,4.7,32.0
ORD_014251,3.8,20,1,Foggy,Low,Afternoon,Motorcycle,2.7,30.5
ORD_014252,7.32,25,3,Rainy,High,Afternoon,Motorcycle,0.7,58.6
ORD_014253,4.63,20,2,Clear,Medium,Evening Peak,Electric Bike,1.6,39.5
ORD_014254,7.91,20,8,Heavy Storm,Medium,Evening Peak,Motorcycle,3.2,61.4
ORD_014255,10.94,20,2,Heavy Storm,Jam,Afternoon,Scooter,5.6,83.8
ORD_014256,2.53,20,1,Windy,Low,Late Night,Motorcycle,3.6,23.9
ORD_014257,5.63,15,2,Clear,Low,Morning,Scooter,3.4,26.9
ORD_014258,5.83,15,4,Clear,Medium,Evening Peak,Motorcycle,4.5,33.3
ORD_014259,5.74,15,4,Clear,Jam,Morning,Motorcycle,1.3,42.5
ORD_014260,7.44,15,1,Clear,Low,Evening Peak,Motorcycle,1.3,26.2
ORD_014261,6.65,25,8,Foggy,Medium,Evening Peak,Motorcycle,2.4,51.7
ORD_014262,2.38,25,2,Windy,High,Afternoon,Scooter,6.0,32.1
ORD_014263,2.62,15,2,Windy,Jam,Morning,Electric Bike,5.3,30.3
ORD_014264,4.33,20,2,Clear,Medium,Evening Peak,Scooter,4.2,28.6
ORD_014265,5.7,15,3,Clear,Medium,Late Night,Electric Bike,2.7,36.2
ORD_014266,5.91,20,5,Heavy Storm,High,Evening Peak,Motorcycle,3.6,53.2
ORD_014267,6.2,20,3,Windy,Low,Evening Peak,Motorcycle,2.2,32.4
ORD_014268,6.84,15,1,Foggy,Medium,Morning,Motorcycle,4.2,38.0
ORD_014269,6.73,30,3,Clear,Medium,Evening Peak,Scooter,2.8,50.6
ORD_014270,4.97,30,3,Rainy,High,Afternoon,Electric Bike,1.2,61.9
ORD_014271,10.98,10,3,Foggy,Low,Evening Peak,Electric Bike,1.7,44.5
ORD_014272,2.24,20,1,Clear,High,Morning,Scooter,3.8,25.5
ORD_014273,1.59,10,2,Foggy,High,Evening Peak,Scooter,4.3,19.8
ORD_014274,5.56,10,1,Rainy,Medium,Afternoon,Scooter,1.0,29.0
ORD_014275,6.34,30,2,Clear,Medium,Morning,Motorcycle,4.9,46.1
ORD_014276,5.55,20,3,Clear,Medium,Evening Peak,Scooter,5.0,36.8
ORD_014277,3.81,15,2,Heavy Storm,Jam,Morning,Scooter,4.5,47.7
ORD_014278,6.54,20,1,Rainy,Medium,Morning,Motorcycle,4.3,43.3
ORD_014279,2.94,25,1,Windy,Medium,Evening Peak,Motorcycle,1.8,33.7
ORD_014280,2.12,25,3,Clear,High,Late Night,Motorcycle,5.6,28.8
ORD_014281,9.21,10,2,Clear,High,Evening Peak,Scooter,2.0,40.1
ORD_014282,3.58,25,6,Windy,High,Late Night,Electric Bike,1.5,50.1
ORD_014283,5.42,25,3,Clear,Low,Morning,Motorcycle,4.0,36.8
ORD_014284,3.35,20,2,Heavy Storm,Medium,Afternoon,Scooter,2.5,40.9
ORD_014285,3.66,15,2,Foggy,Medium,Evening Peak,Scooter,5.6,27.8
ORD_014286,8.15,10,1,Clear,Low,Morning,Motorcycle,3.0,25.3
ORD_014287,5.16,15,3,Clear,Medium,Evening Peak,Motorcycle,1.4,31.3
ORD_014288,5.2,15,2,Clear,Medium,Evening Peak,Scooter,5.8,27.9
ORD_014289,2.1,25,4,Windy,Low,Evening Peak,Motorcycle,3.3,30.0
ORD_014290,4.93,25,2,Clear,High,Late Night,Motorcycle,3.4,43.4
ORD_014291,3.28,15,2,Clear,Medium,Evening Peak,Motorcycle,2.6,24.2
ORD_014292,15.89,25,2,Foggy,Low,Late Night,Motorcycle,5.1,64.8
ORD_014293,3.09,25,3,Clear,Jam,Morning,Scooter,2.1,40.2
ORD_014294,10.81,20,4,Clear,High,Evening Peak,Motorcycle,0.6,60.9
ORD_014295,5.59,15,6,Clear,Low,Afternoon,Scooter,3.2,29.8
ORD_014296,2.53,15,1,Heavy Storm,High,Evening Peak,Scooter,5.6,34.8
ORD_014297,8.13,15,4,Clear,Medium,Morning,Motorcycle,2.0,37.7
ORD_014298,10.46,10,1,Clear,Low,Late Night,Motorcycle,2.0,33.0
ORD_014299,13.17,10,8,Foggy,Low,Evening Peak,Motorcycle,4.6,45.2
ORD_014300,5.97,25,1,Clear,High,Evening Peak,Motorcycle,4.8,43.3
ORD_014301,3.29,10,2,Clear,Jam,Evening Peak,Scooter,2.9,22.6
ORD_014302,3.25,15,8,Windy,Low,Evening Peak,Scooter,5.1,25.6
ORD_014303,6.17,35,2,Clear,Medium,Evening Peak,Electric Bike,1.4,61.5
ORD_014304,2.06,25,4,Clear,Low,Late Night,Scooter,2.5,34.0
ORD_014305,2.6,25,4,Clear,Medium,Afternoon,Motorcycle,2.7,30.4
ORD_014306,5.18,15,2,Clear,High,Morning,Motorcycle,2.2,34.1
ORD_014307,7.97,20,2,Windy,Low,Evening Peak,Motorcycle,1.7,39.2
ORD_014308,4.29,15,1,Clear,Medium,Morning,Motorcycle,2.4,25.0
ORD_014309,13.02,20,1,Clear,Low,Evening Peak,Motorcycle,0.6,46.0
ORD_014310,6.54,15,2,Clear,Low,Evening Peak,Scooter,4.4,25.3
ORD_014311,4.1,20,5,Clear,Low,Evening Peak,Scooter,4.3,28.4
ORD_014312,3.31,35,3,Clear,Medium,Afternoon,Motorcycle,3.0,43.8
ORD_014313,2.69,15,3,Clear,Low,Evening Peak,Motorcycle,2.3,21.4
ORD_014314,7.4,15,6,Clear,High,Afternoon,Motorcycle,2.9,44.1
ORD_014315,3.12,15,3,Clear,Low,Evening Peak,Scooter,5.7,21.6
ORD_014316,6.18,20,8,Windy,Medium,Late Night,Motorcycle,3.8,39.7
ORD_014317,2.33,10,2,Rainy,Medium,Evening Peak,Scooter,4.5,20.3
ORD_014318,2.6,25,1,Rainy,Medium,Evening Peak,Scooter,1.8,41.8
ORD_014319,4.92,15,2,Clear,Low,Afternoon,Electric Bike,1.0,32.1
ORD_014320,2.62,15,2,Clear,Medium,Evening Peak,Electric Bike,1.0,25.1
ORD_014321,9.4,20,3,Clear,High,Afternoon,Scooter,3.1,56.4
ORD_014322,1.82,25,2,Clear,Medium,Evening Peak,Motorcycle,4.4,30.5
ORD_014323,2.38,35,2,Windy,Low,Evening Peak,Electric Bike,4.8,38.7
ORD_014324,9.82,15,2,Heavy Storm,Medium,Morning,Motorcycle,4.5,52.2
ORD_014325,8.95,15,2,Rainy,Medium,Late Night,Scooter,5.5,45.4
ORD_014326,9.88,15,1,Clear,Medium,Late Night,Scooter,0.8,42.3
ORD_014327,2.78,25,3,Clear,Medium,Morning,Electric Bike,5.2,33.2
ORD_014328,4.84,20,3,Clear,Low,Afternoon,Motorcycle,4.1,31.0
ORD_014329,5.59,25,1,Clear,Jam,Evening Peak,Electric Bike,1.5,58.8
ORD_014330,4.28,35,1,Windy,Medium,Afternoon,Scooter,4.3,50.0
ORD_014331,6.96,20,1,Windy,Medium,Morning,Motorcycle,3.3,38.4
ORD_014332,8.6,10,2,Windy,Medium,Late Night,Motorcycle,2.5,34.9
ORD_014333,4.73,15,1,Rainy,Medium,Evening Peak,Motorcycle,1.9,32.5
ORD_014334,2.5,10,2,Clear,Medium,Morning,Scooter,3.1,16.4
ORD_014335,6.85,25,2,Clear,High,Afternoon,Scooter,1.8,49.7
ORD_014336,5.36,10,3,Clear,Low,Evening Peak,Scooter,1.0,23.9
ORD_014337,8.06,20,5,Clear,Low,Afternoon,Scooter,5.2,36.9
ORD_014338,6.97,10,2,Clear,Medium,Morning,Motorcycle,3.8,24.0
ORD_014339,10.13,10,2,Clear,High,Morning,Motorcycle,2.5,39.6
ORD_014340,5.3,15,3,Windy,High,Evening Peak,Motorcycle,3.0,36.2
ORD_014341,11.63,20,1,Windy,Medium,Evening Peak,Scooter,5.3,53.3
ORD_014342,11.28,10,4,Clear,Low,Afternoon,Motorcycle,2.3,36.6
ORD_014343,7.52,20,2,Foggy,Low,Evening Peak,Scooter,2.6,40.5
ORD_014344,8.73,20,1,Clear,Medium,Morning,Scooter,4.7,43.5
ORD_014345,10.19,30,2,Windy,High,Morning,Motorcycle,1.6,67.9
ORD_014346,4.47,25,3,Windy,Medium,Afternoon,Scooter,4.1,42.4
ORD_014347,10.29,20,1,Clear,Medium,Morning,Scooter,2.9,51.5
ORD_014348,6.22,25,2,Clear,Low,Late Night,Electric Bike,3.3,41.8
ORD_014349,7.73,15,2,Windy,Low,Evening Peak,Motorcycle,4.8,27.3
ORD_014350,8.43,20,2,Rainy,High,Evening Peak,Electric Bike,6.0,60.6
ORD_014351,7.52,15,2,Clear,Medium,Morning,Scooter,5.1,36.2
ORD_014352,5.52,15,4,Heavy Storm,Jam,Late Night,Motorcycle,1.4,54.1
ORD_014353,9.25,20,4,Clear,Low,Late Night,Motorcycle,1.7,38.7
ORD_014354,18.09,15,2,Foggy,Medium,Late Night,Motorcycle,2.8,68.2
ORD_014355,18.82,15,3,Foggy,Low,Evening Peak,Motorcycle,4.5,63.4
ORD_014356,6.51,15,1,Clear,Medium,Evening Peak,Motorcycle,3.3,31.0
ORD_014357,9.75,25,2,Clear,Medium,Evening Peak,Scooter,5.5,50.0
ORD_014358,18.26,15,2,Clear,Jam,Afternoon,Motorcycle,0.8,95.0
ORD_014359,4.18,15,4,Clear,Low,Morning,Motorcycle,1.9,23.1
ORD_014360,7.67,25,1,Heavy Storm,Low,Afternoon,Motorcycle,1.7,55.2
ORD_014361,7.81,10,2,Clear,Jam,Late Night,Scooter,4.6,50.1
ORD_014362,17.59,30,2,Rainy,High,Afternoon,Motorcycle,3.1,95.0
ORD_014363,11.06,25,3,Windy,Medium,Morning,Scooter,0.6,61.5
ORD_014364,5.51,15,4,Clear,Medium,Late Night,Motorcycle,4.8,30.2
ORD_014365,5.93,20,1,Clear,High,Morning,Electric Bike,2.5,43.9
ORD_014366,3.5,35,8,Windy,High,Morning,Electric Bike,1.9,59.1
ORD_014367,2.69,20,3,Windy,Medium,Evening Peak,Electric Bike,1.5,33.0
ORD_014368,7.28,10,3,Clear,High,Evening Peak,Motorcycle,5.7,33.4
ORD_014369,6.85,25,2,Rainy,Medium,Evening Peak,Motorcycle,5.7,49.7
ORD_014370,4.87,10,5,Clear,Low,Afternoon,Scooter,0.9,23.8
ORD_014371,3.38,15,2,Clear,Medium,Afternoon,Scooter,1.8,26.5
ORD_014372,4.23,25,3,Clear,Low,Afternoon,Scooter,4.1,36.0
ORD_014373,15.0,15,4,Rainy,Medium,Late Night,Motorcycle,4.2,62.4
ORD_014374,3.17,20,3,Clear,Medium,Morning,Electric Bike,2.8,35.6
ORD_014375,2.14,15,3,Clear,Low,Evening Peak,Scooter,3.6,17.2
ORD_014376,7.47,25,1,Clear,High,Late Night,Motorcycle,4.4,48.9
ORD_014377,4.12,15,1,Clear,Low,Evening Peak,Motorcycle,5.7,17.6
ORD_014378,8.36,15,3,Windy,High,Evening Peak,Electric Bike,4.5,53.9
ORD_014379,7.79,15,2,Clear,High,Morning,Motorcycle,1.1,41.4
ORD_014380,2.36,15,4,Windy,Low,Morning,Motorcycle,4.4,20.3
ORD_014381,7.34,15,2,Foggy,Medium,Afternoon,Electric Bike,0.9,48.8
ORD_014382,4.41,15,3,Clear,Medium,Evening Peak,Scooter,3.3,31.8
ORD_014383,9.31,30,2,Foggy,High,Evening Peak,Motorcycle,3.4,67.2
ORD_014384,9.31,20,1,Foggy,Medium,Evening Peak,Electric Bike,4.8,56.5
ORD_014385,2.81,15,1,Clear,Low,Morning,Motorcycle,0.6,25.1
ORD_014386,2.25,20,2,Clear,Medium,Evening Peak,Scooter,5.3,24.1
ORD_014387,9.07,35,4,Clear,Medium,Evening Peak,Scooter,4.2,65.1
ORD_014388,8.46,20,8,Rainy,Low,Evening Peak,Scooter,0.7,50.3
ORD_014389,2.91,20,2,Clear,Medium,Morning,Scooter,1.4,24.7
ORD_014390,9.14,15,1,Rainy,High,Evening Peak,Motorcycle,0.7,53.5
ORD_014391,5.09,15,3,Clear,Medium,Afternoon,Electric Bike,4.7,34.7
ORD_014392,1.51,15,1,Clear,Medium,Late Night,Motorcycle,1.4,22.1
ORD_014393,3.92,20,2,Foggy,High,Evening Peak,Motorcycle,0.8,39.9
ORD_014394,4.13,15,6,Windy,Jam,Afternoon,Scooter,1.3,42.7
ORD_014395,1.23,20,2,Clear,Jam,Late Night,Motorcycle,3.6,27.6
ORD_014396,10.21,15,3,Clear,Low,Afternoon,Electric Bike,3.2,42.4
ORD_014397,10.55,15,5,Clear,Medium,Evening Peak,Scooter,1.9,48.6
ORD_014398,11.58,15,3,Clear,Medium,Morning,Motorcycle,5.7,45.1
ORD_014399,2.66,15,3,Windy,Medium,Morning,Motorcycle,5.2,23.9
ORD_014400,3.95,10,2,Foggy,Low,Morning,Electric Bike,2.2,26.9
ORD_014401,4.57,15,4,Windy,Jam,Morning,Motorcycle,3.1,37.8
ORD_014402,2.33,20,2,Clear,High,Evening Peak,Scooter,3.3,29.6
ORD_014403,6.27,20,2,Clear,Low,Afternoon,Motorcycle,4.7,35.3
ORD_014404,3.0,15,2,Foggy,Medium,Late Night,Scooter,2.9,26.1
ORD_014405,5.27,20,2,Windy,Low,Evening Peak,Scooter,3.5,28.2
ORD_014406,3.48,20,4,Foggy,Medium,Evening Peak,Scooter,2.8,41.3
ORD_014407,7.27,20,2,Clear,High,Afternoon,Motorcycle,4.7,41.5
ORD_014408,8.82,10,4,Clear,Medium,Afternoon,Scooter,3.6,35.0
ORD_014409,4.89,15,5,Clear,Medium,Afternoon,Motorcycle,5.1,24.4
ORD_014410,4.67,15,4,Clear,Low,Evening Peak,Motorcycle,0.8,27.7
ORD_014411,6.74,20,5,Heavy Storm,Jam,Evening Peak,Motorcycle,5.5,64.4
ORD_014412,1.67,25,2,Clear,Medium,Evening Peak,Scooter,5.0,32.1
ORD_014413,3.93,20,3,Rainy,Jam,Afternoon,Motorcycle,5.0,43.4
ORD_014414,3.03,15,2,Windy,Medium,Evening Peak,Motorcycle,1.3,28.3
ORD_014415,10.66,15,4,Clear,Medium,Evening Peak,Motorcycle,1.9,44.7
ORD_014416,17.26,10,2,Clear,Medium,Evening Peak,Motorcycle,5.9,51.6
ORD_014417,2.38,15,3,Clear,Medium,Evening Peak,Scooter,5.7,18.6
ORD_014418,5.58,15,1,Clear,High,Afternoon,Scooter,1.7,35.3
ORD_014419,2.66,15,2,Clear,Jam,Evening Peak,Electric Bike,2.9,30.1
ORD_014420,2.96,25,2,Clear,Medium,Morning,Motorcycle,1.4,31.7
ORD_014421,5.62,15,2,Windy,Low,Afternoon,Motorcycle,1.9,31.2
ORD_014422,4.45,20,3,Windy,Medium,Evening Peak,Scooter,1.5,34.2
ORD_014423,5.56,20,2,Clear,Medium,Afternoon,Scooter,0.9,36.3
ORD_014424,2.89,20,4,Rainy,Low,Evening Peak,Motorcycle,3.7,36.0
ORD_014425,5.62,30,4,Foggy,High,Afternoon,Scooter,1.8,57.0
ORD_014426,10.39,10,4,Rainy,Medium,Afternoon,Motorcycle,6.0,45.2
ORD_014427,8.01,10,1,Clear,Jam,Evening Peak,Motorcycle,3.3,50.9
ORD_014428,2.18,20,1,Clear,High,Morning,Motorcycle,2.5,24.1
ORD_014429,12.42,15,3,Windy,Low,Afternoon,Scooter,5.5,42.1
ORD_014430,2.71,35,1,Foggy,Jam,Evening Peak,Motorcycle,3.9,53.0
ORD_014431,2.98,15,2,Clear,Low,Morning,Scooter,1.2,21.5
ORD_014432,8.83,15,5,Windy,High,Evening Peak,Motorcycle,3.2,49.1
ORD_014433,5.73,20,2,Heavy Storm,Medium,Late Night,Motorcycle,2.9,49.8
ORD_014434,4.82,15,2,Clear,Medium,Afternoon,Motorcycle,4.7,26.5
ORD_014435,4.26,15,3,Foggy,Jam,Evening Peak,Motorcycle,4.3,37.5
ORD_014436,4.37,30,8,Clear,Medium,Morning,Scooter,2.5,48.4
ORD_014437,4.47,10,1,Clear,High,Evening Peak,Motorcycle,3.1,25.5
ORD_014438,7.06,20,6,Clear,High,Afternoon,Scooter,3.4,46.6
ORD_014439,7.56,15,3,Foggy,High,Evening Peak,Electric Bike,2.8,56.7
ORD_014440,4.45,15,3,Rainy,Medium,Morning,Motorcycle,1.1,35.3
ORD_014441,11.19,15,1,Clear,Low,Morning,Scooter,5.5,42.2
ORD_014442,5.67,10,3,Foggy,Low,Afternoon,Scooter,4.2,25.1
ORD_014443,6.23,10,1,Windy,Medium,Morning,Motorcycle,3.1,28.8
ORD_014444,9.82,35,2,Clear,Medium,Evening Peak,Scooter,3.6,64.4
ORD_014445,3.5,20,2,Rainy,Low,Evening Peak,Motorcycle,1.7,35.7
ORD_014446,7.14,25,3,Windy,Jam,Late Night,Scooter,3.4,63.7
ORD_014447,3.21,10,2,Rainy,High,Morning,Motorcycle,4.6,24.1
ORD_014448,3.0,10,1,Clear,Medium,Afternoon,Scooter,3.4,18.5
ORD_014449,11.77,20,5,Rainy,High,Late Night,Motorcycle,3.1,66.9
ORD_014450,13.64,20,1,Clear,Low,Morning,Scooter,3.0,50.6
ORD_014451,6.2,15,2,Clear,Low,Evening Peak,Motorcycle,4.7,22.6
ORD_014452,3.86,15,2,Clear,Jam,Evening Peak,Motorcycle,4.6,30.4
ORD_014453,6.94,15,4,Clear,High,Afternoon,Scooter,4.6,43.2
ORD_014454,5.48,15,1,Clear,High,Evening Peak,Motorcycle,1.9,31.6
ORD_014455,8.27,25,3,Clear,High,Late Night,Motorcycle,3.9,52.3
ORD_014456,5.39,15,2,Clear,Low,Afternoon,Motorcycle,4.8,22.1
ORD_014457,5.43,15,3,Rainy,High,Evening Peak,Electric Bike,3.6,44.0
ORD_014458,3.04,20,4,Rainy,Medium,Evening Peak,Motorcycle,4.8,35.9
ORD_014459,4.03,10,2,Foggy,High,Evening Peak,Scooter,5.2,25.9
ORD_014460,4.78,25,3,Clear,Medium,Afternoon,Motorcycle,1.5,39.3
ORD_014461,7.17,25,2,Clear,High,Morning,Motorcycle,2.2,52.5
ORD_014462,3.69,10,3,Clear,Jam,Afternoon,Motorcycle,3.8,28.6
ORD_014463,12.76,20,4,Clear,Medium,Afternoon,Electric Bike,2.1,65.4
ORD_014464,5.32,15,2,Windy,Medium,Late Night,Motorcycle,5.7,27.6
ORD_014465,2.4,10,2,Clear,Medium,Afternoon,Scooter,1.6,18.6
ORD_014466,4.48,20,3,Windy,High,Late Night,Scooter,2.5,43.1
ORD_014467,7.77,20,2,Clear,High,Morning,Motorcycle,6.0,43.3
ORD_014468,4.54,20,3,Foggy,Low,Evening Peak,Electric Bike,1.5,39.1
ORD_014469,3.02,25,3,Heavy Storm,Jam,Evening Peak,Electric Bike,3.0,54.6
ORD_014470,4.15,15,2,Rainy,High,Morning,Motorcycle,2.2,33.9
ORD_014471,3.65,20,2,Foggy,Low,Evening Peak,Scooter,5.0,30.7
ORD_014472,7.07,20,2,Clear,Medium,Afternoon,Motorcycle,2.2,37.8
ORD_014473,3.58,15,1,Clear,Medium,Afternoon,Scooter,1.4,25.7
ORD_014474,1.78,30,4,Windy,Low,Morning,Motorcycle,5.6,35.0
ORD_014475,3.44,15,2,Clear,Medium,Evening Peak,Scooter,2.2,26.0
ORD_014476,9.19,20,2,Clear,Low,Evening Peak,Electric Bike,4.6,46.2
ORD_014477,6.88,25,3,Windy,Medium,Evening Peak,Scooter,2.1,49.5
ORD_014478,1.99,20,2,Clear,High,Late Night,Motorcycle,1.5,28.1
ORD_014479,8.75,10,1,Rainy,Medium,Morning,Scooter,4.9,41.2
ORD_014480,10.14,15,5,Windy,Medium,Evening Peak,Motorcycle,0.8,47.4
ORD_014481,7.3,15,5,Windy,Low,Late Night,Motorcycle,2.3,34.0
ORD_014482,3.16,20,3,Foggy,High,Evening Peak,Scooter,4.8,35.2
ORD_014483,9.26,15,1,Clear,Jam,Evening Peak,Scooter,3.3,58.3
ORD_014484,4.75,20,4,Heavy Storm,High,Morning,Motorcycle,4.3,51.7
ORD_014485,3.6,15,5,Clear,Low,Evening Peak,Electric Bike,0.9,33.1
ORD_014486,4.76,10,4,Rainy,Medium,Evening Peak,Scooter,4.6,34.2
ORD_014487,6.56,15,2,Rainy,Low,Morning,Scooter,1.4,38.7
ORD_014488,7.3,20,1,Clear,Medium,Evening Peak,Motorcycle,4.9,35.8
ORD_014489,5.82,25,2,Windy,High,Afternoon,Motorcycle,3.6,45.4
ORD_014490,5.13,10,1,Foggy,Jam,Evening Peak,Motorcycle,4.6,34.5
ORD_014491,3.02,15,2,Heavy Storm,Medium,Evening Peak,Electric Bike,1.7,49.2
ORD_014492,6.88,35,1,Clear,Medium,Morning,Scooter,2.7,51.7
ORD_014493,5.9,15,3,Windy,Low,Afternoon,Scooter,4.9,29.6
ORD_014494,7.19,25,2,Foggy,Low,Evening Peak,Motorcycle,5.5,43.6
ORD_014495,4.96,20,2,Clear,Low,Morning,Motorcycle,1.7,29.7
ORD_014496,7.63,10,2,Rainy,Low,Evening Peak,Motorcycle,4.9,34.1
ORD_014497,7.16,20,4,Clear,Medium,Evening Peak,Motorcycle,1.1,43.5
ORD_014498,4.23,30,2,Windy,Jam,Evening Peak,Electric Bike,2.8,58.1
ORD_014499,5.21,25,2,Clear,High,Evening Peak,Scooter,5.7,43.2
ORD_014500,8.02,20,3,Clear,Medium,Evening Peak,Scooter,5.7,44.6
ORD_014501,8.34,20,3,Clear,Medium,Late Night,Motorcycle,2.1,45.2
ORD_014502,9.97,15,2,Clear,Low,Evening Peak,Motorcycle,1.6,37.0
ORD_014503,3.57,15,8,Heavy Storm,Low,Afternoon,Motorcycle,1.3,45.0
ORD_014504,4.36,15,3,Foggy,Medium,Evening Peak,Motorcycle,3.1,33.4
ORD_014505,12.13,30,3,Rainy,Medium,Evening Peak,Electric Bike,1.0,84.2
ORD_014506,15.34,15,1,Clear,Low,Evening Peak,Motorcycle,2.5,48.3
ORD_014507,6.23,15,1,Clear,High,Morning,Motorcycle,0.6,33.2
ORD_014508,5.16,15,3,Foggy,Jam,Late Night,Motorcycle,1.9,37.4
ORD_014509,15.3,15,5,Clear,Low,Morning,Electric Bike,5.5,62.1
ORD_014510,12.8,10,2,Clear,High,Evening Peak,Motorcycle,3.0,55.0
ORD_014511,8.07,15,1,Clear,Medium,Morning,Motorcycle,0.9,34.9
ORD_014512,5.0,15,2,Windy,Medium,Afternoon,Scooter,4.1,34.1
ORD_014513,6.5,25,5,Windy,Low,Morning,Motorcycle,5.8,40.4
ORD_014514,2.11,20,3,Windy,Low,Morning,Motorcycle,3.0,24.2
ORD_014515,8.86,15,4,Clear,Low,Evening Peak,Scooter,3.9,36.7
ORD_014516,3.71,20,4,Clear,Low,Evening Peak,Motorcycle,5.6,24.3
ORD_014517,11.74,20,2,Rainy,Jam,Morning,Scooter,2.8,88.5
ORD_014518,1.81,15,2,Rainy,Medium,Late Night,Motorcycle,4.2,26.5
ORD_014519,3.8,10,1,Clear,Low,Afternoon,Scooter,2.9,15.7
ORD_014520,5.77,25,1,Clear,Low,Evening Peak,Motorcycle,5.8,34.1
ORD_014521,5.6,20,2,Clear,High,Late Night,Motorcycle,3.3,40.6
ORD_014522,3.51,15,1,Windy,High,Late Night,Motorcycle,5.4,26.4
ORD_014523,5.73,15,1,Clear,Jam,Evening Peak,Motorcycle,3.3,39.4
ORD_014524,4.94,25,2,Clear,Medium,Morning,Scooter,4.2,36.6
ORD_014525,5.75,20,3,Foggy,Medium,Evening Peak,Motorcycle,2.6,43.3
ORD_014526,4.1,30,1,Clear,Low,Morning,Scooter,5.5,35.5
ORD_014527,9.75,15,3,Clear,Low,Afternoon,Electric Bike,4.1,42.9
ORD_014528,6.58,10,3,Clear,High,Late Night,Scooter,0.6,31.7
ORD_014529,4.22,20,8,Rainy,High,Morning,Scooter,0.6,47.0
ORD_014530,7.6,15,1,Windy,High,Evening Peak,Motorcycle,4.2,39.3
ORD_014531,3.78,15,3,Clear,Medium,Afternoon,Scooter,1.1,26.0
ORD_014532,3.84,15,2,Windy,Medium,Morning,Motorcycle,4.4,26.1
ORD_014533,1.96,15,1,Clear,High,Afternoon,Motorcycle,2.3,20.6
ORD_014534,6.82,25,4,Windy,High,Afternoon,Scooter,3.5,53.5
ORD_014535,6.0,20,2,Clear,Medium,Evening Peak,Motorcycle,1.5,38.6
ORD_014536,3.25,10,2,Clear,Medium,Evening Peak,Motorcycle,1.9,19.1
ORD_014537,3.2,20,3,Windy,Medium,Afternoon,Electric Bike,2.9,34.1
ORD_014538,6.9,20,2,Clear,High,Morning,Scooter,4.2,43.4
ORD_014539,4.32,25,2,Foggy,Medium,Afternoon,Scooter,1.4,40.8
ORD_014540,6.9,25,2,Clear,High,Late Night,Electric Bike,2.0,61.1
ORD_014541,2.03,10,2,Clear,Low,Afternoon,Scooter,1.6,15.4
ORD_014542,2.65,25,2,Windy,Medium,Afternoon,Motorcycle,5.2,32.6
ORD_014543,9.18,10,2,Clear,Medium,Evening Peak,Scooter,4.1,39.6
ORD_014544,6.22,15,1,Foggy,High,Evening Peak,Electric Bike,3.1,44.0
ORD_014545,7.99,10,2,Clear,Medium,Afternoon,Motorcycle,5.7,31.5
ORD_014546,4.33,15,1,Foggy,Medium,Morning,Motorcycle,4.5,28.2
ORD_014547,3.45,25,2,Clear,Low,Evening Peak,Scooter,5.6,30.2
ORD_014548,8.81,20,2,Clear,Medium,Morning,Motorcycle,3.8,42.7
ORD_014549,1.09,20,3,Clear,High,Evening Peak,Motorcycle,1.3,26.3
ORD_014550,5.28,30,4,Clear,High,Afternoon,Scooter,4.2,50.4
ORD_014551,7.75,15,2,Heavy Storm,High,Late Night,Scooter,1.6,57.3
ORD_014552,4.3,10,1,Foggy,Medium,Evening Peak,Scooter,2.4,29.3
ORD_014553,16.21,20,2,Clear,Medium,Morning,Motorcycle,3.3,62.6
ORD_014554,5.37,25,6,Clear,Medium,Evening Peak,Scooter,1.4,40.1
ORD_014555,6.92,35,4,Clear,Medium,Late Night,Electric Bike,0.6,62.0
ORD_014556,3.28,15,3,Clear,Low,Morning,Electric Bike,2.3,24.7
ORD_014557,12.8,25,2,Clear,Jam,Evening Peak,Scooter,5.0,87.2
ORD_014558,5.71,25,2,Clear,Medium,Evening Peak,Motorcycle,0.6,41.7
ORD_014559,4.45,10,2,Windy,High,Morning,Scooter,1.1,28.7
ORD_014560,5.54,20,3,Windy,Medium,Afternoon,Motorcycle,4.9,35.0
ORD_014561,2.47,15,4,Windy,High,Morning,Electric Bike,2.2,25.8
ORD_014562,7.38,15,5,Foggy,High,Evening Peak,Electric Bike,5.7,52.7
ORD_014563,3.84,25,3,Clear,Medium,Evening Peak,Motorcycle,2.6,38.2
ORD_014564,6.56,25,3,Clear,Medium,Afternoon,Motorcycle,4.9,41.4
ORD_014565,2.0,20,1,Clear,High,Morning,Electric Bike,1.9,27.2
ORD_014566,2.4,25,3,Windy,High,Evening Peak,Motorcycle,0.8,36.0
ORD_014567,5.66,15,3,Rainy,Medium,Late Night,Scooter,5.3,38.0
ORD_014568,12.06,15,4,Rainy,High,Evening Peak,Motorcycle,5.6,59.0
ORD_014569,1.86,15,2,Windy,Medium,Afternoon,Motorcycle,4.4,21.3
ORD_014570,3.76,25,1,Windy,Low,Afternoon,Motorcycle,4.7,33.7
ORD_014571,2.62,25,1,Heavy Storm,Low,Afternoon,Scooter,0.5,44.3
ORD_014572,4.26,20,2,Clear,Medium,Morning,Motorcycle,4.6,25.1
ORD_014573,5.46,30,3,Rainy,Medium,Evening Peak,Motorcycle,3.1,49.3
ORD_014574,4.65,20,2,Clear,Low,Late Night,Motorcycle,3.0,30.5
ORD_014575,1.51,20,3,Clear,Medium,Evening Peak,Scooter,3.5,24.9
ORD_014576,2.04,20,3,Rainy,Medium,Evening Peak,Motorcycle,2.0,31.4
ORD_014577,2.65,25,5,Clear,Medium,Late Night,Electric Bike,4.3,37.9
ORD_014578,3.99,10,3,Foggy,Low,Evening Peak,Motorcycle,2.1,26.1
ORD_014579,3.33,15,4,Clear,Jam,Evening Peak,Motorcycle,3.6,28.2
ORD_014580,4.09,15,3,Rainy,Medium,Morning,Motorcycle,1.3,34.2
ORD_014581,4.99,25,1,Clear,Medium,Morning,Scooter,4.2,38.4
ORD_014582,4.41,30,8,Clear,Medium,Late Night,Motorcycle,1.5,49.1
ORD_014583,13.41,15,1,Clear,High,Afternoon,Motorcycle,1.4,59.0
ORD_014584,13.67,30,2,Clear,Medium,Evening Peak,Scooter,0.6,69.8
ORD_014585,5.56,20,4,Foggy,Medium,Afternoon,Scooter,1.2,42.5
ORD_014586,3.57,15,2,Foggy,Jam,Evening Peak,Electric Bike,1.8,38.9
ORD_014587,4.37,25,3,Clear,High,Evening Peak,Motorcycle,1.7,43.4
ORD_014588,6.08,20,4,Clear,Low,Evening Peak,Scooter,2.3,39.8
ORD_014589,3.03,15,4,Windy,High,Evening Peak,Motorcycle,0.8,29.3
ORD_014590,6.14,10,3,Windy,High,Afternoon,Scooter,5.6,34.2
ORD_014591,4.5,10,2,Rainy,Low,Evening Peak,Scooter,1.2,29.4
ORD_014592,12.36,20,2,Clear,Jam,Late Night,Scooter,4.4,82.9
ORD_014593,2.98,10,3,Rainy,Low,Evening Peak,Motorcycle,3.4,22.3
ORD_014594,10.54,20,3,Clear,Jam,Afternoon,Motorcycle,3.5,71.4
ORD_014595,6.11,20,3,Rainy,High,Morning,Electric Bike,1.1,57.6
ORD_014596,3.45,15,2,Clear,Medium,Evening Peak,Scooter,1.8,27.9
ORD_014597,7.8,20,4,Foggy,High,Late Night,Scooter,4.8,53.6
ORD_014598,1.15,35,2,Windy,High,Late Night,Motorcycle,3.1,40.5
ORD_014599,3.97,15,1,Rainy,High,Evening Peak,Motorcycle,3.0,36.0
ORD_014600,4.59,20,1,Clear,High,Afternoon,Motorcycle,3.5,32.0
ORD_014601,3.53,25,4,Foggy,Medium,Evening Peak,Motorcycle,2.9,37.1
ORD_014602,9.04,10,2,Rainy,Medium,Evening Peak,Electric Bike,4.9,48.4
ORD_014603,15.39,15,3,Foggy,High,Evening Peak,Motorcycle,4.6,71.3
ORD_014604,3.01,20,2,Windy,High,Evening Peak,Motorcycle,2.2,34.2
ORD_014605,8.64,20,2,Windy,Low,Afternoon,Motorcycle,5.0,38.3
ORD_014606,5.43,10,3,Clear,High,Evening Peak,Motorcycle,3.4,31.1
ORD_014607,8.17,15,3,Clear,Jam,Evening Peak,Electric Bike,4.0,66.9
ORD_014608,6.01,20,6,Clear,High,Late Night,Scooter,5.3,41.8
ORD_014609,4.72,15,3,Rainy,Medium,Morning,Scooter,3.1,36.5
ORD_014610,19.77,20,2,Clear,Low,Evening Peak,Electric Bike,4.7,80.2
ORD_014611,5.79,25,3,Clear,Jam,Afternoon,Motorcycle,4.0,50.1
ORD_014612,8.57,15,3,Rainy,Medium,Evening Peak,Scooter,2.8,48.2
ORD_014613,3.57,15,2,Foggy,Low,Afternoon,Scooter,4.8,24.1
ORD_014614,11.86,20,1,Foggy,Jam,Afternoon,Motorcycle,1.1,75.9
ORD_014615,5.3,20,4,Clear,Medium,Evening Peak,Motorcycle,3.7,34.6
ORD_014616,2.39,25,5,Foggy,Low,Afternoon,Electric Bike,0.8,36.3
ORD_014617,4.22,15,2,Windy,Low,Afternoon,Electric Bike,1.4,29.2
ORD_014618,5.72,20,1,Clear,Jam,Morning,Scooter,3.8,47.6
ORD_014619,5.56,10,1,Windy,Medium,Afternoon,Motorcycle,2.2,25.9
ORD_014620,4.95,25,8,Clear,Medium,Evening Peak,Motorcycle,1.9,36.6
ORD_014621,5.44,15,3,Clear,Medium,Evening Peak,Motorcycle,5.8,25.8
ORD_014622,2.86,20,2,Clear,High,Morning,Scooter,2.5,29.8
ORD_014623,5.33,15,2,Rainy,Medium,Evening Peak,Motorcycle,3.6,38.5
ORD_014624,3.92,10,8,Foggy,Medium,Afternoon,Motorcycle,3.4,30.7
ORD_014625,6.92,15,1,Rainy,High,Late Night,Scooter,0.8,46.1
ORD_014626,5.5,10,1,Foggy,Medium,Evening Peak,Scooter,4.2,30.8
ORD_014627,3.68,15,2,Windy,High,Morning,Motorcycle,3.3,29.2
ORD_014628,7.13,15,2,Clear,Jam,Late Night,Electric Bike,2.6,59.6
ORD_014629,8.96,15,1,Clear,Jam,Morning,Motorcycle,0.9,52.8
ORD_014630,6.26,10,3,Clear,Medium,Afternoon,Motorcycle,2.1,28.8
ORD_014631,3.29,20,6,Clear,Low,Morning,Motorcycle,5.4,29.7
ORD_014632,14.21,25,2,Windy,Medium,Morning,Motorcycle,1.5,63.4
ORD_014633,5.09,15,3,Rainy,High,Morning,Scooter,1.7,39.9
ORD_014634,6.15,15,2,Rainy,Low,Morning,Motorcycle,1.6,35.0
ORD_014635,1.82,15,2,Windy,Low,Evening Peak,Electric Bike,5.4,20.5
ORD_014636,5.43,15,4,Windy,High,Afternoon,Scooter,4.3,36.5
ORD_014637,8.08,15,2,Clear,Jam,Morning,Electric Bike,5.4,61.8
ORD_014638,4.48,15,4,Rainy,Low,Afternoon,Electric Bike,5.5,36.7
ORD_014639,6.68,25,3,Windy,Low,Morning,Scooter,5.6,44.8
ORD_014640,6.8,25,8,Clear,High,Morning,Motorcycle,3.2,50.4
ORD_014641,8.44,15,2,Clear,Medium,Evening Peak,Motorcycle,3.1,39.2
ORD_014642,5.18,20,3,Rainy,Medium,Morning,Motorcycle,5.1,39.8
ORD_014643,4.11,15,2,Clear,High,Late Night,Motorcycle,2.3,25.0
ORD_014644,2.55,10,2,Rainy,Medium,Afternoon,Scooter,0.6,21.4
ORD_014645,6.84,25,2,Clear,Medium,Late Night,Motorcycle,2.3,43.0
ORD_014646,13.65,15,2,Clear,Jam,Evening Peak,Electric Bike,4.4,95.0
ORD_014647,3.34,20,1,Clear,High,Afternoon,Motorcycle,1.2,32.2
ORD_014648,7.79,20,2,Clear,Medium,Afternoon,Scooter,4.8,39.3
ORD_014649,12.55,20,2,Clear,High,Afternoon,Scooter,5.0,67.3
ORD_014650,3.58,15,3,Foggy,Low,Afternoon,Motorcycle,1.1,26.1
ORD_014651,9.13,20,3,Clear,Low,Afternoon,Scooter,1.0,47.1
ORD_014652,2.37,10,1,Windy,High,Evening Peak,Motorcycle,1.6,21.8
ORD_014653,9.19,10,1,Windy,Medium,Evening Peak,Scooter,2.5,38.3
ORD_014654,1.86,25,4,Clear,Low,Afternoon,Scooter,3.4,31.8
ORD_014655,1.52,20,3,Clear,Medium,Evening Peak,Scooter,3.2,25.0
ORD_014656,3.01,25,2,Clear,Low,Evening Peak,Scooter,5.2,31.4
ORD_014657,6.96,15,2,Clear,Medium,Evening Peak,Motorcycle,1.3,38.0
ORD_014658,5.73,15,3,Clear,Low,Morning,Motorcycle,4.3,24.6
ORD_014659,9.34,20,3,Clear,High,Afternoon,Scooter,3.5,57.5
ORD_014660,5.08,15,2,Clear,High,Afternoon,Motorcycle,4.6,25.4
ORD_014661,2.82,20,2,Clear,Medium,Late Night,Electric Bike,2.4,26.9
ORD_014662,5.84,25,2,Foggy,Medium,Late Night,Motorcycle,3.1,43.0
ORD_014663,7.35,30,3,Clear,High,Morning,Scooter,0.7,61.1
ORD_014664,6.7,20,2,Windy,Jam,Morning,Scooter,1.1,51.9
ORD_014665,6.86,15,2,Rainy,Low,Evening Peak,Scooter,2.6,41.8
ORD_014666,7.89,25,4,Rainy,High,Morning,Motorcycle,3.1,58.9
ORD_014667,5.32,25,2,Windy,Low,Afternoon,Motorcycle,1.0,40.8
ORD_014668,9.34,25,2,Foggy,Low,Late Night,Scooter,5.0,46.5
ORD_014669,2.17,20,3,Clear,Low,Afternoon,Motorcycle,5.7,21.8
ORD_014670,9.63,25,2,Clear,Medium,Evening Peak,Motorcycle,3.8,49.2
ORD_014671,9.43,10,2,Clear,Medium,Morning,Motorcycle,0.8,32.8
ORD_014672,5.11,20,1,Windy,Low,Evening Peak,Motorcycle,4.6,32.1
ORD_014673,6.32,10,3,Windy,Medium,Evening Peak,Scooter,1.7,30.5
ORD_014674,7.1,20,3,Foggy,Medium,Evening Peak,Motorcycle,4.5,44.0
ORD_014675,18.37,20,1,Windy,High,Afternoon,Electric Bike,2.9,95.0
ORD_014676,4.87,10,3,Rainy,High,Morning,Motorcycle,0.8,34.9
ORD_014677,4.99,20,4,Foggy,Medium,Morning,Motorcycle,2.0,34.9
ORD_014678,2.66,10,4,Rainy,Medium,Evening Peak,Scooter,2.8,27.0
ORD_014679,11.63,10,8,Foggy,Low,Evening Peak,Electric Bike,4.5,57.7
ORD_014680,6.76,15,3,Foggy,High,Morning,Motorcycle,1.2,39.5
ORD_014681,4.37,15,8,Rainy,Medium,Evening Peak,Scooter,2.1,39.7
ORD_014682,5.46,10,2,Windy,Low,Morning,Scooter,1.0,25.7
ORD_014683,8.37,10,3,Clear,High,Morning,Electric Bike,3.9,51.5
ORD_014684,5.7,15,3,Clear,Low,Evening Peak,Scooter,3.1,25.6
ORD_014685,6.73,10,3,Clear,Medium,Afternoon,Scooter,5.6,28.6
ORD_014686,2.92,15,3,Foggy,Medium,Evening Peak,Motorcycle,4.6,28.0
ORD_014687,3.13,20,3,Clear,Medium,Evening Peak,Motorcycle,4.8,26.9
ORD_014688,10.17,20,3,Clear,Low,Late Night,Scooter,1.4,44.5
ORD_014689,3.68,30,2,Clear,Low,Afternoon,Scooter,2.0,40.5
ORD_014690,3.17,10,2,Clear,Medium,Afternoon,Motorcycle,3.3,21.7
ORD_014691,1.7,25,1,Foggy,Medium,Morning,Scooter,0.6,34.3
ORD_014692,9.19,15,2,Clear,Medium,Evening Peak,Motorcycle,5.3,40.3
ORD_014693,3.95,15,2,Foggy,Medium,Evening Peak,Scooter,4.8,27.1
ORD_014694,12.41,15,1,Clear,Medium,Evening Peak,Motorcycle,0.8,48.6
ORD_014695,3.47,10,2,Clear,Low,Afternoon,Motorcycle,5.2,13.7
ORD_014696,2.42,15,3,Clear,Low,Evening Peak,Motorcycle,0.5,20.6
ORD_014697,3.29,25,2,Clear,Medium,Afternoon,Scooter,1.1,35.3
ORD_014698,5.44,25,5,Windy,Medium,Evening Peak,Scooter,0.8,45.2
ORD_014699,17.32,30,2,Clear,High,Evening Peak,Motorcycle,3.1,88.8
ORD_014700,11.4,25,2,Clear,Medium,Late Night,Motorcycle,4.8,54.8
ORD_014701,9.05,20,3,Clear,High,Evening Peak,Motorcycle,1.5,48.4
ORD_014702,12.57,15,1,Windy,Medium,Evening Peak,Motorcycle,4.7,48.0
ORD_014703,4.92,25,5,Foggy,High,Evening Peak,Electric Bike,1.5,52.3
ORD_014704,3.99,20,2,Clear,Medium,Evening Peak,Motorcycle,5.9,28.2
ORD_014705,9.44,15,3,Clear,Medium,Evening Peak,Motorcycle,5.2,39.3
ORD_014706,5.25,20,3,Clear,Medium,Evening Peak,Electric Bike,4.6,38.5
ORD_014707,3.22,15,2,Rainy,Low,Morning,Electric Bike,3.8,29.8
ORD_014708,0.94,20,8,Clear,Low,Evening Peak,Electric Bike,1.8,28.1
ORD_014709,3.02,25,1,Rainy,Medium,Evening Peak,Scooter,1.2,37.6
ORD_014710,7.06,20,5,Rainy,Low,Afternoon,Scooter,3.0,46.7
ORD_014711,3.22,30,1,Clear,Low,Afternoon,Motorcycle,2.7,33.3
ORD_014712,8.4,25,2,Clear,Medium,Afternoon,Motorcycle,4.2,46.8
ORD_014713,2.36,10,5,Windy,Medium,Afternoon,Scooter,1.4,22.2
ORD_014714,3.07,10,2,Windy,Low,Evening Peak,Motorcycle,3.6,16.6
ORD_014715,12.64,15,1,Windy,High,Evening Peak,Electric Bike,4.3,74.6
ORD_014716,9.0,25,3,Clear,High,Morning,Scooter,2.1,57.7
ORD_014717,5.47,15,2,Rainy,Medium,Afternoon,Motorcycle,4.8,32.6
ORD_014718,5.47,20,2,Clear,Medium,Morning,Motorcycle,2.9,31.5
ORD_014719,3.32,15,2,Clear,High,Evening Peak,Motorcycle,1.4,28.9
ORD_014720,10.29,20,3,Heavy Storm,High,Evening Peak,Motorcycle,1.6,70.0
ORD_014721,10.4,15,3,Windy,Medium,Afternoon,Electric Bike,2.0,58.3
ORD_014722,4.89,15,2,Windy,Medium,Evening Peak,Motorcycle,1.4,33.3
ORD_014723,4.83,15,5,Foggy,High,Afternoon,Motorcycle,3.6,33.4
ORD_014724,3.86,20,2,Clear,Medium,Morning,Electric Bike,5.7,30.7
ORD_014725,6.21,15,3,Clear,High,Evening Peak,Motorcycle,5.4,35.6
ORD_014726,1.76,25,3,Rainy,Low,Evening Peak,Motorcycle,2.3,37.6
ORD_014727,5.15,15,2,Clear,High,Afternoon,Motorcycle,5.3,31.9
ORD_014728,9.09,20,6,Clear,High,Evening Peak,Motorcycle,5.7,48.6
ORD_014729,5.83,30,2,Clear,Jam,Morning,Motorcycle,2.1,56.5
ORD_014730,7.77,20,4,Rainy,Medium,Morning,Motorcycle,5.5,46.2
ORD_014731,6.58,15,1,Clear,Medium,Afternoon,Motorcycle,6.0,32.2
ORD_014732,5.96,25,2,Foggy,Medium,Evening Peak,Scooter,4.9,48.2
ORD_014733,5.39,10,2,Clear,Low,Evening Peak,Scooter,2.6,23.8
ORD_014734,8.42,15,4,Foggy,Low,Afternoon,Motorcycle,3.8,38.3
ORD_014735,4.7,15,2,Clear,High,Morning,Motorcycle,2.5,28.3
ORD_014736,2.95,15,2,Windy,Medium,Evening Peak,Scooter,6.0,21.7
ORD_014737,10.94,20,3,Clear,Medium,Evening Peak,Scooter,0.9,56.5
ORD_014738,7.96,20,2,Clear,High,Morning,Motorcycle,5.4,45.6
ORD_014739,1.66,15,2,Clear,Low,Evening Peak,Electric Bike,0.9,19.5
ORD_014740,6.28,15,2,Rainy,Medium,Evening Peak,Scooter,0.7,43.2
ORD_014741,1.57,15,3,Foggy,High,Morning,Motorcycle,5.7,19.4
ORD_014742,2.48,15,8,Clear,Low,Morning,Electric Bike,5.3,24.0
ORD_014743,6.66,15,2,Rainy,Low,Evening Peak,Scooter,2.5,38.5
ORD_014744,10.68,15,3,Rainy,Low,Afternoon,Electric Bike,5.8,56.1
ORD_014745,15.45,20,4,Clear,Jam,Evening Peak,Scooter,5.2,95.0
ORD_014746,12.67,20,8,Foggy,High,Morning,Motorcycle,5.5,70.5
ORD_014747,1.97,15,3,Clear,Low,Evening Peak,Motorcycle,3.8,18.0
ORD_014748,13.62,30,1,Clear,High,Morning,Motorcycle,5.8,70.8
ORD_014749,8.41,15,2,Clear,Medium,Evening Peak,Scooter,5.0,36.8
ORD_014750,8.8,20,3,Windy,Low,Evening Peak,Scooter,5.7,44.8
ORD_014751,3.75,10,2,Clear,Jam,Morning,Motorcycle,2.0,27.5
ORD_014752,7.03,20,2,Clear,Low,Evening Peak,Scooter,3.4,35.0
ORD_014753,6.74,15,2,Windy,High,Afternoon,Scooter,5.3,38.4
ORD_014754,6.98,20,4,Heavy Storm,High,Afternoon,Scooter,3.7,61.7
ORD_014755,7.7,15,6,Windy,Medium,Evening Peak,Scooter,4.9,37.7
ORD_014756,5.32,15,3,Clear,Jam,Evening Peak,Scooter,5.9,35.6
ORD_014757,4.71,25,2,Clear,Low,Morning,Motorcycle,4.9,35.1
ORD_014758,5.65,25,2,Windy,Jam,Afternoon,Motorcycle,2.2,53.1
ORD_014759,9.98,15,1,Windy,Low,Morning,Scooter,1.2,41.9
ORD_014760,8.73,15,2,Windy,Medium,Evening Peak,Electric Bike,2.0,55.4
ORD_014761,9.67,10,1,Rainy,High,Morning,Scooter,4.1,52.4
ORD_014762,6.76,10,2,Foggy,Medium,Evening Peak,Electric Bike,0.6,42.4
ORD_014763,3.08,10,1,Foggy,Medium,Morning,Motorcycle,1.5,18.9
ORD_014764,3.83,15,1,Clear,Low,Morning,Scooter,2.3,24.6
ORD_014765,8.69,25,1,Clear,Jam,Evening Peak,Scooter,5.3,63.7
ORD_014766,10.22,20,5,Clear,Low,Evening Peak,Scooter,0.8,48.0
ORD_014767,9.45,25,2,Foggy,High,Evening Peak,Motorcycle,0.8,58.6
ORD_014768,5.68,25,2,Windy,Jam,Evening Peak,Motorcycle,3.5,54.0
ORD_014769,6.15,20,2,Clear,Medium,Evening Peak,Motorcycle,1.5,38.9
ORD_014770,5.76,15,3,Clear,High,Afternoon,Motorcycle,1.8,33.3
ORD_014771,2.21,30,1,Rainy,Low,Afternoon,Motorcycle,1.5,41.4
ORD_014772,2.87,20,2,Clear,High,Late Night,Scooter,3.7,26.7
ORD_014773,7.53,15,2,Clear,Medium,Late Night,Electric Bike,0.8,42.9
ORD_014774,4.52,25,2,Clear,Low,Late Night,Scooter,5.7,33.7
ORD_014775,1.55,10,1,Rainy,High,Late Night,Motorcycle,1.2,24.2
ORD_014776,5.83,20,3,Clear,High,Evening Peak,Scooter,5.7,42.5
ORD_014777,3.02,10,3,Clear,Low,Late Night,Scooter,4.8,15.2
ORD_014778,2.79,25,2,Windy,Medium,Late Night,Scooter,5.1,37.4
ORD_014779,2.17,25,6,Clear,Medium,Afternoon,Scooter,1.5,34.3
ORD_014780,3.43,20,2,Clear,High,Evening Peak,Motorcycle,4.2,31.7
ORD_014781,1.33,20,1,Foggy,Medium,Evening Peak,Motorcycle,5.0,24.7
ORD_014782,3.02,25,1,Heavy Storm,Low,Evening Peak,Scooter,3.6,49.0
ORD_014783,7.58,15,2,Clear,Low,Morning,Motorcycle,3.5,31.4
ORD_014784,6.58,30,1,Clear,High,Late Night,Motorcycle,1.4,50.1
ORD_014785,9.48,15,1,Clear,High,Afternoon,Electric Bike,2.8,56.9
ORD_014786,6.91,25,2,Clear,Medium,Afternoon,Motorcycle,1.3,45.4
ORD_014787,1.18,20,2,Clear,Medium,Evening Peak,Scooter,5.9,20.4
ORD_014788,4.45,15,1,Clear,Medium,Morning,Motorcycle,4.3,25.0
ORD_014789,4.24,10,2,Clear,Low,Morning,Electric Bike,0.8,19.2
ORD_014790,2.84,15,6,Rainy,Medium,Evening Peak,Electric Bike,3.1,30.3
ORD_014791,2.17,25,5,Clear,Medium,Late Night,Motorcycle,4.0,32.6
ORD_014792,7.31,15,1,Windy,Medium,Afternoon,Scooter,1.0,39.3
ORD_014793,5.15,15,4,Clear,Low,Morning,Scooter,4.2,29.9
ORD_014794,2.6,15,2,Foggy,Medium,Evening Peak,Motorcycle,1.5,28.0
ORD_014795,2.03,15,2,Clear,High,Evening Peak,Scooter,2.7,25.5
ORD_014796,8.52,15,2,Clear,Medium,Late Night,Motorcycle,3.9,36.8
ORD_014797,7.68,15,8,Rainy,Medium,Evening Peak,Motorcycle,2.5,47.7
ORD_014798,7.8,30,3,Windy,High,Evening Peak,Motorcycle,2.6,57.4
ORD_014799,7.5,20,3,Clear,Low,Evening Peak,Motorcycle,5.1,34.4
ORD_014800,7.5,25,5,Rainy,Low,Late Night,Motorcycle,2.2,49.0
ORD_014801,7.02,20,1,Heavy Storm,High,Late Night,Scooter,4.1,58.0
ORD_014802,3.66,15,2,Clear,High,Evening Peak,Motorcycle,5.2,23.3
ORD_014803,7.43,25,1,Clear,Medium,Evening Peak,Electric Bike,1.3,52.8
ORD_014804,5.61,10,1,Foggy,Low,Late Night,Motorcycle,0.8,27.5
ORD_014805,3.07,15,3,Clear,High,Afternoon,Scooter,5.0,23.9
ORD_014806,5.21,15,3,Clear,Low,Late Night,Motorcycle,3.5,26.6
ORD_014807,10.22,20,1,Clear,High,Morning,Motorcycle,5.1,50.3
ORD_014808,6.18,15,2,Foggy,Medium,Late Night,Motorcycle,1.7,35.1
ORD_014809,6.63,20,5,Foggy,Low,Afternoon,Scooter,5.1,40.4
ORD_014810,2.72,30,1,Rainy,High,Evening Peak,Motorcycle,1.0,44.7
ORD_014811,3.18,20,1,Clear,Medium,Evening Peak,Scooter,5.4,29.2
ORD_014812,5.62,15,3,Clear,Medium,Late Night,Scooter,5.0,25.7
ORD_014813,4.75,20,2,Clear,Medium,Afternoon,Motorcycle,3.6,29.7
ORD_014814,4.33,25,3,Heavy Storm,High,Afternoon,Electric Bike,3.8,57.7
ORD_014815,2.74,15,5,Clear,Low,Morning,Motorcycle,2.4,25.0
ORD_014816,3.14,10,1,Windy,Low,Evening Peak,Motorcycle,1.6,18.8
ORD_014817,2.09,10,2,Windy,High,Afternoon,Motorcycle,3.0,17.2
ORD_014818,3.83,15,3,Windy,Medium,Afternoon,Motorcycle,4.1,26.5
ORD_014819,4.77,20,2,Windy,High,Morning,Motorcycle,6.0,37.1
ORD_014820,4.97,20,2,Clear,Medium,Evening Peak,Motorcycle,5.0,28.5
ORD_014821,10.03,15,3,Clear,Medium,Afternoon,Motorcycle,2.9,39.2
ORD_014822,1.5,20,4,Foggy,Low,Evening Peak,Electric Bike,4.6,30.0
ORD_014823,13.34,20,2,Clear,High,Evening Peak,Scooter,1.1,71.3
ORD_014824,7.51,20,3,Clear,Low,Evening Peak,Motorcycle,2.8,35.0
ORD_014825,5.44,15,1,Clear,Low,Afternoon,Motorcycle,2.8,23.1
ORD_014826,3.0,15,3,Clear,Medium,Morning,Scooter,6.0,24.4
ORD_014827,3.97,15,4,Clear,High,Morning,Electric Bike,2.7,32.7
ORD_014828,7.41,25,5,Rainy,Low,Evening Peak,Motorcycle,1.0,48.5
ORD_014829,3.32,25,3,Clear,Low,Morning,Scooter,0.9,31.6
ORD_014830,7.82,15,2,Clear,Medium,Afternoon,Motorcycle,4.3,34.9
ORD_014831,5.14,10,3,Clear,High,Late Night,Motorcycle,2.1,28.7
ORD_014832,5.13,25,1,Heavy Storm,High,Morning,Scooter,5.3,51.9
ORD_014833,7.42,15,3,Rainy,Medium,Evening Peak,Scooter,3.2,44.0
ORD_014834,2.6,15,4,Foggy,Medium,Afternoon,Scooter,2.3,25.7
ORD_014835,4.27,10,6,Clear,Jam,Late Night,Motorcycle,4.7,29.5
ORD_014836,4.78,10,1,Windy,Medium,Evening Peak,Motorcycle,2.8,24.1
ORD_014837,7.22,15,3,Clear,Low,Morning,Scooter,4.6,31.5
ORD_014838,9.54,15,8,Clear,Low,Afternoon,Electric Bike,4.4,50.0
ORD_014839,2.48,20,3,Clear,Low,Evening Peak,Motorcycle,4.5,20.8
ORD_014840,5.17,35,5,Clear,Low,Morning,Motorcycle,5.2,46.7
ORD_014841,2.38,15,2,Heavy Storm,High,Evening Peak,Scooter,5.2,41.7
ORD_014842,5.14,15,3,Windy,Medium,Afternoon,Motorcycle,4.2,27.8
ORD_014843,6.66,15,1,Clear,Jam,Evening Peak,Motorcycle,5.8,39.4
ORD_014844,3.97,15,2,Foggy,Medium,Afternoon,Motorcycle,0.6,28.8
ORD_014845,9.83,20,1,Clear,Low,Afternoon,Scooter,5.6,41.3
ORD_014846,6.71,15,1,Foggy,Low,Late Night,Motorcycle,1.3,28.8
ORD_014847,6.42,10,2,Windy,Medium,Evening Peak,Motorcycle,1.7,26.1
ORD_014848,5.55,20,4,Clear,Jam,Evening Peak,Motorcycle,5.0,39.9
ORD_014849,7.35,25,2,Clear,Jam,Morning,Motorcycle,2.7,57.9
ORD_014850,10.28,15,2,Clear,Low,Afternoon,Scooter,2.8,39.5
ORD_014851,5.75,10,3,Clear,High,Morning,Scooter,1.9,35.3
ORD_014852,4.1,20,2,Clear,High,Morning,Motorcycle,1.7,30.5
ORD_014853,17.04,15,3,Clear,Low,Afternoon,Motorcycle,1.1,52.0
ORD_014854,5.67,15,1,Foggy,Medium,Morning,Electric Bike,1.6,40.7
ORD_014855,4.76,25,2,Clear,Low,Late Night,Motorcycle,3.6,35.0
ORD_014856,7.14,15,2,Windy,Low,Morning,Scooter,4.4,33.2
ORD_014857,1.74,25,8,Clear,Medium,Late Night,Motorcycle,4.6,29.9
ORD_014858,2.39,20,4,Rainy,Medium,Evening Peak,Motorcycle,2.5,35.4
ORD_014859,1.55,15,1,Clear,Low,Morning,Scooter,5.6,18.4
ORD_014860,1.71,20,3,Clear,Jam,Evening Peak,Motorcycle,2.3,23.3
ORD_014861,2.88,20,3,Clear,Medium,Late Night,Electric Bike,1.1,30.6
ORD_014862,3.97,15,3,Clear,High,Late Night,Motorcycle,5.7,26.9
ORD_014863,3.87,10,1,Clear,Medium,Afternoon,Scooter,3.5,18.6
ORD_014864,4.84,20,2,Windy,Medium,Evening Peak,Electric Bike,5.8,38.6
ORD_014865,6.21,20,2,Clear,Medium,Morning,Electric Bike,2.7,44.5
ORD_014866,4.06,15,1,Clear,High,Evening Peak,Electric Bike,4.7,34.8
ORD_014867,6.33,10,4,Clear,Medium,Afternoon,Motorcycle,1.1,27.2
ORD_014868,10.23,30,3,Clear,Jam,Afternoon,Motorcycle,5.2,71.4
ORD_014869,14.53,20,2,Clear,Low,Evening Peak,Motorcycle,1.4,54.9
ORD_014870,11.25,20,4,Clear,Low,Late Night,Scooter,0.9,47.9
ORD_014871,13.42,20,4,Clear,High,Evening Peak,Scooter,1.0,69.3
ORD_014872,4.9,15,2,Rainy,Medium,Afternoon,Motorcycle,3.6,38.2
ORD_014873,1.84,35,2,Clear,High,Evening Peak,Motorcycle,2.1,44.1
ORD_014874,4.66,10,1,Clear,Medium,Late Night,Motorcycle,5.8,18.4
ORD_014875,2.74,20,1,Clear,Medium,Morning,Scooter,5.2,19.6
ORD_014876,4.94,15,3,Heavy Storm,Low,Evening Peak,Motorcycle,4.9,40.7
ORD_014877,2.37,25,2,Clear,High,Morning,Electric Bike,5.0,30.0
ORD_014878,5.48,20,4,Clear,Medium,Afternoon,Motorcycle,5.4,33.8
ORD_014879,3.23,20,6,Clear,Low,Afternoon,Motorcycle,5.3,29.6
ORD_014880,3.21,30,1,Clear,Low,Evening Peak,Motorcycle,5.6,32.3
ORD_014881,9.54,30,2,Clear,High,Afternoon,Motorcycle,5.6,60.3
ORD_014882,5.57,10,1,Foggy,Low,Evening Peak,Scooter,2.1,27.1
ORD_014883,5.11,15,2,Clear,High,Morning,Scooter,1.7,38.9
ORD_014884,8.2,20,5,Foggy,High,Afternoon,Motorcycle,4.0,51.2
ORD_014885,6.26,30,2,Clear,Medium,Evening Peak,Motorcycle,1.2,47.8
ORD_014886,8.11,15,3,Clear,High,Afternoon,Motorcycle,1.7,42.8
ORD_014887,4.71,10,2,Heavy Storm,High,Evening Peak,Motorcycle,4.8,36.2
ORD_014888,7.82,20,3,Clear,High,Evening Peak,Scooter,4.1,50.3
ORD_014889,1.91,15,8,Clear,Medium,Late Night,Electric Bike,4.1,22.7
ORD_014890,4.66,20,4,Clear,High,Afternoon,Motorcycle,5.7,33.6
ORD_014891,5.99,15,5,Clear,Medium,Afternoon,Scooter,4.2,32.8
ORD_014892,3.96,20,3,Windy,Medium,Afternoon,Motorcycle,2.9,31.9
ORD_014893,4.76,30,2,Clear,Medium,Evening Peak,Motorcycle,2.0,43.5
ORD_014894,8.38,15,2,Rainy,Low,Evening Peak,Scooter,2.4,40.4
ORD_014895,8.53,10,6,Clear,Low,Evening Peak,Motorcycle,2.0,30.8
ORD_014896,5.97,20,2,Clear,High,Morning,Scooter,0.7,44.5
ORD_014897,10.53,15,1,Clear,Jam,Late Night,Motorcycle,1.9,62.3
ORD_014898,2.67,25,1,Rainy,Low,Afternoon,Scooter,5.1,33.0
ORD_014899,4.37,15,2,Heavy Storm,Medium,Afternoon,Motorcycle,4.5,42.0
ORD_014900,4.47,20,3,Clear,Medium,Late Night,Scooter,3.9,31.3
ORD_014901,9.97,30,2,Clear,Medium,Afternoon,Electric Bike,5.5,65.6
ORD_014902,6.71,15,5,Rainy,Low,Morning,Electric Bike,2.0,46.6
ORD_014903,11.58,35,3,Clear,High,Evening Peak,Scooter,3.7,77.2
ORD_014904,1.97,10,1,Clear,Medium,Evening Peak,Motorcycle,0.7,17.8
ORD_014905,6.07,20,6,Foggy,Medium,Morning,Scooter,5.4,40.3
ORD_014906,5.17,10,3,Heavy Storm,High,Evening Peak,Scooter,3.0,41.6
ORD_014907,1.18,15,1,Clear,Medium,Late Night,Scooter,1.5,20.5
ORD_014908,3.17,20,2,Clear,Medium,Morning,Motorcycle,1.8,29.2
ORD_014909,2.69,10,2,Rainy,Medium,Afternoon,Scooter,5.2,26.9
ORD_014910,6.67,10,3,Clear,Jam,Evening Peak,Motorcycle,1.1,39.0
ORD_014911,9.7,15,6,Clear,Low,Evening Peak,Motorcycle,5.6,35.1
ORD_014912,4.15,20,2,Clear,Jam,Afternoon,Scooter,2.6,38.8
ORD_014913,2.62,10,3,Rainy,Low,Morning,Electric Bike,1.9,23.7
ORD_014914,2.34,15,2,Clear,Low,Evening Peak,Scooter,2.3,23.1
ORD_014915,11.93,20,5,Clear,Jam,Evening Peak,Scooter,2.7,80.9
ORD_014916,3.4,15,6,Clear,High,Afternoon,Scooter,3.5,31.0
ORD_014917,0.96,10,3,Rainy,Medium,Morning,Scooter,3.7,20.5
ORD_014918,3.62,20,2,Windy,Medium,Evening Peak,Scooter,3.0,33.2
ORD_014919,1.94,20,3,Foggy,Medium,Evening Peak,Electric Bike,3.0,29.3
ORD_014920,5.31,20,2,Windy,Low,Late Night,Scooter,2.1,36.6
ORD_014921,5.01,20,3,Windy,Low,Morning,Scooter,2.6,33.8
ORD_014922,4.13,15,2,Clear,Low,Evening Peak,Scooter,3.1,26.7
ORD_014923,2.11,20,3,Rainy,Medium,Morning,Scooter,3.8,31.8
ORD_014924,4.92,15,4,Windy,Medium,Evening Peak,Motorcycle,1.2,32.7
ORD_014925,4.47,15,1,Foggy,High,Afternoon,Motorcycle,4.7,33.1
ORD_014926,4.76,10,5,Foggy,Low,Afternoon,Scooter,4.2,22.7
ORD_014927,3.85,25,2,Clear,Medium,Evening Peak,Motorcycle,2.1,33.2
ORD_014928,7.51,20,3,Clear,Jam,Evening Peak,Motorcycle,3.0,53.6
ORD_014929,8.66,35,2,Clear,High,Late Night,Electric Bike,5.7,72.7
ORD_014930,2.34,30,2,Clear,Medium,Morning,Motorcycle,0.6,36.4
ORD_014931,7.21,35,3,Clear,Low,Evening Peak,Electric Bike,5.0,53.8
ORD_014932,8.95,10,1,Foggy,Low,Late Night,Electric Bike,3.3,42.5
ORD_014933,15.37,20,2,Foggy,Medium,Morning,Scooter,3.9,69.6
ORD_014934,5.55,15,2,Rainy,Medium,Late Night,Scooter,4.3,35.5
ORD_014935,3.89,20,1,Windy,Jam,Late Night,Scooter,3.0,38.4
ORD_014936,7.92,15,1,Clear,High,Morning,Scooter,1.6,43.6
ORD_014937,3.94,10,3,Clear,Medium,Afternoon,Scooter,5.5,20.5
ORD_014938,9.24,20,8,Clear,Medium,Afternoon,Motorcycle,4.6,48.7
ORD_014939,4.73,30,8,Rainy,Low,Late Night,Scooter,3.6,50.2
ORD_014940,3.23,20,2,Clear,Low,Morning,Scooter,3.0,25.3
ORD_014941,5.36,15,3,Foggy,Medium,Evening Peak,Motorcycle,3.2,32.6
ORD_014942,4.38,30,3,Clear,Low,Evening Peak,Motorcycle,5.0,39.4
ORD_014943,4.16,15,1,Clear,Low,Evening Peak,Motorcycle,0.6,26.2
ORD_014944,1.57,30,5,Foggy,Jam,Afternoon,Motorcycle,5.3,42.2
ORD_014945,8.86,25,3,Windy,High,Evening Peak,Motorcycle,0.8,57.6
ORD_014946,8.83,20,2,Clear,Medium,Afternoon,Scooter,3.9,44.7
ORD_014947,6.55,20,6,Rainy,High,Afternoon,Motorcycle,2.3,52.9
ORD_014948,6.87,20,2,Foggy,Low,Afternoon,Scooter,4.2,36.9
ORD_014949,2.92,20,2,Foggy,Medium,Late Night,Scooter,1.0,35.6
ORD_014950,1.21,15,3,Clear,Medium,Evening Peak,Scooter,3.6,17.6
ORD_014951,5.67,20,3,Clear,Jam,Evening Peak,Motorcycle,5.2,45.7
ORD_014952,4.68,10,3,Rainy,Jam,Afternoon,Electric Bike,3.2,43.8
ORD_014953,5.6,20,1,Windy,Medium,Morning,Scooter,1.0,38.5
ORD_014954,1.08,20,2,Rainy,Medium,Late Night,Motorcycle,0.7,27.8
ORD_014955,7.36,15,1,Clear,Jam,Late Night,Motorcycle,3.9,45.6
ORD_014956,2.89,25,2,Heavy Storm,Low,Evening Peak,Electric Bike,0.9,49.2
ORD_014957,2.56,15,4,Clear,Medium,Afternoon,Electric Bike,0.9,26.6
ORD_014958,12.65,15,2,Clear,High,Afternoon,Scooter,2.8,61.7
ORD_014959,10.93,10,1,Clear,High,Afternoon,Scooter,1.7,48.5
ORD_014960,1.55,15,5,Heavy Storm,Medium,Evening Peak,Motorcycle,1.6,35.0
ORD_014961,3.3,15,2,Clear,Jam,Late Night,Motorcycle,3.1,31.6
ORD_014962,4.18,15,2,Clear,Low,Morning,Motorcycle,2.0,21.1
ORD_014963,10.19,15,2,Clear,Medium,Evening Peak,Motorcycle,1.7,46.0
ORD_014964,7.7,10,1,Clear,High,Morning,Scooter,3.3,38.7
ORD_014965,2.15,15,2,Foggy,Low,Late Night,Motorcycle,2.1,24.2
ORD_014966,5.3,20,3,Rainy,High,Morning,Motorcycle,0.9,48.2
ORD_014967,4.2,20,1,Clear,Medium,Evening Peak,Scooter,4.3,32.0
ORD_014968,4.27,15,1,Clear,Medium,Evening Peak,Scooter,3.7,24.5
ORD_014969,3.46,25,1,Windy,Medium,Evening Peak,Motorcycle,1.7,33.8
ORD_014970,4.21,10,2,Clear,Jam,Evening Peak,Scooter,3.7,29.4
ORD_014971,7.22,20,3,Rainy,Jam,Evening Peak,Motorcycle,5.8,58.0
ORD_014972,4.51,25,2,Clear,Medium,Evening Peak,Electric Bike,5.8,43.5
ORD_014973,4.77,10,2,Heavy Storm,Jam,Morning,Motorcycle,3.4,44.2
ORD_014974,7.72,15,2,Clear,Low,Evening Peak,Motorcycle,1.0,35.6
ORD_014975,6.33,20,3,Clear,Low,Morning,Motorcycle,3.0,31.1
ORD_014976,7.77,15,1,Windy,Medium,Evening Peak,Scooter,0.6,41.1
ORD_014977,2.94,15,3,Rainy,Medium,Evening Peak,Motorcycle,2.8,26.8
ORD_014978,5.07,25,6,Clear,Medium,Morning,Motorcycle,5.5,33.9
ORD_014979,4.98,20,3,Clear,Low,Afternoon,Motorcycle,3.1,35.2
ORD_014980,4.55,15,3,Foggy,Medium,Morning,Motorcycle,3.5,33.0
ORD_014981,4.09,25,1,Clear,Low,Afternoon,Motorcycle,1.4,34.4
ORD_014982,10.72,20,3,Foggy,Medium,Evening Peak,Motorcycle,0.6,58.4
ORD_014983,3.84,15,2,Clear,Medium,Afternoon,Electric Bike,6.0,29.8
ORD_014984,9.23,15,3,Windy,Low,Afternoon,Motorcycle,2.4,40.8
ORD_014985,13.68,20,1,Rainy,Medium,Evening Peak,Electric Bike,2.0,79.2
ORD_014986,2.6,15,3,Clear,High,Evening Peak,Motorcycle,3.6,26.5
ORD_014987,2.12,20,2,Rainy,High,Morning,Motorcycle,4.6,30.7
ORD_014988,1.43,15,3,Clear,Medium,Afternoon,Motorcycle,1.9,17.7
ORD_014989,9.15,15,3,Windy,Low,Late Night,Motorcycle,3.4,37.7
ORD_014990,9.29,15,3,Clear,Low,Evening Peak,Scooter,2.3,41.0
ORD_014991,2.68,30,5,Clear,Medium,Late Night,Scooter,3.1,39.6
ORD_014992,7.84,25,3,Windy,Medium,Evening Peak,Motorcycle,1.4,53.0
ORD_014993,3.16,20,2,Windy,Medium,Morning,Motorcycle,3.3,22.6
ORD_014994,5.18,20,2,Clear,Medium,Evening Peak,Electric Bike,0.8,42.3
ORD_014995,8.81,10,3,Clear,Medium,Morning,Motorcycle,5.1,35.7
ORD_014996,6.37,20,2,Clear,Low,Late Night,Motorcycle,4.0,32.8
ORD_014997,2.98,15,1,Clear,Medium,Afternoon,Scooter,5.7,22.3
ORD_014998,5.37,20,1,Clear,High,Evening Peak,Scooter,3.8,36.6
ORD_014999,4.04,25,2,Windy,Medium,Evening Peak,Electric Bike,1.5,40.5
ORD_015000,7.78,10,1,Rainy,Medium,Evening Peak,Motorcycle,3.2,39.6
